-- MySQL dump 10.13  Distrib 8.0.20, for Linux (x86_64)
--
-- Host: localhost    Database: vk
-- ------------------------------------------------------
-- Server version	8.0.20-0ubuntu0.20.04.1

/*!40101 SET @OLD_CHARACTER_SET_CLIENT=@@CHARACTER_SET_CLIENT */;
/*!40101 SET @OLD_CHARACTER_SET_RESULTS=@@CHARACTER_SET_RESULTS */;
/*!40101 SET @OLD_COLLATION_CONNECTION=@@COLLATION_CONNECTION */;
/*!50503 SET NAMES utf8mb4 */;
/*!40103 SET @OLD_TIME_ZONE=@@TIME_ZONE */;
/*!40103 SET TIME_ZONE='+00:00' */;
/*!40014 SET @OLD_UNIQUE_CHECKS=@@UNIQUE_CHECKS, UNIQUE_CHECKS=0 */;
/*!40014 SET @OLD_FOREIGN_KEY_CHECKS=@@FOREIGN_KEY_CHECKS, FOREIGN_KEY_CHECKS=0 */;
/*!40101 SET @OLD_SQL_MODE=@@SQL_MODE, SQL_MODE='NO_AUTO_VALUE_ON_ZERO' */;
/*!40111 SET @OLD_SQL_NOTES=@@SQL_NOTES, SQL_NOTES=0 */;

--
-- Table structure for table `communities`
--

DROP TABLE IF EXISTS `communities`;
/*!40101 SET @saved_cs_client     = @@character_set_client */;
/*!50503 SET character_set_client = utf8mb4 */;
CREATE TABLE `communities` (
  `id` int unsigned NOT NULL AUTO_INCREMENT COMMENT 'Идентификатор сроки',
  `name` varchar(150) CHARACTER SET utf8 COLLATE utf8_unicode_ci NOT NULL COMMENT 'Название группы',
  `created_at` datetime DEFAULT CURRENT_TIMESTAMP COMMENT 'Время создания строки',
  `updated_at` datetime DEFAULT CURRENT_TIMESTAMP ON UPDATE CURRENT_TIMESTAMP COMMENT 'Время обновления строки',
  PRIMARY KEY (`id`),
  UNIQUE KEY `name` (`name`)
) ENGINE=InnoDB AUTO_INCREMENT=101 DEFAULT CHARSET=utf8 COLLATE=utf8_unicode_ci COMMENT='Группы';
/*!40101 SET character_set_client = @saved_cs_client */;

--
-- Dumping data for table `communities`
--

LOCK TABLES `communities` WRITE;
/*!40000 ALTER TABLE `communities` DISABLE KEYS */;
INSERT INTO `communities` VALUES (1,'recusandae','2019-10-26 18:48:38','2020-03-04 20:54:25'),(2,'aut','2020-02-14 13:34:16','2020-05-09 07:28:27'),(3,'quia','2019-10-28 00:57:27','2020-03-26 13:03:07'),(4,'quibusdam','2020-03-27 23:10:31','2020-06-04 23:17:50'),(5,'ut','2019-09-26 03:31:10','2019-11-19 07:13:13'),(6,'voluptas','2020-01-21 02:47:04','2020-05-22 22:50:31'),(7,'dolor','2019-09-10 06:04:33','2020-06-02 21:14:05'),(8,'error','2020-06-19 19:49:56','2020-07-18 05:17:21'),(9,'odit','2019-11-09 00:02:56','2020-03-09 01:38:06'),(10,'laboriosam','2020-04-07 15:26:59','2019-08-24 21:40:08'),(11,'totam','2020-07-12 19:35:47','2020-06-23 23:09:42'),(12,'necessitatibus','2020-03-28 02:48:38','2019-11-04 02:45:37'),(13,'et','2020-04-08 18:01:16','2019-09-16 23:44:29'),(14,'dicta','2020-03-29 03:46:27','2019-12-19 17:19:34'),(15,'ullam','2019-08-21 15:25:03','2020-05-01 02:11:20'),(16,'consequatur','2020-05-17 23:40:38','2019-10-07 02:51:40'),(17,'fuga','2019-08-14 06:20:33','2020-06-13 06:43:21'),(18,'corporis','2019-10-26 03:52:57','2019-11-09 16:04:49'),(19,'omnis','2020-03-09 19:52:22','2020-02-07 20:20:41'),(20,'eaque','2020-03-20 00:23:35','2020-06-24 23:01:38');
/*!40000 ALTER TABLE `communities` ENABLE KEYS */;
UNLOCK TABLES;

--
-- Table structure for table `communities_users`
--

DROP TABLE IF EXISTS `communities_users`;
/*!40101 SET @saved_cs_client     = @@character_set_client */;
/*!50503 SET character_set_client = utf8mb4 */;
CREATE TABLE `communities_users` (
  `community_id` int unsigned NOT NULL COMMENT 'Ссылка на группу',
  `user_id` int unsigned NOT NULL COMMENT 'Ссылка на пользователя',
  `created_at` datetime DEFAULT CURRENT_TIMESTAMP COMMENT 'Время создания строки',
  PRIMARY KEY (`community_id`,`user_id`) COMMENT 'Составной первичный ключ'
) ENGINE=InnoDB DEFAULT CHARSET=utf8 COLLATE=utf8_unicode_ci COMMENT='Участники групп, связь между пользователями и группами';
/*!40101 SET character_set_client = @saved_cs_client */;

--
-- Dumping data for table `communities_users`
--

LOCK TABLES `communities_users` WRITE;
/*!40000 ALTER TABLE `communities_users` DISABLE KEYS */;
INSERT INTO `communities_users` VALUES (1,19,'2019-11-24 20:35:09'),(1,31,'2020-01-12 02:16:15'),(1,34,'2019-11-21 13:47:00'),(1,72,'2020-02-27 10:45:42'),(1,83,'2019-12-07 22:21:32'),(1,98,'2020-07-13 03:09:59'),(2,24,'2020-06-15 06:44:07'),(2,96,'2019-09-23 08:46:57'),(3,5,'2020-04-26 12:18:28'),(3,19,'2019-11-26 21:27:01'),(3,27,'2020-05-08 23:30:28'),(4,7,'2020-03-27 22:42:35'),(4,11,'2020-02-16 15:59:10'),(4,13,'2020-04-20 23:08:23'),(4,21,'2020-05-29 10:51:38'),(4,39,'2019-10-13 19:38:48'),(4,40,'2020-04-28 01:49:29'),(4,54,'2019-09-17 12:57:32'),(4,86,'2020-03-04 14:53:43'),(4,94,'2020-02-15 04:00:40'),(5,7,'2020-03-12 08:04:14'),(5,21,'2020-04-19 22:49:37'),(5,23,'2019-11-28 22:05:38'),(5,41,'2020-06-08 00:12:16'),(5,42,'2020-07-23 02:36:18'),(5,46,'2020-04-14 19:06:24'),(5,57,'2020-05-16 01:07:07'),(5,69,'2019-07-26 18:25:35'),(5,70,'2020-05-04 11:56:40'),(6,3,'2019-08-29 07:29:52'),(6,16,'2020-03-06 16:50:43'),(6,22,'2019-10-16 23:07:47'),(6,25,'2019-09-28 21:15:34'),(6,44,'2019-08-05 21:40:02'),(6,80,'2019-09-24 17:06:08'),(6,93,'2020-01-12 10:42:28'),(6,98,'2019-09-30 11:41:48'),(7,9,'2020-05-26 15:17:35'),(7,13,'2019-08-07 18:01:46'),(7,41,'2019-09-23 11:10:28'),(7,75,'2020-03-08 07:14:02'),(7,80,'2020-04-07 23:50:09'),(7,82,'2020-01-30 08:49:02'),(7,98,'2019-09-16 21:37:47'),(8,16,'2020-04-23 20:26:29'),(8,30,'2020-06-15 09:58:55'),(8,54,'2019-11-06 12:15:00'),(8,61,'2019-09-01 17:28:29'),(9,25,'2019-12-16 15:09:38'),(9,61,'2019-12-14 11:08:30'),(9,80,'2019-07-25 02:25:38'),(9,81,'2019-11-06 21:11:23'),(9,98,'2019-11-24 23:14:55'),(10,2,'2020-03-04 23:27:43'),(10,8,'2019-10-13 10:21:12'),(10,24,'2019-07-26 23:21:11'),(10,94,'2019-11-15 11:02:13'),(11,11,'2019-09-06 23:42:38'),(11,55,'2019-09-09 02:08:37'),(11,66,'2020-03-02 07:52:23'),(11,79,'2020-04-06 21:07:52'),(11,92,'2020-05-27 23:35:13'),(11,97,'2019-07-23 23:43:37'),(12,17,'2020-02-19 22:52:08'),(12,27,'2019-08-14 16:05:15'),(12,61,'2020-04-07 01:56:52'),(12,73,'2019-09-02 06:15:41'),(12,77,'2019-12-10 18:01:01'),(12,94,'2019-10-07 09:34:04'),(13,78,'2019-09-22 06:15:37'),(13,89,'2020-02-24 12:56:58'),(13,90,'2019-10-27 01:36:55'),(14,28,'2019-08-02 15:19:21'),(14,62,'2019-10-21 16:48:43'),(15,6,'2019-08-01 01:03:18'),(15,28,'2020-06-05 18:22:38'),(15,32,'2020-02-15 18:53:11'),(16,14,'2020-02-09 16:49:18'),(16,17,'2020-04-19 03:10:35'),(16,43,'2019-10-18 00:59:59'),(17,10,'2019-09-07 15:39:55'),(17,43,'2020-05-14 22:37:33'),(17,71,'2020-04-18 00:53:26'),(17,98,'2020-07-07 07:04:14'),(18,13,'2019-08-01 14:15:49'),(18,19,'2019-07-26 18:34:41'),(18,81,'2019-12-28 05:38:40'),(18,91,'2020-04-28 11:56:09'),(18,99,'2020-03-07 09:21:29'),(19,12,'2019-12-23 00:10:34'),(19,13,'2019-08-27 10:33:38'),(19,33,'2019-10-24 10:50:03'),(19,45,'2020-01-09 12:42:02'),(19,57,'2020-06-14 19:50:39'),(20,58,'2020-07-15 12:08:12'),(20,76,'2020-04-04 14:01:23'),(20,91,'2020-05-19 12:41:20'),(20,93,'2019-12-14 10:29:42');
/*!40000 ALTER TABLE `communities_users` ENABLE KEYS */;
UNLOCK TABLES;

--
-- Table structure for table `friendship`
--

DROP TABLE IF EXISTS `friendship`;
/*!40101 SET @saved_cs_client     = @@character_set_client */;
/*!50503 SET character_set_client = utf8mb4 */;
CREATE TABLE `friendship` (
  `user_id` int unsigned NOT NULL COMMENT 'Ссылка на инициатора дружеских отношений',
  `friend_id` int unsigned NOT NULL COMMENT 'Ссылка на получателя приглашения дружить',
  `status_id` int unsigned NOT NULL COMMENT 'Ссылка на статус (текущее состояние) отношений',
  `requested_at` datetime DEFAULT CURRENT_TIMESTAMP COMMENT 'Время отправления приглашения дружить',
  `confirmed_at` datetime DEFAULT NULL COMMENT 'Время подтверждения приглашения',
  `updated_at` datetime DEFAULT CURRENT_TIMESTAMP ON UPDATE CURRENT_TIMESTAMP COMMENT 'Время обновления строки',
  PRIMARY KEY (`user_id`,`friend_id`) COMMENT 'Составной первичный ключ'
) ENGINE=InnoDB DEFAULT CHARSET=utf8 COLLATE=utf8_unicode_ci COMMENT='Таблица дружбы';
/*!40101 SET character_set_client = @saved_cs_client */;

--
-- Dumping data for table `friendship`
--

LOCK TABLES `friendship` WRITE;
/*!40000 ALTER TABLE `friendship` DISABLE KEYS */;
INSERT INTO `friendship` VALUES (1,16,2,'2019-08-24 14:38:15','2019-12-17 10:49:05','2020-07-28 22:09:20'),(1,61,3,'2020-02-06 12:18:48','2019-12-15 01:48:21','2020-07-28 22:09:20'),(2,99,1,'2019-08-03 11:49:08','2019-10-03 02:23:10','2020-07-28 22:09:20'),(4,35,3,'2019-08-29 13:09:46','2019-10-08 11:28:30','2020-07-28 22:09:20'),(5,95,3,'2020-02-02 14:18:42','2020-04-05 11:44:49','2020-07-28 22:09:20'),(7,27,3,'2020-05-09 05:13:58','2019-09-08 06:57:31','2020-07-28 22:09:20'),(7,41,2,'2020-02-07 01:53:56','2019-12-30 19:20:36','2020-07-28 22:08:54'),(7,73,1,'2020-07-17 21:47:50','2020-05-13 01:47:15','2020-07-28 22:09:20'),(9,92,2,'2019-11-10 14:35:22','2020-01-17 03:13:30','2020-07-28 22:09:20'),(15,16,3,'2020-02-03 10:44:41','2020-01-07 17:58:54','2020-07-28 22:09:20'),(15,72,3,'2020-02-05 01:45:46','2019-12-14 15:06:04','2020-07-28 22:09:20'),(16,59,1,'2020-04-03 09:26:34','2020-01-18 15:57:22','2020-07-28 22:09:20'),(16,80,1,'2019-12-18 07:17:30','2019-08-05 06:28:13','2020-07-28 22:09:20'),(17,37,2,'2020-07-18 23:03:43','2020-07-22 21:54:59','2020-07-28 22:09:20'),(17,48,3,'2019-08-06 08:21:42','2019-10-12 18:43:02','2020-07-28 22:09:20'),(17,84,2,'2020-02-14 22:44:42','2020-03-27 10:45:52','2020-07-28 22:09:20'),(18,15,1,'2020-03-10 09:07:49','2019-09-06 14:33:59','2020-07-28 22:09:20'),(18,73,3,'2020-06-22 09:23:14','2019-12-01 14:07:02','2020-07-28 22:09:20'),(18,74,2,'2019-11-22 12:23:43','2019-08-29 23:32:29','2020-07-28 22:08:54'),(18,85,3,'2019-10-25 07:50:58','2020-02-01 02:17:16','2020-07-28 22:09:20'),(19,24,1,'2020-03-30 07:45:06','2019-12-31 09:20:09','2020-07-28 22:09:20'),(19,37,1,'2020-04-23 04:38:45','2020-07-16 09:22:46','2020-07-28 22:09:20'),(20,45,1,'2020-05-19 10:42:53','2020-04-19 10:17:33','2020-07-28 22:09:20'),(21,5,3,'2020-05-23 13:30:33','2020-01-08 21:47:42','2020-07-28 22:09:20'),(21,59,3,'2020-04-07 19:00:19','2019-08-07 10:27:05','2020-07-28 22:09:20'),(21,95,1,'2020-05-21 21:15:02','2020-03-20 12:30:00','2020-07-28 22:09:20'),(22,92,1,'2020-05-04 21:11:16','2020-05-27 06:32:14','2020-07-28 22:09:20'),(25,66,3,'2019-10-03 16:18:56','2019-10-19 04:17:02','2020-07-28 22:09:20'),(25,81,1,'2020-01-24 18:27:14','2020-03-08 10:47:41','2020-07-28 22:09:20'),(26,14,2,'2020-04-06 09:45:30','2020-01-25 05:54:15','2020-07-28 22:08:54'),(27,54,2,'2020-07-02 15:20:10','2019-10-25 11:23:46','2020-07-28 22:09:20'),(27,69,2,'2019-11-25 16:36:13','2019-08-02 20:59:31','2020-07-28 22:09:20'),(28,2,3,'2020-04-17 12:14:21','2020-02-03 23:45:45','2020-07-28 22:09:20'),(30,6,3,'2020-02-20 11:40:30','2019-07-30 10:37:17','2020-07-28 22:09:20'),(30,55,2,'2020-06-24 11:08:38','2020-05-19 17:15:28','2020-07-28 22:09:20'),(31,82,2,'2019-12-13 16:02:48','2020-02-26 17:23:17','2020-07-28 22:09:20'),(33,94,1,'2020-06-30 00:05:01','2019-12-22 14:58:47','2020-07-28 22:09:20'),(34,35,1,'2020-01-18 16:18:00','2019-08-12 17:50:09','2020-07-28 22:09:20'),(36,78,3,'2019-09-14 07:30:33','2020-01-02 13:30:04','2020-07-28 22:08:54'),(37,94,1,'2020-02-17 03:33:51','2019-08-07 11:48:46','2020-07-28 22:09:20'),(38,77,2,'2020-01-18 01:52:10','2019-09-02 19:00:45','2020-07-28 22:09:20'),(40,96,1,'2020-07-03 10:02:27','2020-02-27 19:06:41','2020-07-28 22:09:20'),(41,46,3,'2019-10-31 16:02:00','2019-08-19 04:42:07','2020-07-28 22:09:20'),(42,21,3,'2020-04-06 19:36:25','2020-02-11 00:51:12','2020-07-28 22:09:20'),(42,39,2,'2019-09-11 14:03:42','2020-01-20 11:15:47','2020-07-28 22:09:20'),(43,20,3,'2019-11-20 10:11:17','2020-02-15 15:47:44','2020-07-28 22:09:20'),(43,96,3,'2020-04-05 10:57:23','2020-05-10 00:57:22','2020-07-28 22:09:20'),(44,91,1,'2020-01-07 16:57:07','2019-08-28 05:14:21','2020-07-28 22:08:54'),(45,28,2,'2019-11-07 23:07:31','2019-12-07 20:22:55','2020-07-28 22:09:20'),(45,36,1,'2019-09-04 00:27:51','2019-10-30 00:27:38','2020-07-28 22:09:20'),(47,69,2,'2020-01-02 05:58:15','2020-01-22 06:00:32','2020-07-28 22:09:20'),(48,77,1,'2020-03-20 12:00:42','2019-11-23 02:40:21','2020-07-28 22:08:54'),(49,49,1,'2020-06-01 17:24:08','2020-03-21 15:20:37','2020-07-28 22:09:20'),(49,82,3,'2019-11-21 05:18:18','2020-01-25 18:33:06','2020-07-28 22:09:20'),(50,25,3,'2020-07-14 10:14:48','2020-07-01 15:16:05','2020-07-28 22:09:20'),(50,74,3,'2019-11-15 09:11:16','2020-02-13 21:55:08','2020-07-28 22:09:20'),(52,13,2,'2020-05-20 13:53:34','2020-02-17 06:07:51','2020-07-28 22:09:20'),(53,66,3,'2020-06-05 14:41:07','2020-01-05 06:22:26','2020-07-28 22:09:20'),(55,46,2,'2019-12-09 23:33:07','2019-10-12 16:00:18','2020-07-28 22:09:20'),(55,88,2,'2020-07-13 02:18:45','2020-01-03 07:10:21','2020-07-28 22:08:54'),(56,69,2,'2020-02-26 20:47:38','2020-02-07 23:39:43','2020-07-28 22:09:20'),(57,19,2,'2020-01-30 03:08:12','2020-04-14 15:43:41','2020-07-28 22:09:20'),(58,9,2,'2019-12-30 03:35:33','2019-12-26 09:54:49','2020-07-28 22:09:20'),(58,62,3,'2019-09-03 16:16:45','2019-08-05 02:15:17','2020-07-28 22:09:20'),(62,19,1,'2019-10-23 19:08:52','2019-10-17 08:25:28','2020-07-28 22:09:20'),(62,100,1,'2020-06-16 16:45:31','2019-09-17 02:56:53','2020-07-28 22:08:54'),(63,30,1,'2019-09-12 19:00:17','2020-04-05 19:03:48','2020-07-28 22:09:20'),(64,39,3,'2020-03-21 21:18:51','2020-07-20 14:00:57','2020-07-28 22:09:20'),(65,91,3,'2019-11-02 23:41:34','2020-05-07 09:45:52','2020-07-28 22:09:20'),(67,31,2,'2019-10-25 04:45:53','2019-11-15 12:43:54','2020-07-28 22:09:20'),(68,68,1,'2020-01-18 03:35:57','2020-07-09 21:08:38','2020-07-28 22:09:20'),(69,50,1,'2019-10-24 15:33:55','2020-01-17 14:49:57','2020-07-28 22:09:20'),(71,80,2,'2020-04-20 08:09:06','2020-01-06 00:36:42','2020-07-28 22:09:20'),(73,89,3,'2019-07-25 01:13:46','2019-12-05 00:01:13','2020-07-28 22:09:20'),(74,68,3,'2020-06-20 23:20:55','2020-04-10 08:17:10','2020-07-28 22:09:20'),(78,93,1,'2020-05-11 03:39:00','2020-07-02 05:36:25','2020-07-28 22:09:20'),(79,20,1,'2019-09-25 14:15:40','2019-10-22 23:48:31','2020-07-28 22:09:20'),(80,92,1,'2020-03-13 02:23:54','2020-03-04 16:57:33','2020-07-28 22:09:20'),(81,78,3,'2019-10-22 03:30:26','2019-12-04 22:59:46','2020-07-28 22:09:20'),(82,98,2,'2019-10-28 16:27:34','2019-09-24 01:28:56','2020-07-28 22:09:20'),(83,28,2,'2020-02-07 06:01:54','2020-04-12 00:52:11','2020-07-28 22:09:20'),(84,73,2,'2020-01-02 08:16:27','2020-03-06 05:59:19','2020-07-28 22:09:20'),(85,32,3,'2020-04-29 03:07:31','2019-12-11 22:57:32','2020-07-28 22:09:20'),(85,71,2,'2020-07-15 19:47:03','2019-10-16 22:37:52','2020-07-28 22:09:20'),(87,50,1,'2019-11-15 17:29:05','2020-02-24 06:28:55','2020-07-28 22:08:54'),(87,60,3,'2020-02-23 19:07:21','2019-09-27 09:38:11','2020-07-28 22:09:20'),(87,88,3,'2020-02-26 02:07:58','2020-01-17 22:40:07','2020-07-28 22:09:20'),(89,37,3,'2020-03-29 03:54:35','2020-04-26 09:54:46','2020-07-28 22:09:20'),(90,5,1,'2020-03-07 10:26:48','2020-06-28 02:43:04','2020-07-28 22:08:54'),(91,32,1,'2020-04-03 23:34:32','2020-01-18 12:59:31','2020-07-28 22:09:20'),(92,35,3,'2019-10-02 01:11:50','2019-07-24 03:50:34','2020-07-28 22:09:20'),(94,66,2,'2019-11-29 03:35:40','2020-04-06 09:12:57','2020-07-28 22:09:20'),(96,19,3,'2019-12-27 20:45:49','2019-09-16 18:59:06','2020-07-28 22:09:20'),(96,28,3,'2019-11-05 15:00:16','2020-02-17 10:43:16','2020-07-28 22:08:54'),(99,57,1,'2019-11-11 22:13:52','2019-10-17 12:05:50','2020-07-28 22:09:20'),(100,34,2,'2019-09-05 08:29:58','2019-12-16 13:20:29','2020-07-28 22:09:20'),(100,65,1,'2020-04-29 06:31:56','2019-11-17 22:28:40','2020-07-28 22:09:20');
/*!40000 ALTER TABLE `friendship` ENABLE KEYS */;
UNLOCK TABLES;

--
-- Table structure for table `friendship_statuses`
--

DROP TABLE IF EXISTS `friendship_statuses`;
/*!40101 SET @saved_cs_client     = @@character_set_client */;
/*!50503 SET character_set_client = utf8mb4 */;
CREATE TABLE `friendship_statuses` (
  `id` int unsigned NOT NULL AUTO_INCREMENT COMMENT 'Идентификатор строки',
  `name` varchar(150) CHARACTER SET utf8 COLLATE utf8_unicode_ci NOT NULL COMMENT 'Название статуса',
  `created_at` datetime DEFAULT CURRENT_TIMESTAMP COMMENT 'Время создания строки',
  `updated_at` datetime DEFAULT CURRENT_TIMESTAMP ON UPDATE CURRENT_TIMESTAMP COMMENT 'Время обновления строки',
  PRIMARY KEY (`id`),
  UNIQUE KEY `name` (`name`)
) ENGINE=InnoDB AUTO_INCREMENT=4 DEFAULT CHARSET=utf8 COLLATE=utf8_unicode_ci COMMENT='Статусы дружбы';
/*!40101 SET character_set_client = @saved_cs_client */;

--
-- Dumping data for table `friendship_statuses`
--

LOCK TABLES `friendship_statuses` WRITE;
/*!40000 ALTER TABLE `friendship_statuses` DISABLE KEYS */;
INSERT INTO `friendship_statuses` VALUES (1,'Requested','2020-07-28 22:07:20','2020-07-28 22:07:20'),(2,'Confirmed','2020-07-28 22:07:20','2020-07-28 22:07:20'),(3,'Rejected','2020-07-28 22:07:20','2020-07-28 22:07:20');
/*!40000 ALTER TABLE `friendship_statuses` ENABLE KEYS */;
UNLOCK TABLES;

--
-- Table structure for table `media`
--

DROP TABLE IF EXISTS `media`;
/*!40101 SET @saved_cs_client     = @@character_set_client */;
/*!50503 SET character_set_client = utf8mb4 */;
CREATE TABLE `media` (
  `id` int unsigned NOT NULL AUTO_INCREMENT COMMENT 'Идентификатор строки',
  `user_id` int unsigned NOT NULL COMMENT 'Ссылка на пользователя, который загрузил файл',
  `filename` varchar(255) CHARACTER SET utf8 COLLATE utf8_unicode_ci NOT NULL COMMENT 'Путь к файлу',
  `size` int NOT NULL COMMENT 'Размер файла',
  `metadata` json DEFAULT NULL,
  `media_type_id` int unsigned NOT NULL COMMENT 'Ссылка на тип контента',
  `created_at` datetime DEFAULT CURRENT_TIMESTAMP COMMENT 'Время создания строки',
  `updated_at` datetime DEFAULT CURRENT_TIMESTAMP ON UPDATE CURRENT_TIMESTAMP COMMENT 'Время обновления строки',
  PRIMARY KEY (`id`),
  CONSTRAINT `media_chk_1` CHECK (json_valid(`metadata`))
) ENGINE=InnoDB AUTO_INCREMENT=101 DEFAULT CHARSET=utf8 COLLATE=utf8_unicode_ci COMMENT='Медиафайлы';
/*!40101 SET character_set_client = @saved_cs_client */;

--
-- Dumping data for table `media`
--

LOCK TABLES `media` WRITE;
/*!40000 ALTER TABLE `media` DISABLE KEYS */;
INSERT INTO `media` VALUES (1,97,'https://dropbox/vk/application/vnd.ms-cab-compressed.doc',1782,'{\"owner\": \"Marvin Clair\"}',4,'2019-11-25 16:33:06','2020-07-28 21:56:15'),(2,23,'https://dropbox/vk/application/vnd.sema.doc',33135,'{\"owner\": \"Emmerich Cayla\"}',2,'2020-01-18 16:10:40','2020-07-28 21:56:15'),(3,8,'https://dropbox/vk/image/x-freehand.mp4',24463,'{\"owner\": \"Watsica Gianni\"}',1,'2020-05-22 23:58:41','2020-07-28 21:56:15'),(4,13,'https://dropbox/vk/video/x-flv.jpeg',26577,'{\"owner\": \"Aufderhar Nettie\"}',2,'2020-05-11 11:19:34','2020-07-28 21:56:15'),(5,53,'https://dropbox/vk/application/vnd.ms-lrm.doc',7997,'{\"owner\": \"Sawayn Zachery\"}',4,'2020-03-14 14:47:23','2020-07-28 21:56:15'),(6,47,'https://dropbox/vk/image/x-pict.doc',18990,'{\"owner\": \"Gutmann Prudence\"}',3,'2020-03-13 23:47:57','2020-07-28 21:56:15'),(7,5,'https://dropbox/vk/audio/x-matroska.png',7253,'{\"owner\": \"Bergstrom Mitchell\"}',1,'2019-09-06 19:09:53','2020-07-28 21:56:15'),(8,24,'https://dropbox/vk/text/vnd.in3d.spot.png',36183,'{\"owner\": \"Oberbrunner Brenda\"}',2,'2019-10-24 14:57:30','2020-07-28 21:56:15'),(9,31,'https://dropbox/vk/video/3gpp2.jpeg',34933,'{\"owner\": \"Ernser Harrison\"}',4,'2020-04-12 20:46:45','2020-07-28 21:56:15'),(10,4,'https://dropbox/vk/text/tab-separated-values.avi',36250,'{\"owner\": \"Kuhic Bernhard\"}',1,'2020-01-22 05:04:41','2020-07-28 21:56:15'),(11,10,'https://dropbox/vk/application/vnd.ms-pki.seccat.png',33249,'{\"owner\": \"Abbott Hailie\"}',3,'2019-09-21 19:50:25','2020-07-28 21:56:15'),(12,84,'https://dropbox/vk/image/x-mrsid-image.mp3',1773,'{\"owner\": \"Ward Reagan\"}',1,'2020-06-25 06:20:40','2020-07-28 21:56:15'),(13,21,'https://dropbox/vk/text/vnd.curl.mcurl.mp4',7344,'{\"owner\": \"Schiller Korey\"}',5,'2020-04-21 03:53:39','2020-07-28 21:56:15'),(14,34,'https://dropbox/vk/application/vnd.denovo.fcselayout-link.avi',2855,'{\"owner\": \"Bauch Pete\"}',2,'2020-01-24 02:07:24','2020-07-28 21:56:15'),(15,40,'https://dropbox/vk/application/x-research-info-systems.avi',16331,'{\"owner\": \"Wisoky Kristina\"}',3,'2020-04-12 12:33:02','2020-07-28 21:56:15'),(16,5,'https://dropbox/vk/text/x-vcard.avi',31902,'{\"owner\": \"Bergstrom Mitchell\"}',5,'2019-12-31 10:43:44','2020-07-28 21:56:15'),(17,66,'https://dropbox/vk/text/css.doc',12747,'{\"owner\": \"Hessel Isaac\"}',1,'2019-11-11 01:17:50','2020-07-28 21:56:15'),(18,25,'https://dropbox/vk/application/vnd.llamagraphics.life-balance.exchange+xml.png',8359,'{\"owner\": \"Metz Winona\"}',2,'2019-07-29 08:55:03','2020-07-28 21:56:15'),(19,91,'https://dropbox/vk/application/vnd.xfdl.mp3',36986,'{\"owner\": \"Ratke Saul\"}',5,'2020-01-21 17:19:45','2020-07-28 21:56:15'),(20,59,'https://dropbox/vk/application/vnd.ms-artgalry.doc',28167,'{\"owner\": \"Crona Hollis\"}',1,'2019-08-16 09:26:57','2020-07-28 21:56:15'),(21,50,'https://dropbox/vk/audio/mpeg.avi',15141,'{\"owner\": \"Anderson Jess\"}',1,'2019-10-09 09:17:10','2020-07-28 21:56:15'),(22,4,'https://dropbox/vk/image/x-rgb.mp4',18184,'{\"owner\": \"Kuhic Bernhard\"}',5,'2019-12-12 20:02:15','2020-07-28 21:56:15'),(23,97,'https://dropbox/vk/application/vnd.dece.data.doc',29583,'{\"owner\": \"Marvin Clair\"}',4,'2019-07-23 19:32:04','2020-07-28 21:56:15'),(24,36,'https://dropbox/vk/application/x-bittorrent.avi',13766,'{\"owner\": \"Mann Blanche\"}',2,'2020-02-05 03:23:50','2020-07-28 21:56:15'),(25,60,'https://dropbox/vk/application/pskc+xml.mp3',34644,'{\"owner\": \"Ullrich Koby\"}',5,'2020-02-21 18:08:29','2020-07-28 21:56:15'),(26,21,'https://dropbox/vk/application/vnd.fdsn.mseed.avi',22537,'{\"owner\": \"Schiller Korey\"}',4,'2020-03-31 16:27:46','2020-07-28 21:56:15'),(27,89,'https://dropbox/vk/application/vnd.rn-realmedia-vbr.png',14778,'{\"owner\": \"Dooley Juliet\"}',4,'2019-09-11 12:17:18','2020-07-28 21:56:15'),(28,73,'https://dropbox/vk/application/wsdl+xml.jpeg',1736,'{\"owner\": \"Conn Tressie\"}',4,'2020-05-15 09:14:43','2020-07-28 21:56:15'),(29,99,'https://dropbox/vk/application/vnd.dna.mp3',33247,'{\"owner\": \"Corwin Kathlyn\"}',5,'2020-03-19 06:58:19','2020-07-28 21:56:15'),(30,3,'https://dropbox/vk/audio/ogg.mp4',25585,'{\"owner\": \"Koelpin Annabel\"}',3,'2019-09-05 16:33:57','2020-07-28 21:56:15'),(31,47,'https://dropbox/vk/application/x-java-jnlp-file.jpeg',34123,'{\"owner\": \"Gutmann Prudence\"}',1,'2019-11-23 19:40:51','2020-07-28 21:56:15'),(32,75,'https://dropbox/vk/application/vnd.ms-excel.addin.macroenabled.12.mp3',15835,'{\"owner\": \"Ernser Maudie\"}',1,'2020-05-19 13:43:51','2020-07-28 21:56:15'),(33,35,'https://dropbox/vk/application/vnd.umajin.png',28086,'{\"owner\": \"Stamm Kamille\"}',1,'2019-09-14 02:39:22','2020-07-28 21:56:15'),(34,86,'https://dropbox/vk/application/vnd.llamagraphics.life-balance.desktop.mp4',21577,'{\"owner\": \"Kertzmann Yesenia\"}',4,'2019-12-22 12:12:11','2020-07-28 21:56:15'),(35,35,'https://dropbox/vk/application/vnd.ezpix-package.avi',31613,'{\"owner\": \"Stamm Kamille\"}',5,'2020-07-16 02:08:57','2020-07-28 21:56:15'),(36,68,'https://dropbox/vk/application/vnd.rn-realmedia.jpeg',11586,'{\"owner\": \"Brekke Everett\"}',4,'2019-12-12 14:42:54','2020-07-28 21:56:15'),(37,49,'https://dropbox/vk/text/turtle.png',1610,'{\"owner\": \"Haag Dale\"}',2,'2020-03-27 06:05:16','2020-07-28 21:56:15'),(38,38,'https://dropbox/vk/audio/mpeg.mp3',7068,'{\"owner\": \"Kulas Moses\"}',1,'2020-04-13 03:19:49','2020-07-28 21:56:15'),(39,99,'https://dropbox/vk/application/vnd.ezpix-package.mp4',21415,'{\"owner\": \"Corwin Kathlyn\"}',4,'2019-07-28 00:51:27','2020-07-28 21:56:15'),(40,73,'https://dropbox/vk/text/sgml.avi',14916,'{\"owner\": \"Conn Tressie\"}',1,'2020-01-09 19:45:52','2020-07-28 21:56:15'),(41,13,'https://dropbox/vk/application/epub+zip.png',32605,'{\"owner\": \"Aufderhar Nettie\"}',2,'2019-12-19 13:13:05','2020-07-28 21:56:15'),(42,27,'https://dropbox/vk/application/vnd.openxmlformats-officedocument.presentationml.presentation.avi',28660,'{\"owner\": \"Gorczany Elmo\"}',4,'2020-07-14 11:16:06','2020-07-28 21:56:15'),(43,99,'https://dropbox/vk/image/ktx.mp3',37510,'{\"owner\": \"Corwin Kathlyn\"}',1,'2020-06-18 08:55:52','2020-07-28 21:56:15'),(44,10,'https://dropbox/vk/model/mesh.doc',2068,'{\"owner\": \"Abbott Hailie\"}',5,'2019-12-15 13:02:56','2020-07-28 21:56:15'),(45,5,'https://dropbox/vk/image/x-portable-bitmap.jpeg',18412,'{\"owner\": \"Bergstrom Mitchell\"}',1,'2020-04-10 22:08:57','2020-07-28 21:56:15'),(46,35,'https://dropbox/vk/application/vnd.vsf.jpeg',27271,'{\"owner\": \"Stamm Kamille\"}',4,'2019-10-02 23:43:49','2020-07-28 21:56:15'),(47,19,'https://dropbox/vk/text/prs.lines.tag.jpeg',29656,'{\"owner\": \"Dach Dortha\"}',1,'2020-05-14 02:45:01','2020-07-28 21:56:15'),(48,64,'https://dropbox/vk/application/zip.doc',34416,'{\"owner\": \"Veum Douglas\"}',4,'2020-05-27 13:49:42','2020-07-28 21:56:15'),(49,8,'https://dropbox/vk/application/vnd.syncml.dm+wbxml.mp3',29264,'{\"owner\": \"Watsica Gianni\"}',4,'2020-06-08 14:42:37','2020-07-28 21:56:15'),(50,78,'https://dropbox/vk/application/x-shockwave-flash.mp3',88,'{\"owner\": \"Nikolaus Carleton\"}',2,'2019-12-04 14:14:57','2020-07-28 21:56:15'),(51,93,'https://dropbox/vk/application/vnd.las.las+xml.png',26038,'{\"owner\": \"Sawayn Rickie\"}',4,'2019-12-13 15:21:25','2020-07-28 21:56:15'),(52,26,'https://dropbox/vk/application/vnd.kde.karbon.jpeg',7892,'{\"owner\": \"Littel Beth\"}',3,'2020-05-01 14:11:52','2020-07-28 21:56:15'),(53,16,'https://dropbox/vk/image/vnd.dvb.subtitle.png',2977,'{\"owner\": \"Pfeffer Orland\"}',3,'2020-04-29 07:03:49','2020-07-28 21:56:15'),(54,88,'https://dropbox/vk/image/vnd.fujixerox.edmics-mmr.doc',6695,'{\"owner\": \"Keebler Elody\"}',1,'2019-12-04 07:15:38','2020-07-28 21:56:15'),(55,37,'https://dropbox/vk/application/xproc+xml.doc',5920,'{\"owner\": \"Kirlin Patience\"}',1,'2019-12-16 22:05:47','2020-07-28 21:56:15'),(56,72,'https://dropbox/vk/application/vnd.epson.salt.png',7824,'{\"owner\": \"Casper Abigail\"}',4,'2019-11-23 12:06:29','2020-07-28 21:56:15'),(57,55,'https://dropbox/vk/application/vnd.sus-calendar.jpeg',7571,'{\"owner\": \"Herzog Ebba\"}',4,'2020-01-31 17:04:37','2020-07-28 21:56:15'),(58,51,'https://dropbox/vk/image/vnd.fujixerox.edmics-mmr.mp4',8682,'{\"owner\": \"Ward Jovany\"}',5,'2020-05-27 11:09:01','2020-07-28 21:56:15'),(59,97,'https://dropbox/vk/application/vnd.oasis.opendocument.image-template.doc',11898,'{\"owner\": \"Marvin Clair\"}',2,'2019-10-20 20:51:44','2020-07-28 21:56:15'),(60,50,'https://dropbox/vk/application/vnd.iccprofile.avi',7752,'{\"owner\": \"Anderson Jess\"}',5,'2019-09-27 12:05:00','2020-07-28 21:56:15'),(61,72,'https://dropbox/vk/application/vnd.semf.png',14498,'{\"owner\": \"Casper Abigail\"}',1,'2019-10-07 17:01:36','2020-07-28 21:56:15'),(62,52,'https://dropbox/vk/application/vnd.llamagraphics.life-balance.exchange+xml.avi',31096,'{\"owner\": \"Anderson Taurean\"}',3,'2020-03-23 18:46:19','2020-07-28 21:56:15'),(63,93,'https://dropbox/vk/application/vnd.dolby.mlp.avi',21557,'{\"owner\": \"Sawayn Rickie\"}',3,'2020-03-10 01:34:26','2020-07-28 21:56:15'),(64,44,'https://dropbox/vk/application/vnd.oasis.opendocument.presentation.doc',38459,'{\"owner\": \"Runte Ada\"}',3,'2020-03-22 20:19:53','2020-07-28 21:56:15'),(65,65,'https://dropbox/vk/video/x-msvideo.mp3',2643,'{\"owner\": \"Schmeler Lonny\"}',2,'2020-02-20 04:49:31','2020-07-28 21:56:15'),(66,42,'https://dropbox/vk/application/x-rar-compressed.avi',22360,'{\"owner\": \"Eichmann Jordy\"}',1,'2019-09-26 01:46:45','2020-07-28 21:56:15'),(67,67,'https://dropbox/vk/application/vnd.lotus-organizer.jpeg',32517,'{\"owner\": \"Bergstrom Deborah\"}',4,'2019-10-07 03:17:28','2020-07-28 21:56:15'),(68,99,'https://dropbox/vk/application/vnd.musician.mp3',22265,'{\"owner\": \"Corwin Kathlyn\"}',1,'2020-04-24 17:22:47','2020-07-28 21:56:15'),(69,31,'https://dropbox/vk/application/vnd.syncml.dm+xml.png',18787,'{\"owner\": \"Ernser Harrison\"}',4,'2019-07-24 13:03:44','2020-07-28 21:56:15'),(70,97,'https://dropbox/vk/application/zip.doc',30370,'{\"owner\": \"Marvin Clair\"}',2,'2019-12-12 02:56:43','2020-07-28 21:56:15'),(71,46,'https://dropbox/vk/application/xcap-diff+xml.avi',14226,'{\"owner\": \"Ortiz Daphney\"}',5,'2019-09-16 18:14:51','2020-07-28 21:56:15'),(72,17,'https://dropbox/vk/application/vnd.sema.mp3',12479,'{\"owner\": \"Schaefer Verdie\"}',4,'2019-09-28 13:09:45','2020-07-28 21:56:15'),(73,66,'https://dropbox/vk/application/xml-dtd.jpeg',1547,'{\"owner\": \"Hessel Isaac\"}',2,'2020-03-03 03:08:35','2020-07-28 21:56:15'),(74,53,'https://dropbox/vk/application/vnd.flographit.mp3',21311,'{\"owner\": \"Sawayn Zachery\"}',1,'2020-05-03 11:27:31','2020-07-28 21:56:15'),(75,26,'https://dropbox/vk/audio/x-aac.doc',23075,'{\"owner\": \"Littel Beth\"}',1,'2020-02-14 08:49:56','2020-07-28 21:56:15'),(76,63,'https://dropbox/vk/application/vnd.fluxtime.clip.avi',34171,'{\"owner\": \"Wehner Maci\"}',5,'2020-01-15 10:20:09','2020-07-28 21:56:15'),(77,86,'https://dropbox/vk/application/vnd.kidspiration.jpeg',5691,'{\"owner\": \"Kertzmann Yesenia\"}',2,'2020-02-15 07:11:07','2020-07-28 21:56:15'),(78,87,'https://dropbox/vk/text/vnd.curl.mcurl.avi',3294,'{\"owner\": \"Oberbrunner Buddy\"}',2,'2019-09-14 22:30:06','2020-07-28 21:56:15'),(79,30,'https://dropbox/vk/application/vnd.openxmlformats-officedocument.presentationml.template.doc',14042,'{\"owner\": \"Fay Horace\"}',3,'2019-09-03 06:45:39','2020-07-28 21:56:15'),(80,79,'https://dropbox/vk/video/x-flv.jpeg',6732,'{\"owner\": \"Strosin Madelyn\"}',1,'2020-02-08 23:45:25','2020-07-28 21:56:15'),(81,51,'https://dropbox/vk/application/vnd.ms-word.document.macroenabled.12.png',34970,'{\"owner\": \"Ward Jovany\"}',4,'2020-01-18 05:09:08','2020-07-28 21:56:15'),(82,51,'https://dropbox/vk/application/x-bittorrent.mp3',4883,'{\"owner\": \"Ward Jovany\"}',3,'2019-09-24 14:53:02','2020-07-28 21:56:15'),(83,88,'https://dropbox/vk/video/x-ms-wm.jpeg',6104,'{\"owner\": \"Keebler Elody\"}',1,'2019-08-04 10:35:15','2020-07-28 21:56:15'),(84,100,'https://dropbox/vk/text/vcard.jpeg',22354,'{\"owner\": \"Ernser Berry\"}',2,'2020-01-07 14:19:16','2020-07-28 21:56:15'),(85,35,'https://dropbox/vk/audio/x-matroska.doc',31754,'{\"owner\": \"Stamm Kamille\"}',4,'2019-08-04 22:38:16','2020-07-28 21:56:15'),(86,86,'https://dropbox/vk/application/vnd.lotus-approach.avi',25883,'{\"owner\": \"Kertzmann Yesenia\"}',5,'2020-05-11 01:40:58','2020-07-28 21:56:15'),(87,64,'https://dropbox/vk/application/x-shockwave-flash.mp4',23424,'{\"owner\": \"Veum Douglas\"}',2,'2020-01-23 20:19:56','2020-07-28 21:56:15'),(88,81,'https://dropbox/vk/video/webm.avi',16538,'{\"owner\": \"Funk Salma\"}',4,'2020-07-01 16:14:49','2020-07-28 21:56:15'),(89,68,'https://dropbox/vk/image/vnd.ms-photo.avi',7418,'{\"owner\": \"Brekke Everett\"}',5,'2019-11-30 03:17:20','2020-07-28 21:56:15'),(90,91,'https://dropbox/vk/image/vnd.dvb.subtitle.mp3',11506,'{\"owner\": \"Ratke Saul\"}',1,'2019-09-04 10:54:15','2020-07-28 21:56:15'),(91,36,'https://dropbox/vk/application/vnd.dece.unspecified.doc',26713,'{\"owner\": \"Mann Blanche\"}',4,'2020-05-22 02:33:56','2020-07-28 21:56:15'),(92,91,'https://dropbox/vk/application/vnd.openxmlformats-officedocument.spreadsheetml.sheet.doc',4688,'{\"owner\": \"Ratke Saul\"}',1,'2020-07-13 20:01:48','2020-07-28 21:56:15'),(93,67,'https://dropbox/vk/video/x-ms-wvx.doc',34747,'{\"owner\": \"Bergstrom Deborah\"}',5,'2019-10-19 15:49:10','2020-07-28 21:56:15'),(94,100,'https://dropbox/vk/application/vnd.ms-pki.seccat.mp3',16717,'{\"owner\": \"Ernser Berry\"}',5,'2019-08-23 07:50:11','2020-07-28 21:56:15'),(95,8,'https://dropbox/vk/application/vnd.kinar.png',34638,'{\"owner\": \"Watsica Gianni\"}',4,'2020-06-06 00:14:59','2020-07-28 21:56:15'),(96,89,'https://dropbox/vk/application/x-gca-compressed.png',1995,'{\"owner\": \"Dooley Juliet\"}',5,'2019-11-17 07:11:31','2020-07-28 21:56:15'),(97,98,'https://dropbox/vk/application/vnd.sun.xml.calc.template.png',3371,'{\"owner\": \"Skiles Paul\"}',1,'2020-01-24 12:05:48','2020-07-28 21:56:15'),(98,76,'https://dropbox/vk/application/vnd.ms-pki.stl.doc',36757,'{\"owner\": \"Gutkowski Ernesto\"}',4,'2020-06-28 03:12:11','2020-07-28 21:56:15'),(99,88,'https://dropbox/vk/application/vnd.sun.xml.writer.template.jpeg',31613,'{\"owner\": \"Keebler Elody\"}',5,'2020-03-16 12:50:30','2020-07-28 21:56:15'),(100,3,'https://dropbox/vk/application/vnd.ms-project.mp3',23145,'{\"owner\": \"Koelpin Annabel\"}',1,'2019-09-04 14:42:37','2020-07-28 21:56:15');
/*!40000 ALTER TABLE `media` ENABLE KEYS */;
UNLOCK TABLES;

--
-- Table structure for table `media_types`
--

DROP TABLE IF EXISTS `media_types`;
/*!40101 SET @saved_cs_client     = @@character_set_client */;
/*!50503 SET character_set_client = utf8mb4 */;
CREATE TABLE `media_types` (
  `id` int unsigned NOT NULL AUTO_INCREMENT COMMENT 'Идентификатор строки',
  `name` varchar(255) CHARACTER SET utf8 COLLATE utf8_unicode_ci NOT NULL COMMENT 'Название типа',
  `created_at` datetime DEFAULT CURRENT_TIMESTAMP COMMENT 'Время создания строки',
  `updated_at` datetime DEFAULT CURRENT_TIMESTAMP ON UPDATE CURRENT_TIMESTAMP COMMENT 'Время обновления строки',
  PRIMARY KEY (`id`),
  UNIQUE KEY `name` (`name`)
) ENGINE=InnoDB AUTO_INCREMENT=9 DEFAULT CHARSET=utf8 COLLATE=utf8_unicode_ci COMMENT='Типы медиафайлов';
/*!40101 SET character_set_client = @saved_cs_client */;

--
-- Dumping data for table `media_types`
--

LOCK TABLES `media_types` WRITE;
/*!40000 ALTER TABLE `media_types` DISABLE KEYS */;
INSERT INTO `media_types` VALUES (1,'photo','2019-12-22 08:03:37','2020-07-28 19:52:06'),(2,'video','2020-01-27 05:28:52','2020-07-28 19:52:06'),(3,'audio','2019-11-04 05:45:22','2020-07-28 19:52:06'),(4,'document','2020-03-20 05:32:18','2020-07-28 19:52:06'),(5,'graffiti','2019-08-11 00:57:34','2020-07-28 19:52:06');
/*!40000 ALTER TABLE `media_types` ENABLE KEYS */;
UNLOCK TABLES;

--
-- Table structure for table `messages`
--

DROP TABLE IF EXISTS `messages`;
/*!40101 SET @saved_cs_client     = @@character_set_client */;
/*!50503 SET character_set_client = utf8mb4 */;
CREATE TABLE `messages` (
  `id` int unsigned NOT NULL AUTO_INCREMENT COMMENT 'Идентификатор строки',
  `from_user_id` int unsigned NOT NULL COMMENT 'Ссылка на отправителя сообщения',
  `to_user_id` int unsigned NOT NULL COMMENT 'Ссылка на получателя сообщения',
  `body` text CHARACTER SET utf8 COLLATE utf8_unicode_ci NOT NULL COMMENT 'Текст сообщения',
  `is_important` tinyint(1) DEFAULT NULL COMMENT 'Признак важности',
  `is_delivered` tinyint(1) DEFAULT NULL COMMENT 'Признак доставки',
  `is_modified` tinyint(1) DEFAULT NULL,
  `created_at` datetime DEFAULT CURRENT_TIMESTAMP COMMENT 'Время создания строки',
  `updated_at` datetime DEFAULT CURRENT_TIMESTAMP ON UPDATE CURRENT_TIMESTAMP COMMENT 'Время обновления строки',
  PRIMARY KEY (`id`)
) ENGINE=InnoDB AUTO_INCREMENT=101 DEFAULT CHARSET=utf8 COLLATE=utf8_unicode_ci COMMENT='Сообщения';
/*!40101 SET character_set_client = @saved_cs_client */;

--
-- Dumping data for table `messages`
--

LOCK TABLES `messages` WRITE;
/*!40000 ALTER TABLE `messages` DISABLE KEYS */;
INSERT INTO `messages` VALUES (1,54,86,'Neque ut repellat nihil. Recusandae sed laudantium sunt magni porro. Sunt et facilis voluptas dolorum. Harum repudiandae qui harum praesentium ipsa laboriosam porro.',0,0,0,'2020-03-07 23:48:11','2020-07-28 19:10:58'),(2,33,14,'Numquam culpa sapiente numquam incidunt sunt. Incidunt voluptas veritatis aspernatur aut sed eum dignissimos. Non ab odio corrupti doloribus.',1,0,1,'2019-08-22 15:29:26','2020-07-28 19:12:32'),(3,16,83,'Perspiciatis voluptate at sed. Sint quaerat est vero et eum quis. Laboriosam odit voluptatem qui modi in eligendi iusto. Veniam voluptas porro aperiam qui distinctio.',0,1,0,'2020-03-10 09:29:11','2020-07-28 19:10:58'),(4,48,86,'Dolorem corrupti vero autem error. Voluptas esse distinctio numquam ipsum veritatis. Suscipit voluptatum ducimus et voluptatem facilis maxime velit. Temporibus aspernatur qui modi. Aperiam qui laboriosam laboriosam velit totam.',0,0,0,'2019-12-13 21:19:09','2020-07-28 19:10:58'),(5,70,60,'Voluptas error occaecati et fuga alias rerum. Ab nobis impedit aut illum repellendus. Porro ipsum distinctio illum assumenda totam eos eius.',0,0,0,'2020-05-14 13:51:11','2020-07-28 19:10:58'),(6,52,76,'Suscipit id architecto saepe. Voluptatum vel doloremque omnis. Laborum id voluptate qui placeat et veniam.',0,1,1,'2019-10-23 08:55:01','2020-07-28 19:12:32'),(7,85,19,'Provident molestias blanditiis aut. Sunt dolorem soluta quidem velit. Ut dolore itaque laboriosam eligendi esse. Praesentium non accusantium nemo minima.',0,1,1,'2020-04-24 06:55:49','2020-07-28 19:12:32'),(8,86,92,'Officiis illum pariatur placeat consequuntur alias aut. Minus iure vero fuga et tenetur ratione. Provident vitae quia beatae iure voluptatibus incidunt.',0,1,0,'2019-09-21 04:26:32','2020-07-28 19:10:58'),(9,41,91,'Accusamus voluptatum beatae deserunt praesentium perspiciatis est. Occaecati debitis itaque officia autem qui odio. Consequatur earum qui nobis saepe. Hic doloremque magnam libero expedita labore.',0,0,1,'2019-08-23 02:57:23','2020-07-28 19:12:32'),(10,21,96,'Odio nesciunt itaque sint. Qui ut perspiciatis modi aut eos vitae. Voluptatem laudantium accusantium exercitationem mollitia ducimus asperiores harum. Quibusdam magnam ipsum illo.',0,1,0,'2020-06-10 11:37:23','2020-07-28 19:10:58'),(11,1,73,'Et enim sint aliquam. Labore deserunt libero soluta perferendis. Libero in incidunt blanditiis consectetur ullam. Sint possimus laboriosam labore id qui cumque.',0,1,0,'2020-01-08 19:23:16','2020-07-28 19:10:58'),(12,56,72,'Qui et delectus et odio. Quae ut reprehenderit ad quam magni quod. Id non fuga voluptatem sit sunt ut ab.',0,0,0,'2019-12-29 11:05:10','2020-07-28 19:10:58'),(13,35,38,'Asperiores et dolor adipisci assumenda sunt sit quia. Eos hic cumque voluptatem quibusdam nisi ut mollitia. Reprehenderit labore ipsum error quae suscipit et unde. Nihil eum repellat est ea alias velit officia libero.',0,1,0,'2019-10-15 05:12:36','2020-07-28 19:10:58'),(14,30,67,'Ut pariatur dolorem voluptates impedit corrupti. Iste blanditiis et distinctio minima velit libero. Cumque qui reiciendis similique omnis dignissimos eaque. Et iusto iure asperiores aut deserunt.',1,0,0,'2019-12-22 12:40:28','2020-07-28 19:10:58'),(15,82,7,'Voluptatem at quia quis est quae aliquid reiciendis. Sunt rerum nisi velit accusamus. Nihil voluptatem enim nam qui nihil consequatur recusandae.',0,1,1,'2020-06-23 06:09:47','2020-07-28 19:12:32'),(16,67,35,'Nesciunt dignissimos numquam magni quas et voluptatem aut. A voluptas nihil aspernatur iste. Odit voluptatem in et qui qui quae ratione est. Sed possimus et tempora voluptatem.',0,0,0,'2019-10-17 19:12:54','2020-07-28 19:10:58'),(17,92,99,'Rem et nobis non voluptas. Non vitae qui ad aut sit quisquam eum. Minima dolores quis modi inventore.',1,0,1,'2020-06-30 01:13:35','2020-07-28 19:12:32'),(18,49,8,'Neque commodi eos quod libero nihil illo. Quasi est sit deserunt fuga. Maxime voluptate enim ipsum expedita excepturi iusto nulla. Fugiat magnam deleniti et dolor qui fuga cum et.',0,1,0,'2020-02-17 09:31:35','2020-07-28 19:10:58'),(19,82,96,'Et sed nesciunt accusamus occaecati. Dolorem et iure magni nihil nihil repellendus ipsa. Officia omnis et itaque a harum. Rerum iste hic est eius qui accusamus nostrum.',0,0,0,'2019-11-30 07:42:19','2020-07-28 19:10:58'),(20,93,51,'Placeat dolor rem et et recusandae beatae non. Molestiae voluptas nihil fuga est aut enim enim. Voluptas non exercitationem atque et beatae iusto.',0,1,0,'2019-12-27 06:58:03','2020-07-28 19:10:58'),(21,56,44,'Odit doloremque beatae voluptas dicta voluptas. Sit nulla omnis nihil aut assumenda molestiae. Tempora et possimus aut.',0,1,1,'2020-01-23 11:10:22','2020-07-28 19:12:32'),(22,27,41,'Quod iste magni alias corporis quis omnis. Occaecati nulla vel tenetur laudantium quibusdam. Ut aspernatur sit pariatur tempora atque possimus. Recusandae perferendis modi facilis accusantium fuga delectus tempore.',0,0,1,'2019-10-29 05:21:34','2020-07-28 19:12:32'),(23,63,12,'Est omnis sit quas voluptatibus. Voluptates ad et nesciunt voluptatem sit ut. Enim neque earum ullam omnis dolorem eveniet.',0,0,0,'2019-10-26 11:50:55','2020-07-28 19:10:58'),(24,32,4,'Dolores dolores qui inventore voluptatem. Enim iure aut mollitia enim natus dolor. Deleniti voluptatem quam vel maiores.',1,1,0,'2020-06-22 07:28:13','2020-07-28 19:10:58'),(25,3,53,'Sapiente corrupti sint rem sed. Doloremque nemo architecto cumque inventore quisquam magni perspiciatis. Praesentium sit dolorum aspernatur eius eveniet.',1,1,1,'2019-10-12 20:09:54','2020-07-28 19:12:32'),(26,99,3,'Ad unde quia blanditiis provident. Non eum dolor fugit ex inventore impedit. Aliquid iste quia ab aut cumque dolorum.',0,1,1,'2020-02-25 07:11:41','2020-07-28 19:12:32'),(27,25,55,'Tempore ut voluptas et qui error id nihil suscipit. Tempora perspiciatis dolor omnis ducimus magnam. Quos doloribus tenetur ab eum harum voluptas. Ut voluptas nulla neque ex.',0,0,1,'2019-09-05 11:50:39','2020-07-28 19:12:32'),(28,75,59,'Quod labore distinctio adipisci et id explicabo rem. Deserunt nihil magnam temporibus amet voluptate. Ex eum in nihil est.',0,0,1,'2020-01-18 19:05:21','2020-07-28 19:12:32'),(29,92,5,'Dolorem ut velit aut aut assumenda necessitatibus quasi aut. Sed provident enim dolores ab voluptatem id. Repudiandae corporis modi omnis sed veritatis.',0,1,0,'2019-09-01 06:44:19','2020-07-28 19:10:58'),(30,25,73,'Doloremque assumenda enim et vitae aut. Impedit quia praesentium vero illo. Molestias eius delectus molestias nostrum quia vero reprehenderit quis. Enim quia dolorem harum doloribus animi.',0,1,1,'2020-04-12 21:45:52','2020-07-28 19:12:32'),(31,11,92,'Ea soluta et deserunt. Et laborum reiciendis autem dolorem rerum sint.',0,0,0,'2019-09-23 06:56:17','2020-07-28 19:10:58'),(32,8,2,'Ea qui perspiciatis nemo. Voluptate deleniti atque quam nihil.',0,1,1,'2020-04-25 12:35:02','2020-07-28 19:12:32'),(33,91,56,'Quibusdam omnis ut velit optio est qui maiores itaque. Nisi nulla expedita debitis repellat et deserunt adipisci. Quaerat error hic non molestiae autem. Sed cupiditate qui occaecati ut.',0,0,0,'2019-10-10 00:45:08','2020-07-28 19:10:58'),(34,9,72,'Quam labore et aut voluptatem est sapiente quae asperiores. Omnis et officia voluptas non nostrum consectetur. Dolores rerum quas laudantium fuga reprehenderit provident. Provident possimus ipsam molestias non impedit voluptatum aut.',0,1,1,'2020-04-16 13:11:53','2020-07-28 19:12:32'),(35,52,2,'Aperiam ut vel in distinctio. Sed non sed consequuntur quos est. Mollitia explicabo vel totam iusto et reprehenderit. Eveniet ea voluptate tempora veritatis ab.',0,1,1,'2019-11-01 04:32:19','2020-07-28 19:12:32'),(36,23,8,'Qui alias consequatur nisi. Cum velit eos sit ut id. Aut impedit magnam inventore.',0,1,0,'2019-11-17 19:23:59','2020-07-28 19:10:58'),(37,46,49,'Molestiae enim veniam assumenda asperiores. A cupiditate assumenda laborum eos porro repudiandae. Facilis qui optio sed libero repellat explicabo. Vitae sit debitis animi omnis ea odio.',1,0,0,'2020-04-09 19:31:58','2020-07-28 19:10:58'),(38,48,8,'Voluptatum fuga unde reiciendis. Ipsum nam consequatur nostrum omnis quae veritatis. Magnam at autem sapiente quam labore eveniet magni sunt. Excepturi ipsum accusantium omnis quae atque quisquam.',1,0,0,'2019-08-17 05:21:56','2020-07-28 19:10:58'),(39,61,80,'Ad et eveniet sit excepturi quia modi laudantium. Dolores ut eligendi aut sunt iure ratione. Sint porro neque consequatur et fugit impedit impedit. Beatae quis officia odit vel sit dolor consectetur.',1,1,1,'2020-04-24 20:30:45','2020-07-28 19:12:32'),(40,12,64,'Vero aliquam aliquid et voluptatem quas ipsum quia. Assumenda cumque nam perspiciatis magni sit. Voluptas dolores fuga veniam est voluptas voluptatum. Tenetur odit culpa quia.',0,1,1,'2019-11-04 07:03:12','2020-07-28 19:12:32'),(41,32,11,'Saepe facere harum ea iste qui. Dolores quo mollitia et laborum illum. Est nemo aliquid ut eos repellat aut. Laboriosam sunt facere dicta dicta.',1,0,0,'2019-08-27 07:29:28','2020-07-28 19:10:58'),(42,66,57,'Ut ducimus dolorum et ad qui. Debitis sit consequatur unde voluptatem aut minus dolorem quod. Fuga corrupti molestiae sit consequatur totam dolor et. Id nobis non numquam aut consequatur. Voluptates voluptatem iste similique modi.',1,1,0,'2019-09-07 16:17:20','2020-07-28 19:10:58'),(43,65,40,'Iure omnis dolorem quia sunt dolores unde fugiat. Totam sequi blanditiis impedit vero nihil sed aliquid. Omnis officia consequatur eum sequi voluptatem.',1,1,1,'2020-02-10 04:21:08','2020-07-28 19:12:32'),(44,16,57,'Officiis et ea ea est quos eius quas. Qui nihil eveniet accusamus delectus est aliquid quia quibusdam. Culpa esse iusto vero necessitatibus voluptas dolorum exercitationem.',0,1,1,'2019-12-23 02:07:29','2020-07-28 19:12:32'),(45,45,40,'Maxime aliquid qui odit ex et quia eos. Excepturi natus sit provident quia facilis quas similique vero. Quidem autem ea autem velit dolor laudantium. Qui corrupti culpa accusantium ut veniam facilis. Aut dolores eos molestias voluptatibus cupiditate qui ad.',1,1,1,'2020-05-08 05:02:02','2020-07-28 19:12:32'),(46,29,55,'Aut tenetur placeat voluptatum adipisci officiis. At harum necessitatibus sunt blanditiis ut.',1,0,0,'2020-04-04 02:57:04','2020-07-28 19:10:58'),(47,32,37,'Cum ex deleniti aliquid vero aperiam quasi voluptate. Alias sit nobis voluptas cumque est enim. In assumenda veritatis velit eum aperiam deleniti. Fugiat vitae possimus deleniti ad voluptas.',0,0,0,'2019-07-24 06:14:47','2020-07-28 19:10:58'),(48,56,22,'Repellat quibusdam voluptatibus expedita numquam porro. Aut inventore ad odit debitis recusandae consectetur alias. Dolores magni aliquid libero est.',0,0,1,'2020-03-28 15:01:49','2020-07-28 19:12:32'),(49,93,65,'Sed suscipit vero ducimus vero architecto temporibus. Rerum et beatae harum eos rem voluptate. Cupiditate illo voluptatem quod.',1,1,0,'2020-02-09 07:39:51','2020-07-28 19:10:58'),(50,93,44,'Numquam asperiores quas molestiae sint ratione dolor asperiores. Vel dolor exercitationem consectetur explicabo consectetur a. Fuga doloremque ut labore aliquid.',0,0,0,'2019-07-30 08:18:42','2020-07-28 19:10:58'),(51,66,15,'Incidunt deserunt et necessitatibus omnis nemo repudiandae dolores. Eaque aspernatur ducimus qui aut vero ut doloremque. Vero ipsam doloremque modi culpa similique. Odit qui velit et inventore. Quis ut libero nemo.',0,0,1,'2020-03-24 01:13:59','2020-07-28 19:12:32'),(52,51,11,'Esse corporis illo cupiditate. Numquam tempore quisquam inventore quasi libero quis. Tempore distinctio eum culpa consequatur. Quaerat quos soluta illum.',0,0,1,'2019-08-09 14:10:04','2020-07-28 19:12:32'),(53,64,99,'Assumenda tempora voluptatem incidunt quaerat autem recusandae. Numquam recusandae maiores officia laborum nihil. Qui dicta temporibus quidem necessitatibus autem necessitatibus qui dolorum. Ut quae et quam enim id.',0,1,1,'2020-04-03 18:20:20','2020-07-28 19:12:32'),(54,19,25,'Tempora sed voluptatum sequi quaerat. Aut quam ad facere enim odit eos. Soluta iusto aliquid neque quia est quia.',0,0,0,'2020-01-09 05:00:03','2020-07-28 19:10:58'),(55,79,30,'Labore architecto nobis autem at. Molestiae esse et at magnam beatae. Animi et deleniti perferendis laudantium.',1,1,1,'2020-02-02 03:12:54','2020-07-28 19:12:32'),(56,88,10,'Unde excepturi minima rem minus laudantium. Totam molestiae doloribus dolores ut reprehenderit. Placeat eos tempore et quia totam rerum.',1,0,0,'2020-03-15 05:33:05','2020-07-28 19:10:58'),(57,41,53,'Eum porro praesentium molestiae nesciunt. Et quibusdam architecto culpa neque nulla. Corrupti sunt exercitationem facere placeat omnis. Distinctio repudiandae fugiat occaecati tempora odit esse ducimus.',0,1,0,'2020-06-11 05:02:21','2020-07-28 19:10:58'),(58,67,5,'Id rerum explicabo voluptatem. Rerum eius id eaque nesciunt earum non dolore. Dignissimos earum et magnam.',1,0,0,'2019-11-26 22:40:43','2020-07-28 19:10:58'),(59,93,82,'Ut necessitatibus voluptatem culpa rerum exercitationem sit ea. Laudantium architecto sunt et aut dicta illo corrupti. Consequatur laboriosam repellat esse quam.',1,1,1,'2020-02-16 08:46:01','2020-07-28 19:12:32'),(60,61,37,'Mollitia voluptatibus nostrum ullam recusandae. Eligendi nesciunt reprehenderit alias voluptas impedit laborum sint. Facere placeat sed alias eius provident similique nostrum. Distinctio aliquam quia numquam laborum sit illum. Perspiciatis omnis facilis aut ipsum ab quis doloribus.',1,0,0,'2019-08-22 03:16:51','2020-07-28 19:10:58'),(61,22,90,'Nisi ab illo dolore aliquid voluptate. Sit id quibusdam nulla qui qui ab dolor.',1,1,1,'2020-03-07 23:46:12','2020-07-28 19:12:32'),(62,92,53,'Nam debitis tenetur dolorem repudiandae. Sunt sequi natus quia et. Fuga eveniet vitae nostrum deserunt nisi enim ex. Quia quibusdam suscipit autem sapiente porro voluptas enim.',1,1,0,'2020-04-17 10:10:25','2020-07-28 19:10:58'),(63,27,47,'Accusantium dolore laborum eos soluta id assumenda aperiam. Sequi sed eveniet fugit fuga reprehenderit. Aperiam eveniet culpa eum rem repellendus. Omnis voluptatem sapiente at esse.',1,0,1,'2020-02-18 00:39:06','2020-07-28 19:12:32'),(64,75,19,'Accusamus aut esse nam dolorem ad. Sint magnam qui blanditiis facere provident veniam. Eos ratione corporis exercitationem vel.',0,0,0,'2019-12-03 03:32:56','2020-07-28 19:10:58'),(65,12,67,'In doloribus reprehenderit est deserunt vero qui. Ut soluta id fugit ad magnam ad. Ut totam aut asperiores ea sit molestias aut est. Amet neque officiis assumenda et magni.',1,0,0,'2020-04-29 16:46:16','2020-07-28 19:10:58'),(66,62,78,'Culpa eveniet ut asperiores rerum. Optio ducimus facere velit. Assumenda est culpa explicabo recusandae quia occaecati.',1,1,0,'2020-03-30 07:11:28','2020-07-28 19:10:58'),(67,82,13,'Vitae laboriosam in quos tenetur ut. Ut sint ut voluptatum nulla illo. Et excepturi veniam reiciendis. Quo voluptatum totam rerum aut cumque.',1,0,0,'2020-07-02 04:46:33','2020-07-28 19:10:58'),(68,88,46,'Tempora aut facere qui fugiat ipsa repellendus amet est. Sed dolores qui nihil voluptas quo ut voluptatem. Molestiae quia delectus in voluptas.',0,0,0,'2019-11-05 20:56:58','2020-07-28 19:10:58'),(69,12,7,'Quia possimus tempore dolorum ut accusamus aut vel. Porro voluptates atque nulla aut. Vitae quia qui nemo eius repellat voluptatem. Consequatur tempora aspernatur nostrum excepturi voluptatum omnis et.',1,1,0,'2020-03-23 03:23:48','2020-07-28 19:10:58'),(70,70,90,'Magni et aut est modi exercitationem sunt. Non inventore quidem est praesentium deleniti dolores quia amet. Sint tempore provident facilis animi.',0,1,1,'2019-11-29 15:23:29','2020-07-28 19:12:32'),(71,37,57,'Eos rerum asperiores dolor dignissimos quos. Consequatur a sint accusamus rerum aut. Veniam sunt ullam voluptate pariatur quia tenetur laborum velit. Vel enim enim incidunt consequatur.',0,0,1,'2019-11-29 08:18:17','2020-07-28 19:12:32'),(72,100,77,'Ipsum in magnam molestiae vero aperiam officia. Nihil quia maiores qui quis veritatis. Alias dolores et quia. Doloribus consequatur voluptatem qui soluta quia magnam. Facere praesentium asperiores non rerum quasi.',0,1,1,'2020-04-17 15:55:24','2020-07-28 19:12:32'),(73,10,66,'Quas quo cupiditate quos. Numquam aut deleniti voluptatibus. Ad ut nulla est. Unde et similique accusamus sint suscipit praesentium. Rerum voluptatibus eum ut omnis voluptas eaque.',0,0,1,'2019-12-17 13:12:02','2020-07-28 19:12:32'),(74,81,3,'Et omnis voluptas occaecati amet magni ut placeat. Repudiandae quod dolor nihil dolorum eius modi impedit. Sunt sunt asperiores asperiores quidem ea occaecati nesciunt. Aperiam rerum corporis illum explicabo.',0,1,1,'2020-07-21 21:32:04','2020-07-28 19:12:32'),(75,47,42,'Laborum provident rerum vero ut repellat tempore quo. Mollitia rerum omnis est ducimus minus nemo corporis. Nulla soluta rerum quia deleniti aut sed repellat. Dolor culpa est mollitia animi. Accusantium quo rerum id deserunt officiis quaerat.',1,0,0,'2020-04-19 04:33:43','2020-07-28 19:10:58'),(76,40,69,'Et est est iure. Repellat veritatis autem beatae sed voluptas. Iusto qui a et dolor.',1,1,0,'2019-12-01 06:40:13','2020-07-28 19:10:58'),(77,32,31,'Cum quasi ad eos. Officia consequatur vel impedit iure accusantium. Quas nemo ut vitae dolorem. Sit sit quia eos earum.',1,1,1,'2020-06-04 10:22:15','2020-07-28 19:12:32'),(78,21,59,'Eius eos ipsum autem exercitationem tenetur consequatur. Dolore accusamus nihil dolorum dolores sed repellendus explicabo. Itaque occaecati excepturi aut. Quibusdam est quia officiis esse sed non.',0,0,1,'2020-03-29 00:30:11','2020-07-28 19:12:32'),(79,78,95,'Atque velit est deserunt aut ratione suscipit. Eligendi debitis enim cupiditate at rerum fugit blanditiis. Et rerum quia quod modi.',1,0,1,'2020-03-12 18:21:36','2020-07-28 19:12:32'),(80,77,90,'Minus magni ut incidunt officiis quam ab sint. Amet enim quam sint voluptatem quos facere. Sint aut quia quidem debitis autem aspernatur autem tempora. Saepe porro modi iure non enim perferendis.',0,0,0,'2019-09-21 15:51:51','2020-07-28 19:10:58'),(81,62,39,'Non magnam saepe et dolore fuga voluptatem. Ut vel esse aut praesentium qui.',0,1,1,'2019-09-26 10:18:42','2020-07-28 19:12:32'),(82,67,44,'Expedita non deserunt est quaerat odit omnis aut voluptatem. Culpa sed sed voluptatem ut iste repudiandae. Sed voluptas aut architecto facere vel non.',0,1,0,'2019-08-09 21:56:09','2020-07-28 19:10:58'),(83,51,55,'Quia eos numquam harum et ipsa. Et quis pariatur optio deserunt repellat. Id dolorum voluptas esse nostrum qui inventore.',0,0,1,'2020-07-15 04:34:58','2020-07-28 19:12:32'),(84,89,62,'Commodi et exercitationem ducimus a veritatis itaque ab. Adipisci nulla aut beatae laborum consequatur quia. Nihil omnis animi possimus. Rerum est et molestias enim esse.',0,1,0,'2019-12-21 18:41:00','2020-07-28 19:10:58'),(85,61,59,'Ipsam in consequatur nulla non blanditiis nostrum. Quam ipsam eos ut facilis eum. Aliquid voluptas autem est fuga neque ea laboriosam occaecati.',0,1,1,'2019-10-26 19:49:42','2020-07-28 19:12:32'),(86,52,97,'Dolorem aut eligendi minima magnam dolores est sunt animi. Velit sed harum ipsum sed. Et rerum unde ut hic laudantium est. Voluptatum earum quas consequuntur quo vero consequatur animi.',0,0,0,'2020-04-19 16:29:12','2020-07-28 19:10:58'),(87,16,51,'Sit fuga sunt fugiat fugiat. Vel eligendi quasi odit beatae. Omnis consequatur dolores laboriosam aut enim blanditiis. Consequuntur et omnis earum magni modi. Quia sit quia corrupti nihil temporibus et temporibus.',1,1,0,'2019-10-29 04:53:47','2020-07-28 19:10:58'),(88,74,25,'Natus possimus sunt itaque et dolore et dignissimos. Ea et voluptatem illum qui. Laborum minus pariatur blanditiis eum non sit consequatur. Eveniet quia necessitatibus saepe non.',1,1,1,'2019-12-28 04:51:07','2020-07-28 19:12:32'),(89,16,55,'Ipsum rerum et repellendus. Adipisci velit esse sint quis asperiores. Ipsam doloribus aliquid non repudiandae voluptates laborum ut. Eum dolores sit optio amet et rem.',1,1,0,'2020-05-31 01:44:46','2020-07-28 19:10:58'),(90,28,63,'Tempore suscipit assumenda corrupti dolore a harum. Cupiditate et voluptatibus omnis animi ea architecto. Aut voluptatem consectetur alias qui et vel possimus.',1,0,0,'2019-10-06 14:44:13','2020-07-28 19:10:58'),(91,97,68,'Aut accusantium mollitia animi omnis sed. Eius tempora est cupiditate fugit qui. Maiores est corrupti fugit ut est. Molestiae pariatur nihil qui in. Inventore facilis inventore neque et ratione.',0,0,0,'2020-01-29 12:12:50','2020-07-28 19:10:58'),(92,32,29,'Et animi accusamus reiciendis rerum amet sed sapiente eius. Illum est est sint aut ipsam. Quia quia enim ipsam laborum.',1,1,0,'2020-05-24 14:37:49','2020-07-28 19:10:58'),(93,98,53,'Est et aut illum nihil occaecati sit. Placeat provident expedita libero libero tempora similique similique ut. Voluptatem perferendis iure delectus accusamus. Aliquid vel omnis aut quam sit est.',0,0,1,'2019-08-09 06:47:40','2020-07-28 19:12:32'),(94,87,76,'Qui recusandae molestiae voluptates. Asperiores odio quod illum corporis asperiores. Quo rerum saepe alias harum assumenda laudantium. Eum et quis quos quidem ratione velit modi consequatur.',0,1,0,'2019-08-10 12:46:13','2020-07-28 19:10:58'),(95,48,63,'Rem sint est at quia quae. Eos voluptatibus dignissimos placeat. Impedit est et ipsum. Doloremque facilis et esse quia.',1,0,0,'2019-11-24 19:08:40','2020-07-28 19:10:58'),(96,65,9,'Provident excepturi dolor voluptatem est eveniet placeat. Sequi velit sed totam qui ipsa dolorem tenetur. Non illum labore molestiae at officiis blanditiis molestiae officia.',0,0,0,'2020-01-16 09:56:56','2020-07-28 19:10:58'),(97,1,31,'Explicabo earum molestiae nisi voluptatem qui ut eos iste. Officiis harum dolorem beatae neque numquam est quo. Dolor necessitatibus exercitationem veniam eveniet.',0,1,1,'2019-09-07 12:22:39','2020-07-28 19:12:32'),(98,53,52,'Quam harum sint fugiat voluptas. Porro quis culpa perferendis consequatur quae. Similique a molestias est voluptate consectetur voluptatibus. Quam ipsa sed cum quasi.',0,0,1,'2020-06-22 09:35:47','2020-07-28 19:12:32'),(99,85,41,'Tenetur optio consectetur quae explicabo culpa blanditiis laboriosam. Eligendi voluptates commodi qui provident et. Ut molestias sed suscipit vel adipisci est doloremque. Perferendis laboriosam ut eum cum maiores minima aperiam incidunt.',0,1,0,'2019-12-28 12:27:32','2020-07-28 19:10:58'),(100,14,46,'Non non non voluptas laudantium asperiores rerum numquam. Quibusdam quaerat nesciunt sit voluptatem. Sit autem perspiciatis at non. Aut velit doloremque qui tempora nihil voluptates error rerum.',1,1,0,'2020-01-22 09:14:36','2020-07-28 19:10:58');
/*!40000 ALTER TABLE `messages` ENABLE KEYS */;
UNLOCK TABLES;

--
-- Table structure for table `profiles`
--

DROP TABLE IF EXISTS `profiles`;
/*!40101 SET @saved_cs_client     = @@character_set_client */;
/*!50503 SET character_set_client = utf8mb4 */;
CREATE TABLE `profiles` (
  `user_id` int unsigned NOT NULL COMMENT 'Ссылка на пользователя',
  `gender` char(1) CHARACTER SET utf8 COLLATE utf8_unicode_ci NOT NULL COMMENT 'Пол',
  `birthday` date DEFAULT NULL COMMENT 'Дата рождения',
  `photo_id` int unsigned DEFAULT NULL COMMENT 'Ссылка на основную фотографию пользователя',
  `city` varchar(130) CHARACTER SET utf8 COLLATE utf8_unicode_ci DEFAULT NULL COMMENT 'Город проживания',
  `country` varchar(130) CHARACTER SET utf8 COLLATE utf8_unicode_ci DEFAULT NULL COMMENT 'Страна проживания',
  `updated_at` datetime DEFAULT CURRENT_TIMESTAMP ON UPDATE CURRENT_TIMESTAMP COMMENT 'Время обновления строки',
  PRIMARY KEY (`user_id`)
) ENGINE=InnoDB DEFAULT CHARSET=utf8 COLLATE=utf8_unicode_ci COMMENT='Профили';
/*!40101 SET character_set_client = @saved_cs_client */;

--
-- Dumping data for table `profiles`
--

LOCK TABLES `profiles` WRITE;
/*!40000 ALTER TABLE `profiles` DISABLE KEYS */;
INSERT INTO `profiles` VALUES (1,'m','1921-05-17',54,'North Misty','Ethiopia','2019-09-12 11:11:03'),(4,'m','1977-06-13',13,'South Chanelleborough','Jordan','2019-11-10 23:04:47'),(5,'m','1949-04-30',66,'Adellemouth','Reunion','2019-09-06 13:23:12'),(6,'f','1941-12-24',13,'East Casandraport','Greenland','2019-08-06 22:51:34'),(8,'f','1973-03-03',78,'East Joshua','Philippines','2019-09-02 15:02:52'),(9,'f','1925-11-12',78,'Rosamondchester','Argentina','2019-08-25 17:49:03'),(10,'m','1953-09-30',94,'Nathanaelfort','Botswana','2020-05-06 02:44:19'),(11,'m','2011-10-03',96,'Port Blake','British Virgin Islands','2020-03-29 17:19:47'),(12,'m','1974-05-07',19,'South Frederic','Antigua and Barbuda','2020-06-04 08:19:58'),(14,'m','1934-11-24',27,'Willmsside','Cambodia','2019-08-13 02:08:48'),(15,'f','1976-07-05',43,'Cortneyport','Albania','2020-01-16 02:59:28'),(16,'m','1972-09-29',22,'Rosaleemouth','Mayotte','2020-04-27 07:11:13'),(19,'f','1961-06-07',2,'Langworthbury','United States Minor Outlying Islands','2019-09-28 00:27:58'),(20,'f','1978-06-26',66,'South Anika','Senegal','2020-02-05 03:04:34'),(21,'f','1995-11-18',34,'Simeonton','French Southern Territories','2020-05-03 23:50:36'),(22,'m','2016-02-22',39,'Aldaside','Namibia','2020-07-18 14:20:03'),(23,'m','1985-12-20',46,'New Ronaldo','Guyana','2019-08-30 19:11:35'),(24,'f','1959-03-26',35,'Schneiderborough','Timor-Leste','2019-08-22 03:31:07'),(25,'f','1973-05-08',18,'Carminestad','Bangladesh','2019-09-20 07:25:02'),(27,'m','1930-01-03',67,'Buckmouth','Sao Tome and Principe','2020-07-14 21:09:36'),(31,'m','1979-03-20',70,'South Reeceview','Mongolia','2020-01-10 00:51:16'),(32,'m','1998-05-08',33,'Lake Niko','Poland','2020-04-18 04:46:01'),(33,'m','1991-08-22',1,'West Janet','El Salvador','2020-07-05 02:21:23'),(35,'f','1982-04-17',40,'Hayeschester','Western Sahara','2020-04-20 18:43:26'),(36,'f','1938-06-21',66,'Loganmouth','Iceland','2020-05-07 00:17:28'),(39,'f','1984-02-15',96,'East Rudyshire','Eritrea','2020-03-10 00:35:26'),(40,'m','1947-09-10',24,'South Madisonmouth','Libyan Arab Jamahiriya','2020-03-27 06:33:19'),(42,'f','1947-11-07',19,'Runtemouth','Liberia','2019-08-23 03:48:10'),(44,'f','1942-10-15',52,'Lake Laylashire','Gabon','2020-05-29 07:11:15'),(46,'m','1957-04-02',69,'New Damonhaven','Zimbabwe','2019-11-19 19:11:24'),(47,'f','1940-09-11',57,'North Jarredland','Peru','2020-06-24 16:52:33'),(48,'m','1976-07-17',41,'Port Hattie','Nepal','2019-12-28 01:01:33'),(50,'f','1944-03-06',48,'New Rod','Mexico','2019-10-17 10:34:07'),(51,'m','1953-02-22',40,'North Pinkfort','Nauru','2019-09-15 00:32:56'),(52,'m','1980-07-09',7,'South Carissahaven','Montenegro','2019-09-23 16:49:33'),(55,'m','1946-08-02',79,'Jenniferstad','Liechtenstein','2019-09-01 07:19:07'),(57,'m','1977-01-31',92,'New Noemybury','Uzbekistan','2019-10-19 04:29:09'),(58,'f','1952-11-20',41,'West Malachiside','Austria','2020-05-03 04:22:06'),(59,'f','1972-01-06',45,'Durganchester','United States of America','2020-01-18 11:01:21'),(66,'m','1971-09-13',99,'West Jackelineville','Pitcairn Islands','2019-09-26 04:01:10'),(68,'f','2001-12-30',6,'Ivybury','Zambia','2020-03-25 06:49:41'),(72,'f','1950-05-18',65,'Lake Aubree','Turkmenistan','2020-05-04 07:42:06'),(73,'f','1944-07-19',16,'Paucekview','Tuvalu','2020-06-07 17:16:14'),(74,'f','1979-02-07',97,'West Antoinettechester','Reunion','2019-07-30 01:25:26'),(75,'f','1960-02-12',61,'Elvisborough','Albania','2019-09-15 18:04:48'),(76,'f','2017-01-17',14,'East Frankside','British Virgin Islands','2020-01-31 13:41:08'),(77,'m','1996-06-30',11,'Domenicaport','Malta','2020-06-22 00:41:21'),(78,'f','1937-09-26',98,'Gaetanostad','Saint Pierre and Miquelon','2019-11-20 04:40:17'),(79,'f','2014-09-13',81,'Namefurt','Falkland Islands (Malvinas)','2020-04-07 16:13:48'),(81,'m','1967-09-04',8,'Beckerfurt','Wallis and Futuna','2019-10-30 11:50:09'),(82,'m','1945-10-22',13,'South Cathrine','Iceland','2020-06-13 13:55:29'),(83,'f','1985-06-10',91,'Mitchellstad','Saint Vincent and the Grenadines','2019-12-11 15:24:01'),(84,'m','1937-03-07',99,'Reyesburgh','Somalia','2019-09-25 23:40:02'),(85,'f','1970-01-17',11,'Zettamouth','New Caledonia','2020-02-13 00:23:29'),(86,'f','1970-11-23',48,'East Bettiemouth','Bangladesh','2020-03-05 22:39:05'),(87,'m','1999-12-01',56,'Gastonside','Kuwait','2019-12-23 19:32:22'),(88,'f','1952-07-09',40,'South Leta','Libyan Arab Jamahiriya','2020-06-18 18:28:19'),(90,'f','1949-06-26',11,'Brycetown','Antarctica (the territory South of 60 deg S)','2020-05-08 04:28:53'),(92,'f','1963-02-11',80,'North Caitlynside','Korea','2020-05-25 00:51:03'),(93,'m','1966-08-10',72,'Lindseytown','Argentina','2020-03-27 10:09:19'),(94,'m','1998-10-29',19,'South Eastonton','Macao','2019-07-27 23:14:41'),(95,'f','2010-01-24',32,'Lake Esperanza','Jordan','2019-12-20 06:40:03'),(96,'m','1967-01-24',34,'Kozeyton','Vietnam','2020-06-03 22:29:01'),(97,'m','2003-05-18',33,'Joshtown','Hungary','2019-07-31 21:41:42'),(99,'f','1999-04-07',72,'New Skye','Cuba','2020-03-25 10:38:12'),(100,'m','1939-10-26',3,'Hickleside','Zambia','2019-12-27 03:09:42');
/*!40000 ALTER TABLE `profiles` ENABLE KEYS */;
UNLOCK TABLES;

--
-- Table structure for table `users`
--

DROP TABLE IF EXISTS `users`;
/*!40101 SET @saved_cs_client     = @@character_set_client */;
/*!50503 SET character_set_client = utf8mb4 */;
CREATE TABLE `users` (
  `id` int unsigned NOT NULL AUTO_INCREMENT COMMENT 'Идентификатор строки',
  `first_name` varchar(100) CHARACTER SET utf8 COLLATE utf8_unicode_ci NOT NULL COMMENT 'Имя пользователя',
  `last_name` varchar(100) CHARACTER SET utf8 COLLATE utf8_unicode_ci NOT NULL COMMENT 'Фамилия пользователя',
  `email` varchar(100) CHARACTER SET utf8 COLLATE utf8_unicode_ci NOT NULL COMMENT 'Почта',
  `phone` varchar(100) CHARACTER SET utf8 COLLATE utf8_unicode_ci NOT NULL COMMENT 'Телефон',
  `created_at` datetime DEFAULT CURRENT_TIMESTAMP COMMENT 'Время создания строки',
  `updated_at` datetime DEFAULT CURRENT_TIMESTAMP ON UPDATE CURRENT_TIMESTAMP COMMENT 'Время обновления строки',
  PRIMARY KEY (`id`),
  UNIQUE KEY `email` (`email`),
  UNIQUE KEY `phone` (`phone`)
) ENGINE=InnoDB AUTO_INCREMENT=101 DEFAULT CHARSET=utf8 COLLATE=utf8_unicode_ci COMMENT='Пользователи';
/*!40101 SET character_set_client = @saved_cs_client */;

--
-- Dumping data for table `users`
--

LOCK TABLES `users` WRITE;
/*!40000 ALTER TABLE `users` DISABLE KEYS */;
INSERT INTO `users` VALUES (1,'Marjolaine','Wolff','xkuvalis@example.org','510-522-8698','2020-03-25 03:50:47','2020-07-28 18:44:48'),(2,'Samanta','Lehner','afriesen@example.org','1-490-506-0528','2020-07-01 13:18:53','2020-07-28 18:44:48'),(3,'Annabel','Koelpin','bergstrom.dejuan@example.com','(863)939-7980x4735','2020-02-28 15:10:12','2020-05-02 15:57:52'),(4,'Bernhard','Kuhic','devyn14@example.org','832.081.0660','2020-05-04 15:05:36','2020-07-28 18:44:48'),(5,'Mitchell','Bergstrom','aliyah68@example.com','(335)913-4532','2020-07-23 10:31:22','2020-07-28 18:44:48'),(6,'Zachary','Romaguera','ghintz@example.net','671-166-6421','2020-02-28 08:32:41','2020-07-28 18:44:48'),(7,'Ray','Sanford','heidi.douglas@example.com','09145197291','2019-11-09 10:16:02','2020-03-27 21:45:52'),(8,'Gianni','Watsica','adelle15@example.com','942-602-8035','2020-05-31 20:59:18','2020-07-28 18:44:48'),(9,'Trisha','Konopelski','maud71@example.net','1-395-146-9612','2020-02-07 08:47:14','2020-07-28 18:44:48'),(10,'Hailie','Abbott','haag.filomena@example.com','(904)905-9517','2019-12-19 19:00:45','2020-04-07 13:58:56'),(11,'Abagail','Pollich','orin.nolan@example.net','+15(8)1070907533','2020-01-16 03:03:26','2020-07-28 18:44:48'),(12,'Lisette','Bayer','collier.laron@example.org','(306)700-0431x81602','2019-12-17 17:33:42','2020-07-28 18:44:48'),(13,'Nettie','Aufderhar','ankunding.solon@example.net','229-932-4059','2019-11-05 05:00:43','2020-05-10 02:28:34'),(14,'Missouri','Wunsch','brobel@example.com','(237)891-2262x3828','2020-05-08 16:46:47','2020-07-28 18:44:48'),(15,'Taurean','Prosacco','jkuphal@example.com','(592)221-6757','2019-09-20 04:43:17','2020-06-10 17:35:34'),(16,'Orland','Pfeffer','richmond.legros@example.net','(601)209-3149','2020-05-17 01:16:03','2020-07-02 19:22:33'),(17,'Verdie','Schaefer','turcotte.melba@example.net','372.689.9453x20209','2020-03-11 23:10:55','2020-07-28 18:44:48'),(18,'Orland','Kassulke','tyra.frami@example.com','695.134.2919','2020-01-25 20:57:33','2020-02-25 14:37:09'),(19,'Dortha','Dach','jerod.o\'reilly@example.org','+02(6)0358316230','2020-03-23 10:11:13','2020-07-28 18:44:48'),(20,'Antonio','Donnelly','swaniawski.sammie@example.net','(569)900-5899x54067','2019-12-26 15:19:08','2020-04-05 08:53:32'),(21,'Korey','Schiller','lhills@example.org','771-165-0977','2019-10-08 18:20:36','2020-07-28 18:44:48'),(22,'Urban','Fahey','talon.cartwright@example.com','(096)194-6768x37373','2020-01-24 12:05:19','2020-05-07 21:11:28'),(23,'Cayla','Emmerich','hanna.runte@example.com','474.038.0134x6025','2020-03-05 14:44:53','2020-07-16 22:47:50'),(24,'Brenda','Oberbrunner','guillermo.sporer@example.net','580.942.0358','2020-04-10 02:01:41','2020-06-13 13:36:40'),(25,'Winona','Metz','cheyenne.hammes@example.org','629-975-2369','2020-04-30 09:59:16','2020-07-28 18:44:48'),(26,'Beth','Littel','kris.tracey@example.org','00790239779','2019-08-30 18:50:41','2020-06-27 02:39:50'),(27,'Elmo','Gorczany','ykozey@example.org','376-236-5462','2020-04-20 10:57:53','2020-07-28 18:44:48'),(28,'Nelda','Wintheiser','leopold99@example.com','1-428-374-6039','2019-12-23 22:11:46','2020-05-03 02:05:54'),(29,'Delia','Grant','koelpin.precious@example.com','(889)352-3051x397','2020-01-05 12:56:14','2020-05-12 05:16:34'),(30,'Horace','Fay','goyette.assunta@example.com','646.163.5836x76961','2020-06-05 18:37:01','2020-07-28 18:44:48'),(31,'Harrison','Ernser','pink.schimmel@example.com','771.283.7390x3847','2019-12-14 19:14:33','2020-05-03 09:37:49'),(32,'Carmen','Weissnat','joey05@example.org','(848)623-5392x46295','2020-02-28 23:14:27','2020-07-28 18:44:48'),(33,'Hoyt','Labadie','antonietta.kozey@example.org','1-992-363-4164','2020-01-16 00:00:30','2020-04-28 06:50:23'),(34,'Pete','Bauch','ufeil@example.net','289-237-4632x62643','2019-12-27 19:13:29','2020-05-30 18:47:25'),(35,'Kamille','Stamm','marie14@example.com','(158)421-7208','2020-01-25 20:48:51','2020-05-07 11:06:18'),(36,'Blanche','Mann','upton.donnell@example.net','(662)950-5582x058','2019-10-05 15:53:57','2019-12-08 06:29:12'),(37,'Patience','Kirlin','fidel35@example.com','589.972.3325','2019-09-22 21:37:59','2020-04-15 10:19:20'),(38,'Moses','Kulas','drenner@example.com','(956)287-4030','2019-08-23 06:23:57','2020-02-05 21:31:04'),(39,'Rachael','Schoen','alfredo72@example.net','(372)481-4030x695','2019-08-28 22:19:13','2020-07-21 22:51:32'),(40,'Kristina','Wisoky','cortney57@example.org','953-554-3304x4034','2020-07-08 23:34:49','2020-07-28 18:44:48'),(41,'Jennings','Leffler','carmine.waters@example.com','+52(4)6026387875','2019-09-26 19:24:53','2019-12-06 00:54:56'),(42,'Jordy','Eichmann','ernser.sage@example.net','545-251-6200','2019-09-20 16:34:05','2020-05-07 19:11:26'),(43,'Soledad','Quigley','morn@example.net','+43(6)6876030921','2020-02-19 08:32:04','2020-07-28 18:44:48'),(44,'Ada','Runte','lyric60@example.org','966-795-2936','2020-05-06 03:22:17','2020-07-28 18:44:48'),(45,'Therese','Morar','joe.greenholt@example.net','384-830-0093x361','2019-11-27 10:29:36','2020-06-22 19:07:34'),(46,'Daphney','Ortiz','jared.waelchi@example.com','036-810-8040','2019-10-24 12:30:35','2020-05-03 21:09:12'),(47,'Prudence','Gutmann','jaclyn32@example.net','394-713-2089x88479','2019-09-08 21:36:43','2020-01-05 05:34:24'),(48,'Vern','Purdy','dusty09@example.net','(378)154-6907x02276','2020-04-12 12:11:48','2020-07-28 18:44:48'),(49,'Dale','Haag','justus.schulist@example.net','(899)525-0212x8011','2020-03-29 10:03:03','2020-07-28 18:44:48'),(50,'Jess','Anderson','ojones@example.org','(947)619-2163x1654','2020-01-17 05:23:41','2020-07-03 13:59:35'),(51,'Jovany','Ward','gprosacco@example.org','736.240.5338x016','2020-04-16 19:17:13','2020-07-28 18:44:48'),(52,'Taurean','Anderson','ao\'connell@example.org','(949)817-9227x60126','2020-05-22 23:50:40','2020-07-28 18:44:48'),(53,'Zachery','Sawayn','macejkovic.weldon@example.org','04289899890','2020-01-10 14:44:55','2020-05-18 21:41:13'),(54,'Lavonne','Lueilwitz','olen.jaskolski@example.com','412-830-6758x4309','2020-01-28 07:10:56','2020-05-14 23:32:53'),(55,'Ebba','Herzog','gorczany.jadyn@example.com','321-733-0890','2019-10-03 01:35:24','2020-03-24 02:18:45'),(56,'Irwin','Cummerata','beahan.ettie@example.net','(301)194-3638x757','2020-04-23 21:47:02','2020-06-24 15:43:42'),(57,'Jonatan','Wolf','grussel@example.org','735-681-3407x6130','2020-03-29 10:01:39','2020-07-28 18:44:48'),(58,'Skye','Torphy','graham.bernhard@example.com','143.971.8928x9458','2020-03-08 19:39:22','2020-07-22 17:07:36'),(59,'Hollis','Crona','xrunolfsdottir@example.net','055-852-3275x73829','2020-04-24 14:54:11','2020-07-28 18:44:48'),(60,'Koby','Ullrich','guido26@example.com','896-419-3947','2020-01-28 16:07:18','2020-07-28 18:44:48'),(61,'Lera','Willms','funk.keven@example.net','1-265-929-3048x32736','2020-01-09 02:31:32','2020-02-16 02:36:44'),(62,'Noemie','Mayer','mellie44@example.com','694-194-5168x55439','2020-01-25 12:01:07','2020-05-29 01:59:46'),(63,'Maci','Wehner','mafalda83@example.com','(731)978-7759x74815','2019-10-26 19:43:20','2020-07-28 18:44:48'),(64,'Douglas','Veum','morar.clifford@example.org','1-515-238-1786x5556','2020-02-07 18:58:12','2020-04-06 13:48:06'),(65,'Lonny','Schmeler','hamill.danika@example.org','048-888-7212','2020-03-09 15:12:21','2020-07-28 18:44:48'),(66,'Isaac','Hessel','fadel.omer@example.com','757-527-6331','2019-11-20 23:12:23','2020-07-28 18:44:48'),(67,'Deborah','Bergstrom','haag.orin@example.org','954-962-7920x63337','2019-10-29 22:45:37','2019-12-08 06:28:20'),(68,'Everett','Brekke','epouros@example.com','+94(2)6946152288','2020-02-11 03:02:06','2020-05-17 09:12:10'),(69,'Lindsey','Johns','agustina.bins@example.org','845.267.0912x8411','2020-06-19 06:05:52','2020-07-28 18:44:48'),(70,'Adelbert','Bernhard','ova26@example.org','(394)179-0049x148','2020-06-25 02:13:21','2020-07-28 18:44:48'),(71,'Janet','Feest','rudolph.kassulke@example.net','944.826.6944x1705','2019-12-08 11:11:08','2020-05-21 14:35:35'),(72,'Abigail','Casper','godfrey06@example.org','(960)347-7908','2020-06-06 18:16:09','2020-07-28 18:44:48'),(73,'Tressie','Conn','kemmer.barry@example.com','1-211-548-0448','2020-06-22 01:34:44','2020-07-28 18:44:48'),(74,'Oceane','Rohan','skyla.rice@example.net','1-182-007-9451','2019-10-12 12:12:51','2020-03-25 04:58:02'),(75,'Maudie','Ernser','savion.grimes@example.net','(631)342-0391','2020-06-12 06:41:09','2020-07-28 18:44:48'),(76,'Ernesto','Gutkowski','jaskolski.ronny@example.com','02462199138','2020-05-12 07:10:09','2020-05-19 14:52:24'),(77,'Johnathon','Torp','carson.kub@example.com','166-673-7126','2020-07-19 00:45:55','2020-07-28 18:44:48'),(78,'Carleton','Nikolaus','fmorar@example.net','363.827.3780','2019-12-17 05:34:11','2019-12-21 21:48:05'),(79,'Madelyn','Strosin','ara80@example.net','839.557.5320','2019-08-27 02:35:52','2020-06-09 11:29:48'),(80,'Lonnie','Eichmann','agoldner@example.net','(804)711-3896','2020-04-15 16:13:18','2020-07-28 18:44:48'),(81,'Salma','Funk','harmon.reichert@example.com','320.834.9129x49196','2020-05-30 03:02:14','2020-07-28 18:44:48'),(82,'Kenneth','Murray','rafaela63@example.net','553.231.9382','2019-10-09 10:28:40','2019-11-30 13:42:45'),(83,'Esteban','Zulauf','zack.lockman@example.org','09276843362','2020-01-11 12:47:56','2020-07-28 18:44:48'),(84,'Reagan','Ward','slemke@example.net','115.550.8246','2020-03-25 03:22:38','2020-07-28 18:44:48'),(85,'Theresa','Nienow','sarah41@example.org','1-809-835-9595x006','2019-09-20 14:47:34','2020-07-28 18:44:48'),(86,'Yesenia','Kertzmann','savion.kiehn@example.com','630-910-8407x7513','2019-11-22 16:41:28','2020-07-28 18:44:48'),(87,'Buddy','Oberbrunner','darrell30@example.net','1-594-277-4726','2019-11-20 02:40:17','2020-07-28 18:44:48'),(88,'Elody','Keebler','lizzie.ullrich@example.org','+90(1)7391949799','2019-11-03 03:41:45','2019-12-12 15:46:54'),(89,'Juliet','Dooley','imani.wyman@example.org','707-658-2782','2020-06-20 08:02:13','2020-07-28 18:44:48'),(90,'Daniela','Stehr','rwilderman@example.net','334.398.5799x8618','2020-07-23 14:35:26','2020-07-28 18:44:48'),(91,'Saul','Ratke','kaden14@example.org','537.052.6126x342','2019-10-03 22:46:15','2020-03-18 16:31:05'),(92,'Mayra','Fadel','zion.wiza@example.org','1-245-930-4812','2020-07-02 06:05:23','2020-07-21 00:59:35'),(93,'Rickie','Sawayn','ocrist@example.com','1-400-499-5205x19436','2020-07-10 10:46:50','2020-07-28 18:44:48'),(94,'Odie','Dickinson','cormier.alexandrine@example.org','369.227.4077','2020-04-14 01:32:15','2020-05-14 20:55:33'),(95,'Brandt','Langosh','vesta99@example.org','+42(9)9388804735','2020-06-25 23:25:32','2020-07-28 18:44:48'),(96,'Faye','Hoeger','rowena.lehner@example.net','1-768-547-0794','2020-07-01 07:16:50','2020-07-28 18:44:48'),(97,'Clair','Marvin','schiller.ruby@example.org','(653)059-2762x22842','2020-04-05 05:25:39','2020-07-28 18:44:48'),(98,'Paul','Skiles','nathaniel.boehm@example.org','(942)676-6968x428','2020-01-05 01:07:46','2020-06-05 20:52:51'),(99,'Kathlyn','Corwin','von.rosalyn@example.net','676.202.0236x72174','2019-09-08 13:54:46','2020-05-06 12:15:36'),(100,'Berry','Ernser','francesca26@example.net','707-400-3105','2020-06-21 08:24:16','2020-07-28 18:44:48');
/*!40000 ALTER TABLE `users` ENABLE KEYS */;
UNLOCK TABLES;
/*!40103 SET TIME_ZONE=@OLD_TIME_ZONE */;

/*!40101 SET SQL_MODE=@OLD_SQL_MODE */;
/*!40014 SET FOREIGN_KEY_CHECKS=@OLD_FOREIGN_KEY_CHECKS */;
/*!40014 SET UNIQUE_CHECKS=@OLD_UNIQUE_CHECKS */;
/*!40101 SET CHARACTER_SET_CLIENT=@OLD_CHARACTER_SET_CLIENT */;
/*!40101 SET CHARACTER_SET_RESULTS=@OLD_CHARACTER_SET_RESULTS */;
/*!40101 SET COLLATION_CONNECTION=@OLD_COLLATION_CONNECTION */;
/*!40111 SET SQL_NOTES=@OLD_SQL_NOTES */;

-- Dump completed on 2020-07-28 22:30:14
