#
# TABLE STRUCTURE FOR: autopart
#

DROP TABLE IF EXISTS `autopart`;

CREATE TABLE `autopart` (
  `id` int(10) unsigned NOT NULL AUTO_INCREMENT COMMENT 'Идентификатор сроки',
  `autopart` varchar(150) COLLATE utf8_unicode_ci NOT NULL COMMENT 'Название автозапчасти',
  `car_year_id` int(10) unsigned NOT NULL COMMENT 'Ссылка на год выпуска авто',
  `autopart_category_id` int(10) unsigned NOT NULL COMMENT 'Ссылка категорию автозапчасти',
  `manufacturer_id` int(10) unsigned NOT NULL COMMENT 'Ссылка на производителя автозапчасти',
  `article` varchar(150) COLLATE utf8_unicode_ci NOT NULL COMMENT 'Артикул',
  `provider_id` int(10) unsigned NOT NULL COMMENT 'Ссылка на поставщика',
  `price` float unsigned NOT NULL COMMENT 'Цена',
  `created_at` datetime DEFAULT current_timestamp() COMMENT 'Время создания строки',
  `updated_at` datetime DEFAULT current_timestamp() ON UPDATE current_timestamp() COMMENT 'Время обновления строки',
  PRIMARY KEY (`id`)
) ENGINE=InnoDB AUTO_INCREMENT=501 DEFAULT CHARSET=utf8 COLLATE=utf8_unicode_ci COMMENT='Автозапчасти';

INSERT INTO `autopart` (`id`, `autopart`, `car_year_id`, `autopart_category_id`, `manufacturer_id`, `article`, `provider_id`, `price`, `created_at`, `updated_at`) VALUES (1, 'ea', 1, 1, 1, '82542', 1, '86050600', '2020-02-06 06:39:23', '2019-09-24 03:00:38');
INSERT INTO `autopart` (`id`, `autopart`, `car_year_id`, `autopart_category_id`, `manufacturer_id`, `article`, `provider_id`, `price`, `created_at`, `updated_at`) VALUES (2, 'asperiores', 2, 2, 2, '19613', 2, '730.401', '2019-10-09 04:21:23', '2020-08-31 06:46:15');
INSERT INTO `autopart` (`id`, `autopart`, `car_year_id`, `autopart_category_id`, `manufacturer_id`, `article`, `provider_id`, `price`, `created_at`, `updated_at`) VALUES (3, 'modi', 3, 3, 3, '88', 3, '53464.5', '2019-11-15 02:23:20', '2020-07-28 05:55:51');
INSERT INTO `autopart` (`id`, `autopart`, `car_year_id`, `autopart_category_id`, `manufacturer_id`, `article`, `provider_id`, `price`, `created_at`, `updated_at`) VALUES (4, 'facere', 4, 4, 4, '16854', 4, '0', '2020-07-01 19:50:10', '2020-03-15 15:29:51');
INSERT INTO `autopart` (`id`, `autopart`, `car_year_id`, `autopart_category_id`, `manufacturer_id`, `article`, `provider_id`, `price`, `created_at`, `updated_at`) VALUES (5, 'accusantium', 5, 5, 5, '90', 5, '54691.5', '2020-03-02 19:43:37', '2020-08-09 13:43:00');
INSERT INTO `autopart` (`id`, `autopart`, `car_year_id`, `autopart_category_id`, `manufacturer_id`, `article`, `provider_id`, `price`, `created_at`, `updated_at`) VALUES (6, 'consequatur', 6, 6, 6, '6105', 1, '435809', '2019-09-25 18:21:30', '2020-05-18 10:55:09');
INSERT INTO `autopart` (`id`, `autopart`, `car_year_id`, `autopart_category_id`, `manufacturer_id`, `article`, `provider_id`, `price`, `created_at`, `updated_at`) VALUES (7, 'similique', 7, 7, 7, '31389176', 2, '3805250', '2020-01-05 17:59:28', '2020-03-18 17:42:56');
INSERT INTO `autopart` (`id`, `autopart`, `car_year_id`, `autopart_category_id`, `manufacturer_id`, `article`, `provider_id`, `price`, `created_at`, `updated_at`) VALUES (8, 'nulla', 8, 8, 8, '651738', 3, '31.8', '2020-07-07 15:33:35', '2020-04-16 16:13:48');
INSERT INTO `autopart` (`id`, `autopart`, `car_year_id`, `autopart_category_id`, `manufacturer_id`, `article`, `provider_id`, `price`, `created_at`, `updated_at`) VALUES (9, 'quam', 9, 9, 9, '674243', 4, '17.4959', '2020-08-27 13:43:36', '2020-01-30 19:24:24');
INSERT INTO `autopart` (`id`, `autopart`, `car_year_id`, `autopart_category_id`, `manufacturer_id`, `article`, `provider_id`, `price`, `created_at`, `updated_at`) VALUES (10, 'eaque', 10, 10, 10, '89465', 5, '23.1131', '2020-06-07 01:28:50', '2020-03-08 06:37:18');
INSERT INTO `autopart` (`id`, `autopart`, `car_year_id`, `autopart_category_id`, `manufacturer_id`, `article`, `provider_id`, `price`, `created_at`, `updated_at`) VALUES (11, 'consequatur', 11, 1, 11, '46088', 1, '484718', '2019-09-26 14:59:11', '2020-05-11 05:50:49');
INSERT INTO `autopart` (`id`, `autopart`, `car_year_id`, `autopart_category_id`, `manufacturer_id`, `article`, `provider_id`, `price`, `created_at`, `updated_at`) VALUES (12, 'incidunt', 12, 2, 12, '37453283', 2, '1393.35', '2020-01-13 14:15:12', '2020-07-30 15:33:43');
INSERT INTO `autopart` (`id`, `autopart`, `car_year_id`, `autopart_category_id`, `manufacturer_id`, `article`, `provider_id`, `price`, `created_at`, `updated_at`) VALUES (13, 'est', 13, 3, 13, '', 3, '1.1', '2020-03-15 16:43:46', '2020-03-14 13:03:03');
INSERT INTO `autopart` (`id`, `autopart`, `car_year_id`, `autopart_category_id`, `manufacturer_id`, `article`, `provider_id`, `price`, `created_at`, `updated_at`) VALUES (14, 'laborum', 14, 4, 14, '69', 4, '273.138', '2019-10-25 14:29:24', '2020-03-10 01:17:17');
INSERT INTO `autopart` (`id`, `autopart`, `car_year_id`, `autopart_category_id`, `manufacturer_id`, `article`, `provider_id`, `price`, `created_at`, `updated_at`) VALUES (15, 'et', 15, 5, 15, '948139', 5, '0.52', '2020-05-11 14:54:07', '2020-04-13 21:11:20');
INSERT INTO `autopart` (`id`, `autopart`, `car_year_id`, `autopart_category_id`, `manufacturer_id`, `article`, `provider_id`, `price`, `created_at`, `updated_at`) VALUES (16, 'ullam', 16, 6, 16, '943152', 1, '0', '2020-03-13 06:58:00', '2019-12-31 10:48:54');
INSERT INTO `autopart` (`id`, `autopart`, `car_year_id`, `autopart_category_id`, `manufacturer_id`, `article`, `provider_id`, `price`, `created_at`, `updated_at`) VALUES (17, 'magnam', 17, 7, 17, '29071616', 2, '1.14107', '2019-10-28 15:33:50', '2020-02-08 20:27:33');
INSERT INTO `autopart` (`id`, `autopart`, `car_year_id`, `autopart_category_id`, `manufacturer_id`, `article`, `provider_id`, `price`, `created_at`, `updated_at`) VALUES (18, 'tempora', 18, 8, 18, '91184', 3, '58', '2019-11-21 04:15:59', '2019-10-15 16:04:40');
INSERT INTO `autopart` (`id`, `autopart`, `car_year_id`, `autopart_category_id`, `manufacturer_id`, `article`, `provider_id`, `price`, `created_at`, `updated_at`) VALUES (19, 'sunt', 19, 9, 19, '76', 4, '0', '2020-05-25 22:44:13', '2019-09-25 00:04:09');
INSERT INTO `autopart` (`id`, `autopart`, `car_year_id`, `autopart_category_id`, `manufacturer_id`, `article`, `provider_id`, `price`, `created_at`, `updated_at`) VALUES (20, 'cum', 20, 10, 20, '', 5, '6.34', '2020-08-22 03:19:24', '2020-05-04 00:20:10');
INSERT INTO `autopart` (`id`, `autopart`, `car_year_id`, `autopart_category_id`, `manufacturer_id`, `article`, `provider_id`, `price`, `created_at`, `updated_at`) VALUES (21, 'harum', 21, 1, 21, '9', 1, '41932500', '2019-12-22 09:04:24', '2020-08-08 06:26:35');
INSERT INTO `autopart` (`id`, `autopart`, `car_year_id`, `autopart_category_id`, `manufacturer_id`, `article`, `provider_id`, `price`, `created_at`, `updated_at`) VALUES (22, 'qui', 22, 2, 22, '796701', 2, '0', '2020-05-18 23:24:50', '2020-02-25 03:22:12');
INSERT INTO `autopart` (`id`, `autopart`, `car_year_id`, `autopart_category_id`, `manufacturer_id`, `article`, `provider_id`, `price`, `created_at`, `updated_at`) VALUES (23, 'vel', 23, 3, 23, '6192700', 3, '895.8', '2020-07-03 10:23:23', '2020-03-04 05:46:33');
INSERT INTO `autopart` (`id`, `autopart`, `car_year_id`, `autopart_category_id`, `manufacturer_id`, `article`, `provider_id`, `price`, `created_at`, `updated_at`) VALUES (24, 'quam', 24, 4, 24, '14267', 4, '31632400', '2019-12-30 13:22:50', '2020-02-01 11:07:00');
INSERT INTO `autopart` (`id`, `autopart`, `car_year_id`, `autopart_category_id`, `manufacturer_id`, `article`, `provider_id`, `price`, `created_at`, `updated_at`) VALUES (25, 'veritatis', 25, 5, 25, '181', 5, '16', '2019-10-21 10:00:19', '2020-04-18 16:33:09');
INSERT INTO `autopart` (`id`, `autopart`, `car_year_id`, `autopart_category_id`, `manufacturer_id`, `article`, `provider_id`, `price`, `created_at`, `updated_at`) VALUES (26, 'consequatur', 26, 6, 26, '', 1, '0.0241803', '2020-06-13 04:59:31', '2019-10-17 13:22:03');
INSERT INTO `autopart` (`id`, `autopart`, `car_year_id`, `autopart_category_id`, `manufacturer_id`, `article`, `provider_id`, `price`, `created_at`, `updated_at`) VALUES (27, 'velit', 27, 7, 27, '435240', 2, '515816', '2020-04-04 18:18:49', '2019-11-01 14:25:49');
INSERT INTO `autopart` (`id`, `autopart`, `car_year_id`, `autopart_category_id`, `manufacturer_id`, `article`, `provider_id`, `price`, `created_at`, `updated_at`) VALUES (28, 'fugiat', 28, 8, 28, '343268508', 3, '0.44038', '2020-01-29 05:55:54', '2020-03-21 06:26:44');
INSERT INTO `autopart` (`id`, `autopart`, `car_year_id`, `autopart_category_id`, `manufacturer_id`, `article`, `provider_id`, `price`, `created_at`, `updated_at`) VALUES (29, 'iste', 29, 9, 29, '35683628', 4, '20.0251', '2020-08-23 05:48:18', '2020-06-10 02:38:30');
INSERT INTO `autopart` (`id`, `autopart`, `car_year_id`, `autopart_category_id`, `manufacturer_id`, `article`, `provider_id`, `price`, `created_at`, `updated_at`) VALUES (30, 'perferendis', 30, 10, 30, '', 5, '11837500', '2020-03-18 17:36:19', '2020-04-02 06:22:31');
INSERT INTO `autopart` (`id`, `autopart`, `car_year_id`, `autopart_category_id`, `manufacturer_id`, `article`, `provider_id`, `price`, `created_at`, `updated_at`) VALUES (31, 'dolore', 31, 1, 31, '10019', 1, '4775.82', '2019-09-27 20:25:03', '2019-10-27 07:32:27');
INSERT INTO `autopart` (`id`, `autopart`, `car_year_id`, `autopart_category_id`, `manufacturer_id`, `article`, `provider_id`, `price`, `created_at`, `updated_at`) VALUES (32, 'rerum', 32, 2, 32, '147780', 2, '3259450', '2019-11-20 01:09:04', '2019-12-05 12:37:27');
INSERT INTO `autopart` (`id`, `autopart`, `car_year_id`, `autopart_category_id`, `manufacturer_id`, `article`, `provider_id`, `price`, `created_at`, `updated_at`) VALUES (33, 'dolore', 33, 3, 33, '24', 3, '801484', '2020-04-16 22:31:20', '2020-02-05 20:30:14');
INSERT INTO `autopart` (`id`, `autopart`, `car_year_id`, `autopart_category_id`, `manufacturer_id`, `article`, `provider_id`, `price`, `created_at`, `updated_at`) VALUES (34, 'impedit', 34, 4, 34, '80370391', 4, '145560', '2019-09-07 14:13:52', '2019-11-23 07:23:55');
INSERT INTO `autopart` (`id`, `autopart`, `car_year_id`, `autopart_category_id`, `manufacturer_id`, `article`, `provider_id`, `price`, `created_at`, `updated_at`) VALUES (35, 'architecto', 35, 5, 35, '14', 5, '13010.4', '2020-04-07 14:32:57', '2019-10-17 23:34:41');
INSERT INTO `autopart` (`id`, `autopart`, `car_year_id`, `autopart_category_id`, `manufacturer_id`, `article`, `provider_id`, `price`, `created_at`, `updated_at`) VALUES (36, 'in', 36, 6, 36, '26545263', 1, '360938000', '2020-03-15 23:59:36', '2020-08-06 02:32:54');
INSERT INTO `autopart` (`id`, `autopart`, `car_year_id`, `autopart_category_id`, `manufacturer_id`, `article`, `provider_id`, `price`, `created_at`, `updated_at`) VALUES (37, 'voluptatem', 37, 7, 37, '8361527', 2, '1041350', '2020-04-24 06:42:16', '2020-07-08 17:14:33');
INSERT INTO `autopart` (`id`, `autopart`, `car_year_id`, `autopart_category_id`, `manufacturer_id`, `article`, `provider_id`, `price`, `created_at`, `updated_at`) VALUES (38, 'facilis', 38, 8, 38, '6', 3, '22676200', '2020-01-19 02:14:19', '2020-04-19 03:56:17');
INSERT INTO `autopart` (`id`, `autopart`, `car_year_id`, `autopart_category_id`, `manufacturer_id`, `article`, `provider_id`, `price`, `created_at`, `updated_at`) VALUES (39, 'sunt', 39, 9, 39, '52765', 4, '7008770', '2020-07-20 00:41:27', '2020-06-11 02:00:57');
INSERT INTO `autopart` (`id`, `autopart`, `car_year_id`, `autopart_category_id`, `manufacturer_id`, `article`, `provider_id`, `price`, `created_at`, `updated_at`) VALUES (40, 'voluptas', 40, 10, 40, '', 5, '89.8823', '2020-06-19 07:25:35', '2020-07-27 11:22:49');
INSERT INTO `autopart` (`id`, `autopart`, `car_year_id`, `autopart_category_id`, `manufacturer_id`, `article`, `provider_id`, `price`, `created_at`, `updated_at`) VALUES (41, 'expedita', 41, 1, 41, '381', 1, '1275120', '2020-02-14 05:23:02', '2020-05-31 02:36:57');
INSERT INTO `autopart` (`id`, `autopart`, `car_year_id`, `autopart_category_id`, `manufacturer_id`, `article`, `provider_id`, `price`, `created_at`, `updated_at`) VALUES (42, 'quod', 42, 2, 42, '22', 2, '466023000', '2020-03-17 07:17:58', '2019-10-28 14:56:35');
INSERT INTO `autopart` (`id`, `autopart`, `car_year_id`, `autopart_category_id`, `manufacturer_id`, `article`, `provider_id`, `price`, `created_at`, `updated_at`) VALUES (43, 'quis', 43, 3, 43, '9', 3, '204439000', '2020-06-12 14:28:12', '2019-11-16 14:14:39');
INSERT INTO `autopart` (`id`, `autopart`, `car_year_id`, `autopart_category_id`, `manufacturer_id`, `article`, `provider_id`, `price`, `created_at`, `updated_at`) VALUES (44, 'omnis', 44, 4, 44, '591234221', 4, '822584', '2020-03-24 06:26:16', '2019-09-22 17:27:35');
INSERT INTO `autopart` (`id`, `autopart`, `car_year_id`, `autopart_category_id`, `manufacturer_id`, `article`, `provider_id`, `price`, `created_at`, `updated_at`) VALUES (45, 'maxime', 45, 5, 45, '9', 5, '142.749', '2020-07-09 20:39:03', '2020-08-03 19:20:20');
INSERT INTO `autopart` (`id`, `autopart`, `car_year_id`, `autopart_category_id`, `manufacturer_id`, `article`, `provider_id`, `price`, `created_at`, `updated_at`) VALUES (46, 'ut', 46, 6, 46, '653', 1, '25520.9', '2020-07-07 10:00:01', '2020-06-14 00:20:06');
INSERT INTO `autopart` (`id`, `autopart`, `car_year_id`, `autopart_category_id`, `manufacturer_id`, `article`, `provider_id`, `price`, `created_at`, `updated_at`) VALUES (47, 'est', 47, 7, 47, '1', 2, '496769000', '2020-02-26 12:06:11', '2020-05-24 17:06:14');
INSERT INTO `autopart` (`id`, `autopart`, `car_year_id`, `autopart_category_id`, `manufacturer_id`, `article`, `provider_id`, `price`, `created_at`, `updated_at`) VALUES (48, 'facilis', 48, 8, 48, '579607660', 3, '2246.03', '2020-03-20 13:14:59', '2019-10-08 15:14:13');
INSERT INTO `autopart` (`id`, `autopart`, `car_year_id`, `autopart_category_id`, `manufacturer_id`, `article`, `provider_id`, `price`, `created_at`, `updated_at`) VALUES (49, 'consequatur', 49, 9, 49, '8506895', 4, '0', '2020-05-12 08:24:54', '2019-10-19 10:38:12');
INSERT INTO `autopart` (`id`, `autopart`, `car_year_id`, `autopart_category_id`, `manufacturer_id`, `article`, `provider_id`, `price`, `created_at`, `updated_at`) VALUES (50, 'ut', 50, 10, 50, '58014', 5, '2405850', '2020-06-20 19:35:30', '2020-03-24 12:24:57');
INSERT INTO `autopart` (`id`, `autopart`, `car_year_id`, `autopart_category_id`, `manufacturer_id`, `article`, `provider_id`, `price`, `created_at`, `updated_at`) VALUES (51, 'veniam', 51, 1, 51, '', 1, '5197240', '2020-03-04 12:25:53', '2019-09-03 15:21:39');
INSERT INTO `autopart` (`id`, `autopart`, `car_year_id`, `autopart_category_id`, `manufacturer_id`, `article`, `provider_id`, `price`, `created_at`, `updated_at`) VALUES (52, 'ducimus', 52, 2, 52, '90032270', 2, '89.5972', '2019-10-04 06:05:55', '2019-09-14 16:17:00');
INSERT INTO `autopart` (`id`, `autopart`, `car_year_id`, `autopart_category_id`, `manufacturer_id`, `article`, `provider_id`, `price`, `created_at`, `updated_at`) VALUES (53, 'beatae', 53, 3, 53, '7', 3, '53.2', '2019-09-29 00:49:08', '2019-12-24 17:36:01');
INSERT INTO `autopart` (`id`, `autopart`, `car_year_id`, `autopart_category_id`, `manufacturer_id`, `article`, `provider_id`, `price`, `created_at`, `updated_at`) VALUES (54, 'sint', 54, 4, 54, '1075', 4, '46.368', '2019-09-01 12:45:38', '2020-03-13 19:52:57');
INSERT INTO `autopart` (`id`, `autopart`, `car_year_id`, `autopart_category_id`, `manufacturer_id`, `article`, `provider_id`, `price`, `created_at`, `updated_at`) VALUES (55, 'ut', 55, 5, 55, '33', 5, '197756', '2020-06-10 17:37:21', '2020-06-05 22:06:05');
INSERT INTO `autopart` (`id`, `autopart`, `car_year_id`, `autopart_category_id`, `manufacturer_id`, `article`, `provider_id`, `price`, `created_at`, `updated_at`) VALUES (56, 'quo', 56, 6, 56, '36026', 1, '579.5', '2020-02-19 10:22:52', '2020-02-11 19:45:48');
INSERT INTO `autopart` (`id`, `autopart`, `car_year_id`, `autopart_category_id`, `manufacturer_id`, `article`, `provider_id`, `price`, `created_at`, `updated_at`) VALUES (57, 'dolorum', 57, 7, 57, '', 2, '4260.66', '2020-05-02 06:56:49', '2020-03-29 01:56:49');
INSERT INTO `autopart` (`id`, `autopart`, `car_year_id`, `autopart_category_id`, `manufacturer_id`, `article`, `provider_id`, `price`, `created_at`, `updated_at`) VALUES (58, 'architecto', 58, 8, 58, '734549364', 3, '82009.8', '2020-06-07 12:58:22', '2020-03-22 09:44:26');
INSERT INTO `autopart` (`id`, `autopart`, `car_year_id`, `autopart_category_id`, `manufacturer_id`, `article`, `provider_id`, `price`, `created_at`, `updated_at`) VALUES (59, 'deleniti', 59, 9, 59, '7562', 4, '17.277', '2020-02-09 08:59:52', '2020-05-19 11:29:07');
INSERT INTO `autopart` (`id`, `autopart`, `car_year_id`, `autopart_category_id`, `manufacturer_id`, `article`, `provider_id`, `price`, `created_at`, `updated_at`) VALUES (60, 'quia', 60, 10, 60, '', 5, '1047130', '2020-01-30 12:32:03', '2019-11-05 01:04:04');
INSERT INTO `autopart` (`id`, `autopart`, `car_year_id`, `autopart_category_id`, `manufacturer_id`, `article`, `provider_id`, `price`, `created_at`, `updated_at`) VALUES (61, 'non', 61, 1, 61, '30282514', 1, '4.29763', '2020-07-28 08:59:41', '2020-01-17 01:25:12');
INSERT INTO `autopart` (`id`, `autopart`, `car_year_id`, `autopart_category_id`, `manufacturer_id`, `article`, `provider_id`, `price`, `created_at`, `updated_at`) VALUES (62, 'amet', 62, 2, 62, '3', 2, '19176700', '2020-01-29 00:43:26', '2020-01-04 11:39:11');
INSERT INTO `autopart` (`id`, `autopart`, `car_year_id`, `autopart_category_id`, `manufacturer_id`, `article`, `provider_id`, `price`, `created_at`, `updated_at`) VALUES (63, 'velit', 63, 3, 63, '640072159', 3, '6252070', '2020-02-08 03:43:21', '2020-05-18 09:39:02');
INSERT INTO `autopart` (`id`, `autopart`, `car_year_id`, `autopart_category_id`, `manufacturer_id`, `article`, `provider_id`, `price`, `created_at`, `updated_at`) VALUES (64, 'sint', 64, 4, 64, '6', 4, '1.79535', '2020-07-12 19:36:41', '2019-11-11 14:04:21');
INSERT INTO `autopart` (`id`, `autopart`, `car_year_id`, `autopart_category_id`, `manufacturer_id`, `article`, `provider_id`, `price`, `created_at`, `updated_at`) VALUES (65, 'commodi', 65, 5, 65, '431701', 5, '3.62203', '2020-07-07 01:49:18', '2019-12-29 05:08:14');
INSERT INTO `autopart` (`id`, `autopart`, `car_year_id`, `autopart_category_id`, `manufacturer_id`, `article`, `provider_id`, `price`, `created_at`, `updated_at`) VALUES (66, 'consequatur', 66, 6, 66, '945', 1, '1.07861', '2020-04-12 22:47:22', '2019-09-05 08:30:15');
INSERT INTO `autopart` (`id`, `autopart`, `car_year_id`, `autopart_category_id`, `manufacturer_id`, `article`, `provider_id`, `price`, `created_at`, `updated_at`) VALUES (67, 'quia', 67, 7, 67, '516729844', 2, '38922.1', '2019-09-09 00:58:39', '2020-03-15 13:04:41');
INSERT INTO `autopart` (`id`, `autopart`, `car_year_id`, `autopart_category_id`, `manufacturer_id`, `article`, `provider_id`, `price`, `created_at`, `updated_at`) VALUES (68, 'doloribus', 68, 8, 68, '53810643', 3, '0.84183', '2020-04-03 11:50:26', '2019-12-10 04:24:06');
INSERT INTO `autopart` (`id`, `autopart`, `car_year_id`, `autopart_category_id`, `manufacturer_id`, `article`, `provider_id`, `price`, `created_at`, `updated_at`) VALUES (69, 'omnis', 69, 9, 69, '2793', 4, '388536000', '2020-04-16 18:14:07', '2020-04-11 06:33:33');
INSERT INTO `autopart` (`id`, `autopart`, `car_year_id`, `autopart_category_id`, `manufacturer_id`, `article`, `provider_id`, `price`, `created_at`, `updated_at`) VALUES (70, 'rerum', 70, 10, 70, '1154', 5, '37899000', '2020-07-25 18:30:23', '2020-07-19 05:40:10');
INSERT INTO `autopart` (`id`, `autopart`, `car_year_id`, `autopart_category_id`, `manufacturer_id`, `article`, `provider_id`, `price`, `created_at`, `updated_at`) VALUES (71, 'sed', 71, 1, 71, '73232', 1, '11900600', '2020-05-27 12:10:42', '2020-01-25 00:26:53');
INSERT INTO `autopart` (`id`, `autopart`, `car_year_id`, `autopart_category_id`, `manufacturer_id`, `article`, `provider_id`, `price`, `created_at`, `updated_at`) VALUES (72, 'laboriosam', 72, 2, 72, '', 2, '0', '2020-02-01 13:29:39', '2020-06-01 01:16:17');
INSERT INTO `autopart` (`id`, `autopart`, `car_year_id`, `autopart_category_id`, `manufacturer_id`, `article`, `provider_id`, `price`, `created_at`, `updated_at`) VALUES (73, 'repellat', 73, 3, 73, '65524338', 3, '1406620', '2019-12-27 17:46:51', '2020-06-23 16:29:55');
INSERT INTO `autopart` (`id`, `autopart`, `car_year_id`, `autopart_category_id`, `manufacturer_id`, `article`, `provider_id`, `price`, `created_at`, `updated_at`) VALUES (74, 'sit', 74, 4, 74, '48287188', 4, '10225300', '2020-05-23 02:39:57', '2020-01-16 22:12:05');
INSERT INTO `autopart` (`id`, `autopart`, `car_year_id`, `autopart_category_id`, `manufacturer_id`, `article`, `provider_id`, `price`, `created_at`, `updated_at`) VALUES (75, 'velit', 75, 5, 75, '2', 5, '387858000', '2019-09-26 04:10:46', '2019-11-18 08:15:32');
INSERT INTO `autopart` (`id`, `autopart`, `car_year_id`, `autopart_category_id`, `manufacturer_id`, `article`, `provider_id`, `price`, `created_at`, `updated_at`) VALUES (76, 'eum', 76, 6, 76, '737780', 1, '2630.88', '2019-09-18 00:08:34', '2020-01-21 19:41:52');
INSERT INTO `autopart` (`id`, `autopart`, `car_year_id`, `autopart_category_id`, `manufacturer_id`, `article`, `provider_id`, `price`, `created_at`, `updated_at`) VALUES (77, 'cupiditate', 77, 7, 77, '1', 2, '3145650', '2019-10-18 04:55:50', '2020-04-24 22:01:27');
INSERT INTO `autopart` (`id`, `autopart`, `car_year_id`, `autopart_category_id`, `manufacturer_id`, `article`, `provider_id`, `price`, `created_at`, `updated_at`) VALUES (78, 'veritatis', 78, 8, 78, '', 3, '31632.9', '2019-11-04 18:05:18', '2020-07-25 11:04:03');
INSERT INTO `autopart` (`id`, `autopart`, `car_year_id`, `autopart_category_id`, `manufacturer_id`, `article`, `provider_id`, `price`, `created_at`, `updated_at`) VALUES (79, 'quas', 79, 9, 79, '91', 4, '95468.2', '2019-11-04 06:44:22', '2020-03-27 02:35:23');
INSERT INTO `autopart` (`id`, `autopart`, `car_year_id`, `autopart_category_id`, `manufacturer_id`, `article`, `provider_id`, `price`, `created_at`, `updated_at`) VALUES (80, 'qui', 80, 10, 80, '2', 5, '59884.2', '2019-09-18 22:46:26', '2020-03-25 03:49:50');
INSERT INTO `autopart` (`id`, `autopart`, `car_year_id`, `autopart_category_id`, `manufacturer_id`, `article`, `provider_id`, `price`, `created_at`, `updated_at`) VALUES (81, 'cum', 81, 1, 81, '172968', 1, '733', '2020-05-25 21:49:20', '2019-12-20 02:38:47');
INSERT INTO `autopart` (`id`, `autopart`, `car_year_id`, `autopart_category_id`, `manufacturer_id`, `article`, `provider_id`, `price`, `created_at`, `updated_at`) VALUES (82, 'et', 82, 2, 82, '5', 2, '317.54', '2020-03-01 21:54:24', '2019-10-23 15:13:37');
INSERT INTO `autopart` (`id`, `autopart`, `car_year_id`, `autopart_category_id`, `manufacturer_id`, `article`, `provider_id`, `price`, `created_at`, `updated_at`) VALUES (83, 'quis', 83, 3, 83, '', 3, '61403200', '2020-08-22 05:37:57', '2020-01-13 18:38:51');
INSERT INTO `autopart` (`id`, `autopart`, `car_year_id`, `autopart_category_id`, `manufacturer_id`, `article`, `provider_id`, `price`, `created_at`, `updated_at`) VALUES (84, 'necessitatibus', 84, 4, 84, '75', 4, '158740000', '2019-09-27 05:21:38', '2020-01-10 07:57:11');
INSERT INTO `autopart` (`id`, `autopart`, `car_year_id`, `autopart_category_id`, `manufacturer_id`, `article`, `provider_id`, `price`, `created_at`, `updated_at`) VALUES (85, 'dolorum', 85, 5, 85, '2736892', 5, '194.133', '2020-02-03 03:26:13', '2019-09-20 04:13:37');
INSERT INTO `autopart` (`id`, `autopart`, `car_year_id`, `autopart_category_id`, `manufacturer_id`, `article`, `provider_id`, `price`, `created_at`, `updated_at`) VALUES (86, 'iste', 86, 6, 86, '46047569', 1, '65661600', '2020-01-14 04:47:26', '2020-01-10 13:15:57');
INSERT INTO `autopart` (`id`, `autopart`, `car_year_id`, `autopart_category_id`, `manufacturer_id`, `article`, `provider_id`, `price`, `created_at`, `updated_at`) VALUES (87, 'et', 87, 7, 87, '63', 2, '1749.68', '2020-06-30 13:07:24', '2020-04-25 05:36:31');
INSERT INTO `autopart` (`id`, `autopart`, `car_year_id`, `autopart_category_id`, `manufacturer_id`, `article`, `provider_id`, `price`, `created_at`, `updated_at`) VALUES (88, 'commodi', 88, 8, 88, '243900939', 3, '5.6', '2019-10-01 15:42:31', '2020-03-18 20:46:08');
INSERT INTO `autopart` (`id`, `autopart`, `car_year_id`, `autopart_category_id`, `manufacturer_id`, `article`, `provider_id`, `price`, `created_at`, `updated_at`) VALUES (89, 'quia', 89, 9, 89, '30637697', 4, '775', '2019-09-09 23:50:04', '2020-04-07 04:44:44');
INSERT INTO `autopart` (`id`, `autopart`, `car_year_id`, `autopart_category_id`, `manufacturer_id`, `article`, `provider_id`, `price`, `created_at`, `updated_at`) VALUES (90, 'ut', 90, 10, 90, '248320', 5, '56704', '2019-12-05 11:49:51', '2020-01-19 07:28:57');
INSERT INTO `autopart` (`id`, `autopart`, `car_year_id`, `autopart_category_id`, `manufacturer_id`, `article`, `provider_id`, `price`, `created_at`, `updated_at`) VALUES (91, 'unde', 91, 1, 91, '780921', 1, '249578000', '2020-05-22 08:52:20', '2020-08-28 07:26:57');
INSERT INTO `autopart` (`id`, `autopart`, `car_year_id`, `autopart_category_id`, `manufacturer_id`, `article`, `provider_id`, `price`, `created_at`, `updated_at`) VALUES (92, 'voluptas', 92, 2, 92, '', 2, '550542000', '2020-08-16 00:14:37', '2019-12-18 21:40:29');
INSERT INTO `autopart` (`id`, `autopart`, `car_year_id`, `autopart_category_id`, `manufacturer_id`, `article`, `provider_id`, `price`, `created_at`, `updated_at`) VALUES (93, 'assumenda', 93, 3, 93, '7', 3, '214341', '2020-02-14 06:48:35', '2020-05-04 16:46:12');
INSERT INTO `autopart` (`id`, `autopart`, `car_year_id`, `autopart_category_id`, `manufacturer_id`, `article`, `provider_id`, `price`, `created_at`, `updated_at`) VALUES (94, 'impedit', 94, 4, 94, '7076024', 4, '141.205', '2019-09-13 23:46:22', '2020-03-01 13:56:04');
INSERT INTO `autopart` (`id`, `autopart`, `car_year_id`, `autopart_category_id`, `manufacturer_id`, `article`, `provider_id`, `price`, `created_at`, `updated_at`) VALUES (95, 'maxime', 95, 5, 95, '6509', 5, '82.1342', '2020-04-01 06:36:54', '2020-07-13 15:28:38');
INSERT INTO `autopart` (`id`, `autopart`, `car_year_id`, `autopart_category_id`, `manufacturer_id`, `article`, `provider_id`, `price`, `created_at`, `updated_at`) VALUES (96, 'quisquam', 96, 6, 96, '403', 1, '34.0651', '2020-06-23 15:48:59', '2020-07-03 05:11:02');
INSERT INTO `autopart` (`id`, `autopart`, `car_year_id`, `autopart_category_id`, `manufacturer_id`, `article`, `provider_id`, `price`, `created_at`, `updated_at`) VALUES (97, 'aut', 97, 7, 97, '422', 2, '0.787484', '2020-03-02 17:33:40', '2019-11-10 18:37:06');
INSERT INTO `autopart` (`id`, `autopart`, `car_year_id`, `autopart_category_id`, `manufacturer_id`, `article`, `provider_id`, `price`, `created_at`, `updated_at`) VALUES (98, 'repudiandae', 98, 8, 98, '420505', 3, '4.66799', '2020-03-22 12:18:31', '2020-05-24 17:46:05');
INSERT INTO `autopart` (`id`, `autopart`, `car_year_id`, `autopart_category_id`, `manufacturer_id`, `article`, `provider_id`, `price`, `created_at`, `updated_at`) VALUES (99, 'ab', 99, 9, 99, '5983597', 4, '262', '2020-04-21 10:08:30', '2019-09-11 09:58:39');
INSERT INTO `autopart` (`id`, `autopart`, `car_year_id`, `autopart_category_id`, `manufacturer_id`, `article`, `provider_id`, `price`, `created_at`, `updated_at`) VALUES (100, 'quia', 100, 10, 100, '8238895', 5, '309.6', '2019-11-12 04:07:20', '2020-05-04 22:00:38');
INSERT INTO `autopart` (`id`, `autopart`, `car_year_id`, `autopart_category_id`, `manufacturer_id`, `article`, `provider_id`, `price`, `created_at`, `updated_at`) VALUES (101, 'quas', 1, 1, 1, '369', 1, '555499000', '2020-03-13 00:30:50', '2020-08-10 16:29:18');
INSERT INTO `autopart` (`id`, `autopart`, `car_year_id`, `autopart_category_id`, `manufacturer_id`, `article`, `provider_id`, `price`, `created_at`, `updated_at`) VALUES (102, 'eum', 2, 2, 2, '', 2, '451.167', '2019-12-25 11:35:34', '2020-08-08 17:59:05');
INSERT INTO `autopart` (`id`, `autopart`, `car_year_id`, `autopart_category_id`, `manufacturer_id`, `article`, `provider_id`, `price`, `created_at`, `updated_at`) VALUES (103, 'quis', 3, 3, 3, '8', 3, '44262700', '2019-11-18 07:27:40', '2020-08-02 23:01:01');
INSERT INTO `autopart` (`id`, `autopart`, `car_year_id`, `autopart_category_id`, `manufacturer_id`, `article`, `provider_id`, `price`, `created_at`, `updated_at`) VALUES (104, 'repudiandae', 4, 4, 4, '314757460', 4, '2.07', '2019-11-06 21:18:30', '2019-11-26 01:50:53');
INSERT INTO `autopart` (`id`, `autopart`, `car_year_id`, `autopart_category_id`, `manufacturer_id`, `article`, `provider_id`, `price`, `created_at`, `updated_at`) VALUES (105, 'dolor', 5, 5, 5, '', 5, '73584.3', '2020-06-14 16:16:16', '2019-11-19 16:21:01');
INSERT INTO `autopart` (`id`, `autopart`, `car_year_id`, `autopart_category_id`, `manufacturer_id`, `article`, `provider_id`, `price`, `created_at`, `updated_at`) VALUES (106, 'voluptatibus', 6, 6, 6, '5661564', 1, '0.691153', '2020-02-22 14:20:26', '2020-05-19 10:42:06');
INSERT INTO `autopart` (`id`, `autopart`, `car_year_id`, `autopart_category_id`, `manufacturer_id`, `article`, `provider_id`, `price`, `created_at`, `updated_at`) VALUES (107, 'quo', 7, 7, 7, '', 2, '5334190', '2020-01-25 18:23:54', '2020-03-13 02:18:36');
INSERT INTO `autopart` (`id`, `autopart`, `car_year_id`, `autopart_category_id`, `manufacturer_id`, `article`, `provider_id`, `price`, `created_at`, `updated_at`) VALUES (108, 'quo', 8, 8, 8, '1', 3, '84.6628', '2020-03-03 23:13:35', '2020-06-19 16:17:40');
INSERT INTO `autopart` (`id`, `autopart`, `car_year_id`, `autopart_category_id`, `manufacturer_id`, `article`, `provider_id`, `price`, `created_at`, `updated_at`) VALUES (109, 'itaque', 9, 9, 9, '568564', 4, '1759590', '2019-10-07 10:42:17', '2020-07-06 15:27:20');
INSERT INTO `autopart` (`id`, `autopart`, `car_year_id`, `autopart_category_id`, `manufacturer_id`, `article`, `provider_id`, `price`, `created_at`, `updated_at`) VALUES (110, 'nesciunt', 10, 10, 10, '5', 5, '0', '2020-06-09 10:23:29', '2019-12-12 23:31:01');
INSERT INTO `autopart` (`id`, `autopart`, `car_year_id`, `autopart_category_id`, `manufacturer_id`, `article`, `provider_id`, `price`, `created_at`, `updated_at`) VALUES (111, 'ut', 11, 1, 11, '2', 1, '0', '2020-05-06 14:03:47', '2020-04-24 07:53:59');
INSERT INTO `autopart` (`id`, `autopart`, `car_year_id`, `autopart_category_id`, `manufacturer_id`, `article`, `provider_id`, `price`, `created_at`, `updated_at`) VALUES (112, 'ab', 12, 2, 12, '145720', 2, '3', '2019-09-30 00:19:09', '2020-07-13 00:29:02');
INSERT INTO `autopart` (`id`, `autopart`, `car_year_id`, `autopart_category_id`, `manufacturer_id`, `article`, `provider_id`, `price`, `created_at`, `updated_at`) VALUES (113, 'et', 13, 3, 13, '17149', 3, '4', '2019-10-27 07:19:21', '2019-11-04 23:32:54');
INSERT INTO `autopart` (`id`, `autopart`, `car_year_id`, `autopart_category_id`, `manufacturer_id`, `article`, `provider_id`, `price`, `created_at`, `updated_at`) VALUES (114, 'culpa', 14, 4, 14, '79', 4, '69488.9', '2020-03-08 12:48:44', '2020-07-21 20:03:09');
INSERT INTO `autopart` (`id`, `autopart`, `car_year_id`, `autopart_category_id`, `manufacturer_id`, `article`, `provider_id`, `price`, `created_at`, `updated_at`) VALUES (115, 'quibusdam', 15, 5, 15, '9462', 5, '0', '2020-02-23 09:28:28', '2019-12-07 11:44:04');
INSERT INTO `autopart` (`id`, `autopart`, `car_year_id`, `autopart_category_id`, `manufacturer_id`, `article`, `provider_id`, `price`, `created_at`, `updated_at`) VALUES (116, 'sed', 16, 6, 16, '6622681', 1, '130.352', '2020-06-30 09:38:27', '2020-01-01 22:33:04');
INSERT INTO `autopart` (`id`, `autopart`, `car_year_id`, `autopart_category_id`, `manufacturer_id`, `article`, `provider_id`, `price`, `created_at`, `updated_at`) VALUES (117, 'at', 17, 7, 17, '412', 2, '49214.8', '2020-06-06 14:02:16', '2019-10-20 00:47:04');
INSERT INTO `autopart` (`id`, `autopart`, `car_year_id`, `autopart_category_id`, `manufacturer_id`, `article`, `provider_id`, `price`, `created_at`, `updated_at`) VALUES (118, 'commodi', 18, 8, 18, '645881', 3, '80718.4', '2019-11-13 16:27:52', '2020-03-13 02:28:00');
INSERT INTO `autopart` (`id`, `autopart`, `car_year_id`, `autopart_category_id`, `manufacturer_id`, `article`, `provider_id`, `price`, `created_at`, `updated_at`) VALUES (119, 'debitis', 19, 9, 19, '68', 4, '167.709', '2020-01-05 05:50:49', '2019-10-02 06:53:41');
INSERT INTO `autopart` (`id`, `autopart`, `car_year_id`, `autopart_category_id`, `manufacturer_id`, `article`, `provider_id`, `price`, `created_at`, `updated_at`) VALUES (120, 'molestiae', 20, 10, 20, '15872', 5, '354.18', '2019-10-27 12:12:28', '2020-08-18 15:18:07');
INSERT INTO `autopart` (`id`, `autopart`, `car_year_id`, `autopart_category_id`, `manufacturer_id`, `article`, `provider_id`, `price`, `created_at`, `updated_at`) VALUES (121, 'reiciendis', 21, 1, 21, '', 1, '2672.6', '2019-11-10 01:19:26', '2020-04-28 11:32:28');
INSERT INTO `autopart` (`id`, `autopart`, `car_year_id`, `autopart_category_id`, `manufacturer_id`, `article`, `provider_id`, `price`, `created_at`, `updated_at`) VALUES (122, 'aspernatur', 22, 2, 22, '6', 2, '94.3638', '2019-10-04 07:19:51', '2020-02-13 17:02:07');
INSERT INTO `autopart` (`id`, `autopart`, `car_year_id`, `autopart_category_id`, `manufacturer_id`, `article`, `provider_id`, `price`, `created_at`, `updated_at`) VALUES (123, 'ut', 23, 3, 23, '31526', 3, '1820710', '2020-03-10 19:08:16', '2020-03-28 14:30:42');
INSERT INTO `autopart` (`id`, `autopart`, `car_year_id`, `autopart_category_id`, `manufacturer_id`, `article`, `provider_id`, `price`, `created_at`, `updated_at`) VALUES (124, 'amet', 24, 4, 24, '281', 4, '149269', '2020-05-25 23:55:59', '2020-04-12 12:12:45');
INSERT INTO `autopart` (`id`, `autopart`, `car_year_id`, `autopart_category_id`, `manufacturer_id`, `article`, `provider_id`, `price`, `created_at`, `updated_at`) VALUES (125, 'consequuntur', 25, 5, 25, '4499961', 5, '3599040', '2020-08-27 06:07:50', '2019-11-28 06:07:24');
INSERT INTO `autopart` (`id`, `autopart`, `car_year_id`, `autopart_category_id`, `manufacturer_id`, `article`, `provider_id`, `price`, `created_at`, `updated_at`) VALUES (126, 'dolor', 26, 6, 26, '', 1, '0', '2020-08-19 16:20:40', '2019-09-11 21:13:10');
INSERT INTO `autopart` (`id`, `autopart`, `car_year_id`, `autopart_category_id`, `manufacturer_id`, `article`, `provider_id`, `price`, `created_at`, `updated_at`) VALUES (127, 'voluptatem', 27, 7, 27, '6408', 2, '131024', '2020-03-10 00:16:47', '2019-10-05 17:05:37');
INSERT INTO `autopart` (`id`, `autopart`, `car_year_id`, `autopart_category_id`, `manufacturer_id`, `article`, `provider_id`, `price`, `created_at`, `updated_at`) VALUES (128, 'asperiores', 28, 8, 28, '3473607', 3, '33975700', '2020-05-06 19:22:42', '2019-11-26 15:43:21');
INSERT INTO `autopart` (`id`, `autopart`, `car_year_id`, `autopart_category_id`, `manufacturer_id`, `article`, `provider_id`, `price`, `created_at`, `updated_at`) VALUES (129, 'est', 29, 9, 29, '3', 4, '246500', '2019-12-28 16:12:23', '2020-03-10 03:42:24');
INSERT INTO `autopart` (`id`, `autopart`, `car_year_id`, `autopart_category_id`, `manufacturer_id`, `article`, `provider_id`, `price`, `created_at`, `updated_at`) VALUES (130, 'tempore', 30, 10, 30, '456', 5, '277.414', '2020-01-02 03:23:43', '2020-04-12 03:02:35');
INSERT INTO `autopart` (`id`, `autopart`, `car_year_id`, `autopart_category_id`, `manufacturer_id`, `article`, `provider_id`, `price`, `created_at`, `updated_at`) VALUES (131, 'dignissimos', 31, 1, 31, '170884666', 1, '89090000', '2020-08-27 11:27:46', '2019-11-01 08:58:41');
INSERT INTO `autopart` (`id`, `autopart`, `car_year_id`, `autopart_category_id`, `manufacturer_id`, `article`, `provider_id`, `price`, `created_at`, `updated_at`) VALUES (132, 'nihil', 32, 2, 32, '862916759', 2, '103257', '2019-12-15 08:28:46', '2020-06-01 11:32:58');
INSERT INTO `autopart` (`id`, `autopart`, `car_year_id`, `autopart_category_id`, `manufacturer_id`, `article`, `provider_id`, `price`, `created_at`, `updated_at`) VALUES (133, 'reiciendis', 33, 3, 33, '504090', 3, '8948850', '2020-04-16 05:31:48', '2019-10-01 04:43:59');
INSERT INTO `autopart` (`id`, `autopart`, `car_year_id`, `autopart_category_id`, `manufacturer_id`, `article`, `provider_id`, `price`, `created_at`, `updated_at`) VALUES (134, 'nisi', 34, 4, 34, '763664', 4, '5.4909', '2020-05-03 21:30:52', '2019-10-06 12:32:40');
INSERT INTO `autopart` (`id`, `autopart`, `car_year_id`, `autopart_category_id`, `manufacturer_id`, `article`, `provider_id`, `price`, `created_at`, `updated_at`) VALUES (135, 'voluptatibus', 35, 5, 35, '53524', 5, '0', '2020-08-20 02:30:12', '2020-07-03 12:42:58');
INSERT INTO `autopart` (`id`, `autopart`, `car_year_id`, `autopart_category_id`, `manufacturer_id`, `article`, `provider_id`, `price`, `created_at`, `updated_at`) VALUES (136, 'deserunt', 36, 6, 36, '671036225', 1, '0', '2019-11-14 10:53:07', '2020-08-13 09:07:27');
INSERT INTO `autopart` (`id`, `autopart`, `car_year_id`, `autopart_category_id`, `manufacturer_id`, `article`, `provider_id`, `price`, `created_at`, `updated_at`) VALUES (137, 'dolore', 37, 7, 37, '3', 2, '43925600', '2020-08-08 11:32:13', '2020-05-21 18:34:41');
INSERT INTO `autopart` (`id`, `autopart`, `car_year_id`, `autopart_category_id`, `manufacturer_id`, `article`, `provider_id`, `price`, `created_at`, `updated_at`) VALUES (138, 'autem', 38, 8, 38, '834218', 3, '7491.79', '2020-02-27 22:02:26', '2020-02-14 02:59:34');
INSERT INTO `autopart` (`id`, `autopart`, `car_year_id`, `autopart_category_id`, `manufacturer_id`, `article`, `provider_id`, `price`, `created_at`, `updated_at`) VALUES (139, 'deleniti', 39, 9, 39, '840075', 4, '15032.5', '2020-06-20 05:46:06', '2019-10-27 21:55:42');
INSERT INTO `autopart` (`id`, `autopart`, `car_year_id`, `autopart_category_id`, `manufacturer_id`, `article`, `provider_id`, `price`, `created_at`, `updated_at`) VALUES (140, 'et', 40, 10, 40, '4721', 5, '54326.4', '2019-11-22 00:39:40', '2020-08-05 07:39:26');
INSERT INTO `autopart` (`id`, `autopart`, `car_year_id`, `autopart_category_id`, `manufacturer_id`, `article`, `provider_id`, `price`, `created_at`, `updated_at`) VALUES (141, 'ab', 41, 1, 41, '8492', 1, '176207', '2019-12-02 00:29:30', '2020-02-16 15:52:31');
INSERT INTO `autopart` (`id`, `autopart`, `car_year_id`, `autopart_category_id`, `manufacturer_id`, `article`, `provider_id`, `price`, `created_at`, `updated_at`) VALUES (142, 'sed', 42, 2, 42, '366728976', 2, '529.481', '2020-02-27 16:29:25', '2020-01-23 19:05:39');
INSERT INTO `autopart` (`id`, `autopart`, `car_year_id`, `autopart_category_id`, `manufacturer_id`, `article`, `provider_id`, `price`, `created_at`, `updated_at`) VALUES (143, 'corrupti', 43, 3, 43, '6825', 3, '5702.21', '2019-09-30 18:17:11', '2020-05-03 18:54:47');
INSERT INTO `autopart` (`id`, `autopart`, `car_year_id`, `autopart_category_id`, `manufacturer_id`, `article`, `provider_id`, `price`, `created_at`, `updated_at`) VALUES (144, 'ut', 44, 4, 44, '36845883', 4, '0', '2020-04-09 17:38:37', '2020-01-17 15:58:39');
INSERT INTO `autopart` (`id`, `autopart`, `car_year_id`, `autopart_category_id`, `manufacturer_id`, `article`, `provider_id`, `price`, `created_at`, `updated_at`) VALUES (145, 'soluta', 45, 5, 45, '8308670', 5, '601.732', '2020-08-05 02:13:02', '2020-07-27 13:06:20');
INSERT INTO `autopart` (`id`, `autopart`, `car_year_id`, `autopart_category_id`, `manufacturer_id`, `article`, `provider_id`, `price`, `created_at`, `updated_at`) VALUES (146, 'pariatur', 46, 6, 46, '93363', 1, '0', '2020-07-18 04:52:45', '2020-06-29 17:14:00');
INSERT INTO `autopart` (`id`, `autopart`, `car_year_id`, `autopart_category_id`, `manufacturer_id`, `article`, `provider_id`, `price`, `created_at`, `updated_at`) VALUES (147, 'error', 47, 7, 47, '28001', 2, '198069000', '2020-05-07 10:30:16', '2020-06-28 13:22:31');
INSERT INTO `autopart` (`id`, `autopart`, `car_year_id`, `autopart_category_id`, `manufacturer_id`, `article`, `provider_id`, `price`, `created_at`, `updated_at`) VALUES (148, 'reiciendis', 48, 8, 48, '1426', 3, '6.01071', '2019-09-12 05:02:10', '2019-11-05 07:01:01');
INSERT INTO `autopart` (`id`, `autopart`, `car_year_id`, `autopart_category_id`, `manufacturer_id`, `article`, `provider_id`, `price`, `created_at`, `updated_at`) VALUES (149, 'tempore', 49, 9, 49, '996', 4, '157786', '2020-08-14 08:12:49', '2020-05-13 00:16:17');
INSERT INTO `autopart` (`id`, `autopart`, `car_year_id`, `autopart_category_id`, `manufacturer_id`, `article`, `provider_id`, `price`, `created_at`, `updated_at`) VALUES (150, 'totam', 50, 10, 50, '9721966', 5, '65.87', '2020-03-25 22:52:56', '2019-12-15 20:39:58');
INSERT INTO `autopart` (`id`, `autopart`, `car_year_id`, `autopart_category_id`, `manufacturer_id`, `article`, `provider_id`, `price`, `created_at`, `updated_at`) VALUES (151, 'qui', 51, 1, 51, '3070', 1, '5342800', '2020-04-16 22:58:52', '2019-11-08 11:25:30');
INSERT INTO `autopart` (`id`, `autopart`, `car_year_id`, `autopart_category_id`, `manufacturer_id`, `article`, `provider_id`, `price`, `created_at`, `updated_at`) VALUES (152, 'maiores', 52, 2, 52, '5193', 2, '1.5', '2020-07-26 22:09:37', '2020-05-29 21:34:36');
INSERT INTO `autopart` (`id`, `autopart`, `car_year_id`, `autopart_category_id`, `manufacturer_id`, `article`, `provider_id`, `price`, `created_at`, `updated_at`) VALUES (153, 'omnis', 53, 3, 53, '49', 3, '409539000', '2020-08-04 22:23:43', '2020-07-17 02:33:25');
INSERT INTO `autopart` (`id`, `autopart`, `car_year_id`, `autopart_category_id`, `manufacturer_id`, `article`, `provider_id`, `price`, `created_at`, `updated_at`) VALUES (154, 'assumenda', 54, 4, 54, '88', 4, '48.7148', '2019-09-18 08:14:11', '2020-08-28 00:54:55');
INSERT INTO `autopart` (`id`, `autopart`, `car_year_id`, `autopart_category_id`, `manufacturer_id`, `article`, `provider_id`, `price`, `created_at`, `updated_at`) VALUES (155, 'eos', 55, 5, 55, '88874', 5, '3574110', '2020-04-24 02:40:39', '2020-01-15 21:05:57');
INSERT INTO `autopart` (`id`, `autopart`, `car_year_id`, `autopart_category_id`, `manufacturer_id`, `article`, `provider_id`, `price`, `created_at`, `updated_at`) VALUES (156, 'rerum', 56, 6, 56, '82138052', 1, '5.5', '2020-06-27 10:53:50', '2020-08-12 06:10:03');
INSERT INTO `autopart` (`id`, `autopart`, `car_year_id`, `autopart_category_id`, `manufacturer_id`, `article`, `provider_id`, `price`, `created_at`, `updated_at`) VALUES (157, 'sunt', 57, 7, 57, '8998', 2, '70268.2', '2020-06-02 08:39:48', '2020-08-28 04:17:44');
INSERT INTO `autopart` (`id`, `autopart`, `car_year_id`, `autopart_category_id`, `manufacturer_id`, `article`, `provider_id`, `price`, `created_at`, `updated_at`) VALUES (158, 'architecto', 58, 8, 58, '27458', 3, '23616700', '2020-02-12 09:32:17', '2020-03-23 03:26:32');
INSERT INTO `autopart` (`id`, `autopart`, `car_year_id`, `autopart_category_id`, `manufacturer_id`, `article`, `provider_id`, `price`, `created_at`, `updated_at`) VALUES (159, 'vel', 59, 9, 59, '292319389', 4, '123427', '2019-11-09 23:21:01', '2020-05-16 12:51:59');
INSERT INTO `autopart` (`id`, `autopart`, `car_year_id`, `autopart_category_id`, `manufacturer_id`, `article`, `provider_id`, `price`, `created_at`, `updated_at`) VALUES (160, 'id', 60, 10, 60, '6734', 5, '762.242', '2020-02-13 01:04:14', '2020-04-11 02:37:48');
INSERT INTO `autopart` (`id`, `autopart`, `car_year_id`, `autopart_category_id`, `manufacturer_id`, `article`, `provider_id`, `price`, `created_at`, `updated_at`) VALUES (161, 'quis', 61, 1, 61, '53415931', 1, '14425.7', '2020-04-26 19:04:24', '2020-03-25 00:33:29');
INSERT INTO `autopart` (`id`, `autopart`, `car_year_id`, `autopart_category_id`, `manufacturer_id`, `article`, `provider_id`, `price`, `created_at`, `updated_at`) VALUES (162, 'excepturi', 62, 2, 62, '548', 2, '8807370', '2019-09-28 08:34:24', '2020-02-22 21:43:36');
INSERT INTO `autopart` (`id`, `autopart`, `car_year_id`, `autopart_category_id`, `manufacturer_id`, `article`, `provider_id`, `price`, `created_at`, `updated_at`) VALUES (163, 'esse', 63, 3, 63, '9', 3, '28742.9', '2019-11-24 13:47:56', '2020-03-26 04:21:06');
INSERT INTO `autopart` (`id`, `autopart`, `car_year_id`, `autopart_category_id`, `manufacturer_id`, `article`, `provider_id`, `price`, `created_at`, `updated_at`) VALUES (164, 'molestiae', 64, 4, 64, '89', 4, '484083', '2020-03-26 04:42:07', '2019-09-11 19:42:54');
INSERT INTO `autopart` (`id`, `autopart`, `car_year_id`, `autopart_category_id`, `manufacturer_id`, `article`, `provider_id`, `price`, `created_at`, `updated_at`) VALUES (165, 'consequatur', 65, 5, 65, '40289', 5, '58707.3', '2020-06-12 22:58:00', '2020-08-19 07:09:38');
INSERT INTO `autopart` (`id`, `autopart`, `car_year_id`, `autopart_category_id`, `manufacturer_id`, `article`, `provider_id`, `price`, `created_at`, `updated_at`) VALUES (166, 'esse', 66, 6, 66, '4634', 1, '77867000', '2020-06-04 04:53:41', '2020-03-04 05:26:17');
INSERT INTO `autopart` (`id`, `autopart`, `car_year_id`, `autopart_category_id`, `manufacturer_id`, `article`, `provider_id`, `price`, `created_at`, `updated_at`) VALUES (167, 'aut', 67, 7, 67, '5731', 2, '653599000', '2020-03-17 10:28:38', '2020-01-04 02:54:02');
INSERT INTO `autopart` (`id`, `autopart`, `car_year_id`, `autopart_category_id`, `manufacturer_id`, `article`, `provider_id`, `price`, `created_at`, `updated_at`) VALUES (168, 'repellat', 68, 8, 68, '162', 3, '2408.08', '2019-09-10 16:00:11', '2020-01-16 03:11:40');
INSERT INTO `autopart` (`id`, `autopart`, `car_year_id`, `autopart_category_id`, `manufacturer_id`, `article`, `provider_id`, `price`, `created_at`, `updated_at`) VALUES (169, 'consectetur', 69, 9, 69, '9', 4, '1715.3', '2020-07-31 20:54:06', '2019-10-22 08:24:31');
INSERT INTO `autopart` (`id`, `autopart`, `car_year_id`, `autopart_category_id`, `manufacturer_id`, `article`, `provider_id`, `price`, `created_at`, `updated_at`) VALUES (170, 'facere', 70, 10, 70, '654', 5, '72511', '2020-04-03 17:19:47', '2019-11-17 18:06:55');
INSERT INTO `autopart` (`id`, `autopart`, `car_year_id`, `autopart_category_id`, `manufacturer_id`, `article`, `provider_id`, `price`, `created_at`, `updated_at`) VALUES (171, 'omnis', 71, 1, 71, '53318', 1, '17398300', '2020-06-17 08:40:06', '2019-10-26 16:15:47');
INSERT INTO `autopart` (`id`, `autopart`, `car_year_id`, `autopart_category_id`, `manufacturer_id`, `article`, `provider_id`, `price`, `created_at`, `updated_at`) VALUES (172, 'ab', 72, 2, 72, '614713', 2, '293884000', '2020-05-08 00:51:19', '2020-05-28 00:56:36');
INSERT INTO `autopart` (`id`, `autopart`, `car_year_id`, `autopart_category_id`, `manufacturer_id`, `article`, `provider_id`, `price`, `created_at`, `updated_at`) VALUES (173, 'ad', 73, 3, 73, '69590090', 3, '646.297', '2019-11-02 22:08:46', '2020-03-14 09:02:54');
INSERT INTO `autopart` (`id`, `autopart`, `car_year_id`, `autopart_category_id`, `manufacturer_id`, `article`, `provider_id`, `price`, `created_at`, `updated_at`) VALUES (174, 'laborum', 74, 4, 74, '', 4, '193', '2020-04-20 16:06:19', '2020-08-07 13:49:57');
INSERT INTO `autopart` (`id`, `autopart`, `car_year_id`, `autopart_category_id`, `manufacturer_id`, `article`, `provider_id`, `price`, `created_at`, `updated_at`) VALUES (175, 'perspiciatis', 75, 5, 75, '2185', 5, '0', '2020-05-31 06:47:46', '2020-08-30 18:16:37');
INSERT INTO `autopart` (`id`, `autopart`, `car_year_id`, `autopart_category_id`, `manufacturer_id`, `article`, `provider_id`, `price`, `created_at`, `updated_at`) VALUES (176, 'porro', 76, 6, 76, '79249', 1, '0.303', '2019-11-16 04:19:08', '2019-12-06 18:37:17');
INSERT INTO `autopart` (`id`, `autopart`, `car_year_id`, `autopart_category_id`, `manufacturer_id`, `article`, `provider_id`, `price`, `created_at`, `updated_at`) VALUES (177, 'quo', 77, 7, 77, '57682', 2, '0', '2020-08-25 07:31:15', '2020-08-16 18:32:05');
INSERT INTO `autopart` (`id`, `autopart`, `car_year_id`, `autopart_category_id`, `manufacturer_id`, `article`, `provider_id`, `price`, `created_at`, `updated_at`) VALUES (178, 'consequatur', 78, 8, 78, '2508', 3, '15205600', '2019-12-30 08:26:47', '2019-11-26 10:43:44');
INSERT INTO `autopart` (`id`, `autopart`, `car_year_id`, `autopart_category_id`, `manufacturer_id`, `article`, `provider_id`, `price`, `created_at`, `updated_at`) VALUES (179, 'praesentium', 79, 9, 79, '', 4, '60497.6', '2019-12-06 10:47:09', '2020-07-29 06:39:34');
INSERT INTO `autopart` (`id`, `autopart`, `car_year_id`, `autopart_category_id`, `manufacturer_id`, `article`, `provider_id`, `price`, `created_at`, `updated_at`) VALUES (180, 'odio', 80, 10, 80, '', 5, '55', '2020-08-04 15:29:18', '2020-05-05 06:46:36');
INSERT INTO `autopart` (`id`, `autopart`, `car_year_id`, `autopart_category_id`, `manufacturer_id`, `article`, `provider_id`, `price`, `created_at`, `updated_at`) VALUES (181, 'et', 81, 1, 81, '5', 1, '5325.41', '2020-05-12 04:07:51', '2020-03-09 18:20:31');
INSERT INTO `autopart` (`id`, `autopart`, `car_year_id`, `autopart_category_id`, `manufacturer_id`, `article`, `provider_id`, `price`, `created_at`, `updated_at`) VALUES (182, 'repudiandae', 82, 2, 82, '', 2, '9157920', '2020-04-06 13:18:42', '2020-07-02 08:18:23');
INSERT INTO `autopart` (`id`, `autopart`, `car_year_id`, `autopart_category_id`, `manufacturer_id`, `article`, `provider_id`, `price`, `created_at`, `updated_at`) VALUES (183, 'nostrum', 83, 3, 83, '3', 3, '32.0152', '2020-03-06 21:22:05', '2020-04-12 08:13:11');
INSERT INTO `autopart` (`id`, `autopart`, `car_year_id`, `autopart_category_id`, `manufacturer_id`, `article`, `provider_id`, `price`, `created_at`, `updated_at`) VALUES (184, 'laboriosam', 84, 4, 84, '386', 4, '318.549', '2019-10-07 13:14:57', '2020-05-24 03:05:02');
INSERT INTO `autopart` (`id`, `autopart`, `car_year_id`, `autopart_category_id`, `manufacturer_id`, `article`, `provider_id`, `price`, `created_at`, `updated_at`) VALUES (185, 'quidem', 85, 5, 85, '7', 5, '32656200', '2020-05-29 06:38:31', '2020-01-05 22:55:31');
INSERT INTO `autopart` (`id`, `autopart`, `car_year_id`, `autopart_category_id`, `manufacturer_id`, `article`, `provider_id`, `price`, `created_at`, `updated_at`) VALUES (186, 'omnis', 86, 6, 86, '845905', 1, '150532', '2020-04-20 23:51:25', '2020-01-27 10:23:02');
INSERT INTO `autopart` (`id`, `autopart`, `car_year_id`, `autopart_category_id`, `manufacturer_id`, `article`, `provider_id`, `price`, `created_at`, `updated_at`) VALUES (187, 'quidem', 87, 7, 87, '7', 2, '1704710', '2019-12-06 06:37:44', '2019-09-14 07:12:30');
INSERT INTO `autopart` (`id`, `autopart`, `car_year_id`, `autopart_category_id`, `manufacturer_id`, `article`, `provider_id`, `price`, `created_at`, `updated_at`) VALUES (188, 'voluptas', 88, 8, 88, '699', 3, '3.0224', '2019-10-26 10:04:37', '2019-11-29 23:25:56');
INSERT INTO `autopart` (`id`, `autopart`, `car_year_id`, `autopart_category_id`, `manufacturer_id`, `article`, `provider_id`, `price`, `created_at`, `updated_at`) VALUES (189, 'deserunt', 89, 9, 89, '', 4, '761.961', '2019-10-31 13:55:26', '2020-03-18 21:30:44');
INSERT INTO `autopart` (`id`, `autopart`, `car_year_id`, `autopart_category_id`, `manufacturer_id`, `article`, `provider_id`, `price`, `created_at`, `updated_at`) VALUES (190, 'quos', 90, 10, 90, '84', 5, '23300600', '2019-09-14 13:34:43', '2020-04-02 01:34:52');
INSERT INTO `autopart` (`id`, `autopart`, `car_year_id`, `autopart_category_id`, `manufacturer_id`, `article`, `provider_id`, `price`, `created_at`, `updated_at`) VALUES (191, 'et', 91, 1, 91, '', 1, '455893000', '2019-10-17 12:19:07', '2020-05-25 05:07:15');
INSERT INTO `autopart` (`id`, `autopart`, `car_year_id`, `autopart_category_id`, `manufacturer_id`, `article`, `provider_id`, `price`, `created_at`, `updated_at`) VALUES (192, 'vitae', 92, 2, 92, '25', 2, '1.30321', '2019-09-27 02:31:37', '2020-05-31 00:26:05');
INSERT INTO `autopart` (`id`, `autopart`, `car_year_id`, `autopart_category_id`, `manufacturer_id`, `article`, `provider_id`, `price`, `created_at`, `updated_at`) VALUES (193, 'recusandae', 93, 3, 93, '583', 3, '4552870', '2020-02-13 01:59:46', '2019-11-07 14:16:28');
INSERT INTO `autopart` (`id`, `autopart`, `car_year_id`, `autopart_category_id`, `manufacturer_id`, `article`, `provider_id`, `price`, `created_at`, `updated_at`) VALUES (194, 'tempore', 94, 4, 94, '37055', 4, '0.67', '2020-07-16 07:58:39', '2020-01-06 03:42:07');
INSERT INTO `autopart` (`id`, `autopart`, `car_year_id`, `autopart_category_id`, `manufacturer_id`, `article`, `provider_id`, `price`, `created_at`, `updated_at`) VALUES (195, 'sed', 95, 5, 95, '231715462', 5, '8906.6', '2020-04-02 00:55:07', '2020-08-27 12:57:03');
INSERT INTO `autopart` (`id`, `autopart`, `car_year_id`, `autopart_category_id`, `manufacturer_id`, `article`, `provider_id`, `price`, `created_at`, `updated_at`) VALUES (196, 'sequi', 96, 6, 96, '2', 1, '3471.3', '2020-04-13 00:32:39', '2020-07-29 10:12:17');
INSERT INTO `autopart` (`id`, `autopart`, `car_year_id`, `autopart_category_id`, `manufacturer_id`, `article`, `provider_id`, `price`, `created_at`, `updated_at`) VALUES (197, 'inventore', 97, 7, 97, '503', 2, '207208', '2020-01-25 02:54:26', '2020-05-27 04:22:43');
INSERT INTO `autopart` (`id`, `autopart`, `car_year_id`, `autopart_category_id`, `manufacturer_id`, `article`, `provider_id`, `price`, `created_at`, `updated_at`) VALUES (198, 'excepturi', 98, 8, 98, '449', 3, '112553000', '2020-04-21 15:37:08', '2020-01-05 15:20:02');
INSERT INTO `autopart` (`id`, `autopart`, `car_year_id`, `autopart_category_id`, `manufacturer_id`, `article`, `provider_id`, `price`, `created_at`, `updated_at`) VALUES (199, 'doloribus', 99, 9, 99, '177', 4, '0.60944', '2020-02-16 11:09:42', '2020-06-19 07:18:26');
INSERT INTO `autopart` (`id`, `autopart`, `car_year_id`, `autopart_category_id`, `manufacturer_id`, `article`, `provider_id`, `price`, `created_at`, `updated_at`) VALUES (200, 'et', 100, 10, 100, '2450628', 5, '369.187', '2020-08-30 02:58:33', '2020-08-25 14:06:26');
INSERT INTO `autopart` (`id`, `autopart`, `car_year_id`, `autopart_category_id`, `manufacturer_id`, `article`, `provider_id`, `price`, `created_at`, `updated_at`) VALUES (201, 'ut', 1, 1, 1, '', 1, '641359', '2020-05-04 16:20:05', '2019-12-14 10:58:19');
INSERT INTO `autopart` (`id`, `autopart`, `car_year_id`, `autopart_category_id`, `manufacturer_id`, `article`, `provider_id`, `price`, `created_at`, `updated_at`) VALUES (202, 'consectetur', 2, 2, 2, '35', 2, '155063000', '2020-06-01 21:48:13', '2020-02-16 02:07:29');
INSERT INTO `autopart` (`id`, `autopart`, `car_year_id`, `autopart_category_id`, `manufacturer_id`, `article`, `provider_id`, `price`, `created_at`, `updated_at`) VALUES (203, 'tenetur', 3, 3, 3, '5223', 3, '13', '2019-10-23 17:55:22', '2020-02-25 21:12:07');
INSERT INTO `autopart` (`id`, `autopart`, `car_year_id`, `autopart_category_id`, `manufacturer_id`, `article`, `provider_id`, `price`, `created_at`, `updated_at`) VALUES (204, 'totam', 4, 4, 4, '94227', 4, '3800700', '2020-01-26 01:08:17', '2019-09-17 06:01:39');
INSERT INTO `autopart` (`id`, `autopart`, `car_year_id`, `autopart_category_id`, `manufacturer_id`, `article`, `provider_id`, `price`, `created_at`, `updated_at`) VALUES (205, 'autem', 5, 5, 5, '57689', 5, '2256390', '2020-03-13 14:11:30', '2020-07-06 01:42:32');
INSERT INTO `autopart` (`id`, `autopart`, `car_year_id`, `autopart_category_id`, `manufacturer_id`, `article`, `provider_id`, `price`, `created_at`, `updated_at`) VALUES (206, 'velit', 6, 6, 6, '', 1, '12048200', '2020-07-03 19:00:22', '2019-09-12 09:24:22');
INSERT INTO `autopart` (`id`, `autopart`, `car_year_id`, `autopart_category_id`, `manufacturer_id`, `article`, `provider_id`, `price`, `created_at`, `updated_at`) VALUES (207, 'reprehenderit', 7, 7, 7, '', 2, '291377', '2020-03-16 22:04:26', '2020-08-07 05:57:00');
INSERT INTO `autopart` (`id`, `autopart`, `car_year_id`, `autopart_category_id`, `manufacturer_id`, `article`, `provider_id`, `price`, `created_at`, `updated_at`) VALUES (208, 'nobis', 8, 8, 8, '', 3, '239.04', '2019-10-28 22:43:00', '2019-09-11 01:38:51');
INSERT INTO `autopart` (`id`, `autopart`, `car_year_id`, `autopart_category_id`, `manufacturer_id`, `article`, `provider_id`, `price`, `created_at`, `updated_at`) VALUES (209, 'non', 9, 9, 9, '2683', 4, '134785', '2020-08-21 19:13:50', '2019-10-06 17:45:24');
INSERT INTO `autopart` (`id`, `autopart`, `car_year_id`, `autopart_category_id`, `manufacturer_id`, `article`, `provider_id`, `price`, `created_at`, `updated_at`) VALUES (210, 'dicta', 10, 10, 10, '19770', 5, '257135', '2020-02-21 11:41:17', '2019-12-26 17:29:48');
INSERT INTO `autopart` (`id`, `autopart`, `car_year_id`, `autopart_category_id`, `manufacturer_id`, `article`, `provider_id`, `price`, `created_at`, `updated_at`) VALUES (211, 'est', 11, 1, 11, '403168', 1, '4603', '2020-03-03 22:33:04', '2020-07-24 15:21:38');
INSERT INTO `autopart` (`id`, `autopart`, `car_year_id`, `autopart_category_id`, `manufacturer_id`, `article`, `provider_id`, `price`, `created_at`, `updated_at`) VALUES (212, 'voluptates', 12, 2, 12, '343525', 2, '276.171', '2020-05-24 22:34:15', '2020-08-05 09:34:22');
INSERT INTO `autopart` (`id`, `autopart`, `car_year_id`, `autopart_category_id`, `manufacturer_id`, `article`, `provider_id`, `price`, `created_at`, `updated_at`) VALUES (213, 'ut', 13, 3, 13, '1', 3, '4665.1', '2020-01-15 14:42:19', '2020-08-03 00:23:16');
INSERT INTO `autopart` (`id`, `autopart`, `car_year_id`, `autopart_category_id`, `manufacturer_id`, `article`, `provider_id`, `price`, `created_at`, `updated_at`) VALUES (214, 'tenetur', 14, 4, 14, '489522799', 4, '313736', '2020-03-25 13:34:14', '2020-07-12 20:55:42');
INSERT INTO `autopart` (`id`, `autopart`, `car_year_id`, `autopart_category_id`, `manufacturer_id`, `article`, `provider_id`, `price`, `created_at`, `updated_at`) VALUES (215, 'incidunt', 15, 5, 15, '631674888', 5, '32538.4', '2020-01-04 18:28:24', '2020-02-24 02:53:37');
INSERT INTO `autopart` (`id`, `autopart`, `car_year_id`, `autopart_category_id`, `manufacturer_id`, `article`, `provider_id`, `price`, `created_at`, `updated_at`) VALUES (216, 'doloribus', 16, 6, 16, '', 1, '343890000', '2019-11-06 15:37:25', '2020-01-22 05:55:39');
INSERT INTO `autopart` (`id`, `autopart`, `car_year_id`, `autopart_category_id`, `manufacturer_id`, `article`, `provider_id`, `price`, `created_at`, `updated_at`) VALUES (217, 'ratione', 17, 7, 17, '22', 2, '3714.24', '2020-04-08 22:24:35', '2020-02-11 00:45:40');
INSERT INTO `autopart` (`id`, `autopart`, `car_year_id`, `autopart_category_id`, `manufacturer_id`, `article`, `provider_id`, `price`, `created_at`, `updated_at`) VALUES (218, 'illo', 18, 8, 18, '656870', 3, '217', '2020-04-22 13:47:13', '2020-06-02 01:15:32');
INSERT INTO `autopart` (`id`, `autopart`, `car_year_id`, `autopart_category_id`, `manufacturer_id`, `article`, `provider_id`, `price`, `created_at`, `updated_at`) VALUES (219, 'animi', 19, 9, 19, '', 4, '3.3', '2020-08-29 04:45:15', '2020-06-28 05:51:08');
INSERT INTO `autopart` (`id`, `autopart`, `car_year_id`, `autopart_category_id`, `manufacturer_id`, `article`, `provider_id`, `price`, `created_at`, `updated_at`) VALUES (220, 'doloribus', 20, 10, 20, '7841', 5, '138.226', '2019-12-25 01:53:40', '2019-11-15 16:39:37');
INSERT INTO `autopart` (`id`, `autopart`, `car_year_id`, `autopart_category_id`, `manufacturer_id`, `article`, `provider_id`, `price`, `created_at`, `updated_at`) VALUES (221, 'cum', 21, 1, 21, '500', 1, '0.047', '2020-01-24 19:38:39', '2019-09-12 23:28:40');
INSERT INTO `autopart` (`id`, `autopart`, `car_year_id`, `autopart_category_id`, `manufacturer_id`, `article`, `provider_id`, `price`, `created_at`, `updated_at`) VALUES (222, 'a', 22, 2, 22, '', 2, '23691700', '2019-11-21 02:50:25', '2019-10-24 11:13:47');
INSERT INTO `autopart` (`id`, `autopart`, `car_year_id`, `autopart_category_id`, `manufacturer_id`, `article`, `provider_id`, `price`, `created_at`, `updated_at`) VALUES (223, 'suscipit', 23, 3, 23, '18', 3, '403605000', '2020-05-05 06:12:30', '2020-01-15 05:06:27');
INSERT INTO `autopart` (`id`, `autopart`, `car_year_id`, `autopart_category_id`, `manufacturer_id`, `article`, `provider_id`, `price`, `created_at`, `updated_at`) VALUES (224, 'asperiores', 24, 4, 24, '9', 4, '10337.8', '2020-04-30 21:44:14', '2020-05-04 08:23:16');
INSERT INTO `autopart` (`id`, `autopart`, `car_year_id`, `autopart_category_id`, `manufacturer_id`, `article`, `provider_id`, `price`, `created_at`, `updated_at`) VALUES (225, 'ex', 25, 5, 25, '99', 5, '376084', '2020-08-01 07:28:54', '2020-05-04 23:49:49');
INSERT INTO `autopart` (`id`, `autopart`, `car_year_id`, `autopart_category_id`, `manufacturer_id`, `article`, `provider_id`, `price`, `created_at`, `updated_at`) VALUES (226, 'nisi', 26, 6, 26, '8425', 1, '174379000', '2019-12-09 10:49:17', '2020-02-19 12:26:37');
INSERT INTO `autopart` (`id`, `autopart`, `car_year_id`, `autopart_category_id`, `manufacturer_id`, `article`, `provider_id`, `price`, `created_at`, `updated_at`) VALUES (227, 'nostrum', 27, 7, 27, '131065', 2, '3636070', '2019-09-08 06:50:15', '2020-02-21 12:30:54');
INSERT INTO `autopart` (`id`, `autopart`, `car_year_id`, `autopart_category_id`, `manufacturer_id`, `article`, `provider_id`, `price`, `created_at`, `updated_at`) VALUES (228, 'modi', 28, 8, 28, '733596775', 3, '3714.66', '2020-07-22 04:36:26', '2020-05-27 15:13:41');
INSERT INTO `autopart` (`id`, `autopart`, `car_year_id`, `autopart_category_id`, `manufacturer_id`, `article`, `provider_id`, `price`, `created_at`, `updated_at`) VALUES (229, 'quia', 29, 9, 29, '5721849', 4, '206998', '2019-09-12 03:11:23', '2020-07-08 04:31:32');
INSERT INTO `autopart` (`id`, `autopart`, `car_year_id`, `autopart_category_id`, `manufacturer_id`, `article`, `provider_id`, `price`, `created_at`, `updated_at`) VALUES (230, 'in', 30, 10, 30, '7724', 5, '460.912', '2020-02-11 05:34:55', '2019-12-06 13:17:25');
INSERT INTO `autopart` (`id`, `autopart`, `car_year_id`, `autopart_category_id`, `manufacturer_id`, `article`, `provider_id`, `price`, `created_at`, `updated_at`) VALUES (231, 'dolore', 31, 1, 31, '462', 1, '562133', '2020-02-07 21:04:02', '2020-06-18 21:40:52');
INSERT INTO `autopart` (`id`, `autopart`, `car_year_id`, `autopart_category_id`, `manufacturer_id`, `article`, `provider_id`, `price`, `created_at`, `updated_at`) VALUES (232, 'autem', 32, 2, 32, '47639993', 2, '40.046', '2019-10-07 15:38:57', '2020-07-30 23:32:57');
INSERT INTO `autopart` (`id`, `autopart`, `car_year_id`, `autopart_category_id`, `manufacturer_id`, `article`, `provider_id`, `price`, `created_at`, `updated_at`) VALUES (233, 'id', 33, 3, 33, '79992303', 3, '148452000', '2020-01-04 20:29:55', '2020-07-26 05:50:10');
INSERT INTO `autopart` (`id`, `autopart`, `car_year_id`, `autopart_category_id`, `manufacturer_id`, `article`, `provider_id`, `price`, `created_at`, `updated_at`) VALUES (234, 'excepturi', 34, 4, 34, '14826628', 4, '1203770', '2020-02-04 22:40:31', '2020-04-24 22:34:33');
INSERT INTO `autopart` (`id`, `autopart`, `car_year_id`, `autopart_category_id`, `manufacturer_id`, `article`, `provider_id`, `price`, `created_at`, `updated_at`) VALUES (235, 'magnam', 35, 5, 35, '59530', 5, '0', '2020-03-24 14:45:51', '2019-09-18 04:53:23');
INSERT INTO `autopart` (`id`, `autopart`, `car_year_id`, `autopart_category_id`, `manufacturer_id`, `article`, `provider_id`, `price`, `created_at`, `updated_at`) VALUES (236, 'aut', 36, 6, 36, '553194', 1, '0', '2020-01-20 12:19:06', '2020-03-03 05:12:00');
INSERT INTO `autopart` (`id`, `autopart`, `car_year_id`, `autopart_category_id`, `manufacturer_id`, `article`, `provider_id`, `price`, `created_at`, `updated_at`) VALUES (237, 'ut', 37, 7, 37, '51', 2, '25008900', '2019-09-11 04:45:44', '2020-08-05 04:57:50');
INSERT INTO `autopart` (`id`, `autopart`, `car_year_id`, `autopart_category_id`, `manufacturer_id`, `article`, `provider_id`, `price`, `created_at`, `updated_at`) VALUES (238, 'nobis', 38, 8, 38, '27', 3, '299211', '2020-02-16 19:05:14', '2020-01-29 23:12:17');
INSERT INTO `autopart` (`id`, `autopart`, `car_year_id`, `autopart_category_id`, `manufacturer_id`, `article`, `provider_id`, `price`, `created_at`, `updated_at`) VALUES (239, 'iusto', 39, 9, 39, '', 4, '74.4635', '2020-05-11 10:13:13', '2019-10-15 04:49:37');
INSERT INTO `autopart` (`id`, `autopart`, `car_year_id`, `autopart_category_id`, `manufacturer_id`, `article`, `provider_id`, `price`, `created_at`, `updated_at`) VALUES (240, 'eum', 40, 10, 40, '34745', 5, '2481.02', '2020-01-31 18:09:52', '2020-01-31 21:33:58');
INSERT INTO `autopart` (`id`, `autopart`, `car_year_id`, `autopart_category_id`, `manufacturer_id`, `article`, `provider_id`, `price`, `created_at`, `updated_at`) VALUES (241, 'voluptatum', 41, 1, 41, '521', 1, '38518.7', '2020-07-07 20:57:35', '2019-10-21 08:53:15');
INSERT INTO `autopart` (`id`, `autopart`, `car_year_id`, `autopart_category_id`, `manufacturer_id`, `article`, `provider_id`, `price`, `created_at`, `updated_at`) VALUES (242, 'omnis', 42, 2, 42, '219707', 2, '44043.8', '2020-04-06 08:40:48', '2020-04-09 03:20:41');
INSERT INTO `autopart` (`id`, `autopart`, `car_year_id`, `autopart_category_id`, `manufacturer_id`, `article`, `provider_id`, `price`, `created_at`, `updated_at`) VALUES (243, 'voluptas', 43, 3, 43, '7820427', 3, '105.51', '2019-10-12 10:16:58', '2019-10-07 21:14:23');
INSERT INTO `autopart` (`id`, `autopart`, `car_year_id`, `autopart_category_id`, `manufacturer_id`, `article`, `provider_id`, `price`, `created_at`, `updated_at`) VALUES (244, 'non', 44, 4, 44, '5', 4, '2417580', '2019-10-05 19:37:57', '2019-12-15 16:02:06');
INSERT INTO `autopart` (`id`, `autopart`, `car_year_id`, `autopart_category_id`, `manufacturer_id`, `article`, `provider_id`, `price`, `created_at`, `updated_at`) VALUES (245, 'veritatis', 45, 5, 45, '7721015', 5, '0', '2020-04-24 09:35:45', '2020-07-29 19:05:41');
INSERT INTO `autopart` (`id`, `autopart`, `car_year_id`, `autopart_category_id`, `manufacturer_id`, `article`, `provider_id`, `price`, `created_at`, `updated_at`) VALUES (246, 'voluptas', 46, 6, 46, '4074081', 1, '29720.6', '2020-01-12 01:45:10', '2020-02-09 20:50:14');
INSERT INTO `autopart` (`id`, `autopart`, `car_year_id`, `autopart_category_id`, `manufacturer_id`, `article`, `provider_id`, `price`, `created_at`, `updated_at`) VALUES (247, 'rerum', 47, 7, 47, '696960754', 2, '10.929', '2019-09-26 03:07:55', '2020-05-09 20:38:18');
INSERT INTO `autopart` (`id`, `autopart`, `car_year_id`, `autopart_category_id`, `manufacturer_id`, `article`, `provider_id`, `price`, `created_at`, `updated_at`) VALUES (248, 'qui', 48, 8, 48, '302667352', 3, '310.047', '2020-02-17 02:51:35', '2020-07-15 17:38:40');
INSERT INTO `autopart` (`id`, `autopart`, `car_year_id`, `autopart_category_id`, `manufacturer_id`, `article`, `provider_id`, `price`, `created_at`, `updated_at`) VALUES (249, 'non', 49, 9, 49, '45', 4, '1673090', '2020-01-31 12:08:42', '2020-03-07 06:38:08');
INSERT INTO `autopart` (`id`, `autopart`, `car_year_id`, `autopart_category_id`, `manufacturer_id`, `article`, `provider_id`, `price`, `created_at`, `updated_at`) VALUES (250, 'aperiam', 50, 10, 50, '968', 5, '35759', '2019-09-15 06:56:21', '2020-04-05 02:19:11');
INSERT INTO `autopart` (`id`, `autopart`, `car_year_id`, `autopart_category_id`, `manufacturer_id`, `article`, `provider_id`, `price`, `created_at`, `updated_at`) VALUES (251, 'nulla', 51, 1, 51, '1464', 1, '140.04', '2020-04-05 04:57:37', '2020-07-18 07:52:06');
INSERT INTO `autopart` (`id`, `autopart`, `car_year_id`, `autopart_category_id`, `manufacturer_id`, `article`, `provider_id`, `price`, `created_at`, `updated_at`) VALUES (252, 'consequatur', 52, 2, 52, '448', 2, '176.6', '2020-05-24 05:36:35', '2019-08-31 17:35:16');
INSERT INTO `autopart` (`id`, `autopart`, `car_year_id`, `autopart_category_id`, `manufacturer_id`, `article`, `provider_id`, `price`, `created_at`, `updated_at`) VALUES (253, 'nobis', 53, 3, 53, '473156647', 3, '22.3828', '2019-09-30 04:58:49', '2020-04-29 18:29:21');
INSERT INTO `autopart` (`id`, `autopart`, `car_year_id`, `autopart_category_id`, `manufacturer_id`, `article`, `provider_id`, `price`, `created_at`, `updated_at`) VALUES (254, 'excepturi', 54, 4, 54, '', 4, '513914', '2020-05-18 04:33:15', '2020-01-20 19:36:59');
INSERT INTO `autopart` (`id`, `autopart`, `car_year_id`, `autopart_category_id`, `manufacturer_id`, `article`, `provider_id`, `price`, `created_at`, `updated_at`) VALUES (255, 'ipsa', 55, 5, 55, '39911', 5, '26011', '2020-06-13 21:44:24', '2019-12-23 09:51:39');
INSERT INTO `autopart` (`id`, `autopart`, `car_year_id`, `autopart_category_id`, `manufacturer_id`, `article`, `provider_id`, `price`, `created_at`, `updated_at`) VALUES (256, 'ut', 56, 6, 56, '521397', 1, '920906', '2020-08-13 02:20:20', '2020-04-18 09:37:17');
INSERT INTO `autopart` (`id`, `autopart`, `car_year_id`, `autopart_category_id`, `manufacturer_id`, `article`, `provider_id`, `price`, `created_at`, `updated_at`) VALUES (257, 'sed', 57, 7, 57, '84217', 2, '376.899', '2020-03-19 06:40:24', '2020-06-13 12:34:51');
INSERT INTO `autopart` (`id`, `autopart`, `car_year_id`, `autopart_category_id`, `manufacturer_id`, `article`, `provider_id`, `price`, `created_at`, `updated_at`) VALUES (258, 'voluptas', 58, 8, 58, '394831', 3, '74158400', '2020-07-14 04:46:05', '2020-04-12 16:45:55');
INSERT INTO `autopart` (`id`, `autopart`, `car_year_id`, `autopart_category_id`, `manufacturer_id`, `article`, `provider_id`, `price`, `created_at`, `updated_at`) VALUES (259, 'est', 59, 9, 59, '296019', 4, '1400.95', '2020-05-14 06:57:46', '2019-09-01 06:37:48');
INSERT INTO `autopart` (`id`, `autopart`, `car_year_id`, `autopart_category_id`, `manufacturer_id`, `article`, `provider_id`, `price`, `created_at`, `updated_at`) VALUES (260, 'molestias', 60, 10, 60, '41821768', 5, '494863000', '2020-06-17 09:29:13', '2019-10-12 16:31:43');
INSERT INTO `autopart` (`id`, `autopart`, `car_year_id`, `autopart_category_id`, `manufacturer_id`, `article`, `provider_id`, `price`, `created_at`, `updated_at`) VALUES (261, 'sint', 61, 1, 61, '6144958', 1, '7', '2020-02-12 16:23:07', '2020-08-15 08:38:10');
INSERT INTO `autopart` (`id`, `autopart`, `car_year_id`, `autopart_category_id`, `manufacturer_id`, `article`, `provider_id`, `price`, `created_at`, `updated_at`) VALUES (262, 'amet', 62, 2, 62, '2060', 2, '0', '2020-02-15 09:43:23', '2019-10-17 10:14:38');
INSERT INTO `autopart` (`id`, `autopart`, `car_year_id`, `autopart_category_id`, `manufacturer_id`, `article`, `provider_id`, `price`, `created_at`, `updated_at`) VALUES (263, 'esse', 63, 3, 63, '14231', 3, '42.8', '2020-01-18 19:18:36', '2019-11-26 10:14:42');
INSERT INTO `autopart` (`id`, `autopart`, `car_year_id`, `autopart_category_id`, `manufacturer_id`, `article`, `provider_id`, `price`, `created_at`, `updated_at`) VALUES (264, 'sequi', 64, 4, 64, '730328', 4, '571.647', '2020-03-17 04:16:08', '2020-08-12 23:18:03');
INSERT INTO `autopart` (`id`, `autopart`, `car_year_id`, `autopart_category_id`, `manufacturer_id`, `article`, `provider_id`, `price`, `created_at`, `updated_at`) VALUES (265, 'quis', 65, 5, 65, '297', 5, '0.6', '2019-11-19 08:07:10', '2019-10-03 09:26:44');
INSERT INTO `autopart` (`id`, `autopart`, `car_year_id`, `autopart_category_id`, `manufacturer_id`, `article`, `provider_id`, `price`, `created_at`, `updated_at`) VALUES (266, 'enim', 66, 6, 66, '8145926', 1, '4723.53', '2020-08-30 16:19:55', '2020-06-03 12:32:33');
INSERT INTO `autopart` (`id`, `autopart`, `car_year_id`, `autopart_category_id`, `manufacturer_id`, `article`, `provider_id`, `price`, `created_at`, `updated_at`) VALUES (267, 'quam', 67, 7, 67, '77207051', 2, '2992.16', '2020-08-06 20:09:46', '2020-02-08 02:56:28');
INSERT INTO `autopart` (`id`, `autopart`, `car_year_id`, `autopart_category_id`, `manufacturer_id`, `article`, `provider_id`, `price`, `created_at`, `updated_at`) VALUES (268, 'voluptas', 68, 8, 68, '983265', 3, '3357450', '2020-05-13 23:16:21', '2020-08-22 04:01:58');
INSERT INTO `autopart` (`id`, `autopart`, `car_year_id`, `autopart_category_id`, `manufacturer_id`, `article`, `provider_id`, `price`, `created_at`, `updated_at`) VALUES (269, 'est', 69, 9, 69, '3252094', 4, '0.888369', '2019-09-08 05:04:23', '2020-06-18 01:59:06');
INSERT INTO `autopart` (`id`, `autopart`, `car_year_id`, `autopart_category_id`, `manufacturer_id`, `article`, `provider_id`, `price`, `created_at`, `updated_at`) VALUES (270, 'voluptas', 70, 10, 70, '5431713', 5, '535400000', '2020-02-22 00:09:33', '2020-05-31 08:34:29');
INSERT INTO `autopart` (`id`, `autopart`, `car_year_id`, `autopart_category_id`, `manufacturer_id`, `article`, `provider_id`, `price`, `created_at`, `updated_at`) VALUES (271, 'eligendi', 71, 1, 71, '83946807', 1, '8280860', '2020-08-07 02:39:06', '2019-12-26 12:24:47');
INSERT INTO `autopart` (`id`, `autopart`, `car_year_id`, `autopart_category_id`, `manufacturer_id`, `article`, `provider_id`, `price`, `created_at`, `updated_at`) VALUES (272, 'non', 72, 2, 72, '95288', 2, '3164540', '2020-01-16 13:36:14', '2020-02-09 07:10:02');
INSERT INTO `autopart` (`id`, `autopart`, `car_year_id`, `autopart_category_id`, `manufacturer_id`, `article`, `provider_id`, `price`, `created_at`, `updated_at`) VALUES (273, 'consectetur', 73, 3, 73, '8854127', 3, '258.477', '2019-12-09 03:05:51', '2019-12-02 16:42:22');
INSERT INTO `autopart` (`id`, `autopart`, `car_year_id`, `autopart_category_id`, `manufacturer_id`, `article`, `provider_id`, `price`, `created_at`, `updated_at`) VALUES (274, 'id', 74, 4, 74, '539842', 4, '3798', '2019-12-31 17:33:51', '2020-08-05 04:31:43');
INSERT INTO `autopart` (`id`, `autopart`, `car_year_id`, `autopart_category_id`, `manufacturer_id`, `article`, `provider_id`, `price`, `created_at`, `updated_at`) VALUES (275, 'et', 75, 5, 75, '19562', 5, '336.786', '2020-06-10 05:24:28', '2020-05-21 10:32:15');
INSERT INTO `autopart` (`id`, `autopart`, `car_year_id`, `autopart_category_id`, `manufacturer_id`, `article`, `provider_id`, `price`, `created_at`, `updated_at`) VALUES (276, 'omnis', 76, 6, 76, '5', 1, '20.4635', '2020-05-21 20:13:24', '2020-07-22 06:24:58');
INSERT INTO `autopart` (`id`, `autopart`, `car_year_id`, `autopart_category_id`, `manufacturer_id`, `article`, `provider_id`, `price`, `created_at`, `updated_at`) VALUES (277, 'sunt', 77, 7, 77, '', 2, '6402.04', '2020-02-16 23:17:27', '2020-05-24 00:48:30');
INSERT INTO `autopart` (`id`, `autopart`, `car_year_id`, `autopart_category_id`, `manufacturer_id`, `article`, `provider_id`, `price`, `created_at`, `updated_at`) VALUES (278, 'illo', 78, 8, 78, '9896420', 3, '98.38', '2019-10-18 08:30:49', '2020-07-03 22:54:23');
INSERT INTO `autopart` (`id`, `autopart`, `car_year_id`, `autopart_category_id`, `manufacturer_id`, `article`, `provider_id`, `price`, `created_at`, `updated_at`) VALUES (279, 'minima', 79, 9, 79, '80', 4, '3.4', '2020-07-26 14:52:50', '2020-08-28 17:00:26');
INSERT INTO `autopart` (`id`, `autopart`, `car_year_id`, `autopart_category_id`, `manufacturer_id`, `article`, `provider_id`, `price`, `created_at`, `updated_at`) VALUES (280, 'quia', 80, 10, 80, '7415', 5, '1.86', '2020-03-14 21:08:41', '2020-04-11 15:19:26');
INSERT INTO `autopart` (`id`, `autopart`, `car_year_id`, `autopart_category_id`, `manufacturer_id`, `article`, `provider_id`, `price`, `created_at`, `updated_at`) VALUES (281, 'nihil', 81, 1, 81, '', 1, '54207400', '2019-12-04 21:58:10', '2020-01-10 00:42:05');
INSERT INTO `autopart` (`id`, `autopart`, `car_year_id`, `autopart_category_id`, `manufacturer_id`, `article`, `provider_id`, `price`, `created_at`, `updated_at`) VALUES (282, 'totam', 82, 2, 82, '8', 2, '1013620', '2019-10-28 13:19:29', '2020-08-03 22:26:48');
INSERT INTO `autopart` (`id`, `autopart`, `car_year_id`, `autopart_category_id`, `manufacturer_id`, `article`, `provider_id`, `price`, `created_at`, `updated_at`) VALUES (283, 'sed', 83, 3, 83, '3369', 3, '5999500', '2020-01-31 07:57:40', '2019-09-10 00:06:34');
INSERT INTO `autopart` (`id`, `autopart`, `car_year_id`, `autopart_category_id`, `manufacturer_id`, `article`, `provider_id`, `price`, `created_at`, `updated_at`) VALUES (284, 'qui', 84, 4, 84, '', 4, '6534.87', '2020-01-30 07:28:46', '2020-05-11 10:17:44');
INSERT INTO `autopart` (`id`, `autopart`, `car_year_id`, `autopart_category_id`, `manufacturer_id`, `article`, `provider_id`, `price`, `created_at`, `updated_at`) VALUES (285, 'soluta', 85, 5, 85, '286723', 5, '29804', '2019-11-21 21:02:53', '2020-05-25 20:51:29');
INSERT INTO `autopart` (`id`, `autopart`, `car_year_id`, `autopart_category_id`, `manufacturer_id`, `article`, `provider_id`, `price`, `created_at`, `updated_at`) VALUES (286, 'eius', 86, 6, 86, '31669321', 1, '288.845', '2020-03-27 18:42:28', '2020-03-04 23:21:35');
INSERT INTO `autopart` (`id`, `autopart`, `car_year_id`, `autopart_category_id`, `manufacturer_id`, `article`, `provider_id`, `price`, `created_at`, `updated_at`) VALUES (287, 'ut', 87, 7, 87, '50648', 2, '509.181', '2020-07-11 02:32:40', '2020-05-13 23:50:48');
INSERT INTO `autopart` (`id`, `autopart`, `car_year_id`, `autopart_category_id`, `manufacturer_id`, `article`, `provider_id`, `price`, `created_at`, `updated_at`) VALUES (288, 'tempora', 88, 8, 88, '9763', 3, '656561', '2020-04-02 13:57:35', '2020-07-18 19:17:09');
INSERT INTO `autopart` (`id`, `autopart`, `car_year_id`, `autopart_category_id`, `manufacturer_id`, `article`, `provider_id`, `price`, `created_at`, `updated_at`) VALUES (289, 'sint', 89, 9, 89, '7851', 4, '9116', '2020-03-15 18:43:52', '2019-10-28 21:31:21');
INSERT INTO `autopart` (`id`, `autopart`, `car_year_id`, `autopart_category_id`, `manufacturer_id`, `article`, `provider_id`, `price`, `created_at`, `updated_at`) VALUES (290, 'dolores', 90, 10, 90, '5640', 5, '0', '2020-03-17 09:01:42', '2020-03-12 16:28:42');
INSERT INTO `autopart` (`id`, `autopart`, `car_year_id`, `autopart_category_id`, `manufacturer_id`, `article`, `provider_id`, `price`, `created_at`, `updated_at`) VALUES (291, 'repellat', 91, 1, 91, '295818910', 1, '21847.6', '2020-07-02 07:55:58', '2020-05-21 05:26:39');
INSERT INTO `autopart` (`id`, `autopart`, `car_year_id`, `autopart_category_id`, `manufacturer_id`, `article`, `provider_id`, `price`, `created_at`, `updated_at`) VALUES (292, 'nisi', 92, 2, 92, '6974', 2, '41680.4', '2020-01-22 16:59:33', '2020-08-07 22:43:44');
INSERT INTO `autopart` (`id`, `autopart`, `car_year_id`, `autopart_category_id`, `manufacturer_id`, `article`, `provider_id`, `price`, `created_at`, `updated_at`) VALUES (293, 'veniam', 93, 3, 93, '47', 3, '319', '2020-02-10 03:01:33', '2020-05-24 19:29:29');
INSERT INTO `autopart` (`id`, `autopart`, `car_year_id`, `autopart_category_id`, `manufacturer_id`, `article`, `provider_id`, `price`, `created_at`, `updated_at`) VALUES (294, 'iste', 94, 4, 94, '5618328', 4, '34.15', '2019-09-09 17:12:18', '2019-12-28 07:23:18');
INSERT INTO `autopart` (`id`, `autopart`, `car_year_id`, `autopart_category_id`, `manufacturer_id`, `article`, `provider_id`, `price`, `created_at`, `updated_at`) VALUES (295, 'recusandae', 95, 5, 95, '569319', 5, '479704', '2020-06-04 23:27:37', '2020-01-20 18:31:47');
INSERT INTO `autopart` (`id`, `autopart`, `car_year_id`, `autopart_category_id`, `manufacturer_id`, `article`, `provider_id`, `price`, `created_at`, `updated_at`) VALUES (296, 'est', 96, 6, 96, '7235765', 1, '4299', '2019-11-18 01:48:28', '2019-11-25 07:56:35');
INSERT INTO `autopart` (`id`, `autopart`, `car_year_id`, `autopart_category_id`, `manufacturer_id`, `article`, `provider_id`, `price`, `created_at`, `updated_at`) VALUES (297, 'maxime', 97, 7, 97, '674206', 2, '4998720', '2020-02-20 13:33:52', '2020-02-26 05:13:25');
INSERT INTO `autopart` (`id`, `autopart`, `car_year_id`, `autopart_category_id`, `manufacturer_id`, `article`, `provider_id`, `price`, `created_at`, `updated_at`) VALUES (298, 'reiciendis', 98, 8, 98, '87', 3, '1211550', '2020-02-21 22:24:00', '2020-06-29 23:42:37');
INSERT INTO `autopart` (`id`, `autopart`, `car_year_id`, `autopart_category_id`, `manufacturer_id`, `article`, `provider_id`, `price`, `created_at`, `updated_at`) VALUES (299, 'delectus', 99, 9, 99, '81805', 4, '248.795', '2020-03-23 10:47:41', '2020-02-05 19:33:43');
INSERT INTO `autopart` (`id`, `autopart`, `car_year_id`, `autopart_category_id`, `manufacturer_id`, `article`, `provider_id`, `price`, `created_at`, `updated_at`) VALUES (300, 'adipisci', 100, 10, 100, '2990363', 5, '6649470', '2020-05-17 12:27:32', '2020-06-25 05:51:15');
INSERT INTO `autopart` (`id`, `autopart`, `car_year_id`, `autopart_category_id`, `manufacturer_id`, `article`, `provider_id`, `price`, `created_at`, `updated_at`) VALUES (301, 'laboriosam', 1, 1, 1, '8803', 1, '1676.62', '2019-09-15 15:13:22', '2020-05-06 03:10:56');
INSERT INTO `autopart` (`id`, `autopart`, `car_year_id`, `autopart_category_id`, `manufacturer_id`, `article`, `provider_id`, `price`, `created_at`, `updated_at`) VALUES (302, 'similique', 2, 2, 2, '6836813', 2, '2717', '2020-06-23 12:57:11', '2019-12-08 16:05:46');
INSERT INTO `autopart` (`id`, `autopart`, `car_year_id`, `autopart_category_id`, `manufacturer_id`, `article`, `provider_id`, `price`, `created_at`, `updated_at`) VALUES (303, 'dolore', 3, 3, 3, '56178702', 3, '69360.4', '2020-08-13 11:49:54', '2020-02-01 22:09:44');
INSERT INTO `autopart` (`id`, `autopart`, `car_year_id`, `autopart_category_id`, `manufacturer_id`, `article`, `provider_id`, `price`, `created_at`, `updated_at`) VALUES (304, 'officia', 4, 4, 4, '', 4, '7.30802', '2019-10-12 09:28:32', '2020-06-03 08:29:53');
INSERT INTO `autopart` (`id`, `autopart`, `car_year_id`, `autopart_category_id`, `manufacturer_id`, `article`, `provider_id`, `price`, `created_at`, `updated_at`) VALUES (305, 'omnis', 5, 5, 5, '311938520', 5, '9347120', '2019-10-06 04:04:24', '2020-04-29 18:46:19');
INSERT INTO `autopart` (`id`, `autopart`, `car_year_id`, `autopart_category_id`, `manufacturer_id`, `article`, `provider_id`, `price`, `created_at`, `updated_at`) VALUES (306, 'ex', 6, 6, 6, '8193461', 1, '76683900', '2019-12-27 07:10:48', '2020-07-29 04:59:21');
INSERT INTO `autopart` (`id`, `autopart`, `car_year_id`, `autopart_category_id`, `manufacturer_id`, `article`, `provider_id`, `price`, `created_at`, `updated_at`) VALUES (307, 'qui', 7, 7, 7, '', 2, '65291.4', '2020-08-20 09:23:26', '2020-04-13 02:42:16');
INSERT INTO `autopart` (`id`, `autopart`, `car_year_id`, `autopart_category_id`, `manufacturer_id`, `article`, `provider_id`, `price`, `created_at`, `updated_at`) VALUES (308, 'ut', 8, 8, 8, '93', 3, '0', '2020-02-23 13:01:49', '2020-06-22 16:15:06');
INSERT INTO `autopart` (`id`, `autopart`, `car_year_id`, `autopart_category_id`, `manufacturer_id`, `article`, `provider_id`, `price`, `created_at`, `updated_at`) VALUES (309, 'voluptatum', 9, 9, 9, '7', 4, '470505', '2020-04-02 14:37:18', '2019-12-10 11:38:46');
INSERT INTO `autopart` (`id`, `autopart`, `car_year_id`, `autopart_category_id`, `manufacturer_id`, `article`, `provider_id`, `price`, `created_at`, `updated_at`) VALUES (310, 'libero', 10, 10, 10, '7241346', 5, '1.4705', '2020-02-13 02:14:08', '2019-09-25 20:28:23');
INSERT INTO `autopart` (`id`, `autopart`, `car_year_id`, `autopart_category_id`, `manufacturer_id`, `article`, `provider_id`, `price`, `created_at`, `updated_at`) VALUES (311, 'et', 11, 1, 11, '99795', 1, '14544.7', '2020-07-03 09:33:17', '2020-08-21 09:26:38');
INSERT INTO `autopart` (`id`, `autopart`, `car_year_id`, `autopart_category_id`, `manufacturer_id`, `article`, `provider_id`, `price`, `created_at`, `updated_at`) VALUES (312, 'quaerat', 12, 2, 12, '', 2, '1.515', '2020-05-01 17:59:43', '2019-11-08 09:12:44');
INSERT INTO `autopart` (`id`, `autopart`, `car_year_id`, `autopart_category_id`, `manufacturer_id`, `article`, `provider_id`, `price`, `created_at`, `updated_at`) VALUES (313, 'odit', 13, 3, 13, '54004', 3, '0', '2020-07-12 02:51:43', '2020-01-19 13:43:42');
INSERT INTO `autopart` (`id`, `autopart`, `car_year_id`, `autopart_category_id`, `manufacturer_id`, `article`, `provider_id`, `price`, `created_at`, `updated_at`) VALUES (314, 'reprehenderit', 14, 4, 14, '582042', 4, '59.92', '2020-08-09 16:23:17', '2019-10-22 12:38:18');
INSERT INTO `autopart` (`id`, `autopart`, `car_year_id`, `autopart_category_id`, `manufacturer_id`, `article`, `provider_id`, `price`, `created_at`, `updated_at`) VALUES (315, 'facere', 15, 5, 15, '76921618', 5, '265.781', '2019-12-30 04:20:24', '2020-08-26 14:49:43');
INSERT INTO `autopart` (`id`, `autopart`, `car_year_id`, `autopart_category_id`, `manufacturer_id`, `article`, `provider_id`, `price`, `created_at`, `updated_at`) VALUES (316, 'mollitia', 16, 6, 16, '49959785', 1, '3057480', '2020-03-08 19:25:07', '2020-06-11 21:45:44');
INSERT INTO `autopart` (`id`, `autopart`, `car_year_id`, `autopart_category_id`, `manufacturer_id`, `article`, `provider_id`, `price`, `created_at`, `updated_at`) VALUES (317, 'non', 17, 7, 17, '613913378', 2, '30.5102', '2019-10-01 12:42:43', '2020-02-17 03:47:30');
INSERT INTO `autopart` (`id`, `autopart`, `car_year_id`, `autopart_category_id`, `manufacturer_id`, `article`, `provider_id`, `price`, `created_at`, `updated_at`) VALUES (318, 'asperiores', 18, 8, 18, '27980', 3, '37897600', '2019-09-19 04:16:21', '2020-01-08 01:45:26');
INSERT INTO `autopart` (`id`, `autopart`, `car_year_id`, `autopart_category_id`, `manufacturer_id`, `article`, `provider_id`, `price`, `created_at`, `updated_at`) VALUES (319, 'consectetur', 19, 9, 19, '26568448', 4, '0', '2019-10-26 14:29:46', '2019-11-12 08:20:07');
INSERT INTO `autopart` (`id`, `autopart`, `car_year_id`, `autopart_category_id`, `manufacturer_id`, `article`, `provider_id`, `price`, `created_at`, `updated_at`) VALUES (320, 'veniam', 20, 10, 20, '84344118', 5, '0', '2019-10-22 23:46:36', '2020-05-06 04:44:00');
INSERT INTO `autopart` (`id`, `autopart`, `car_year_id`, `autopart_category_id`, `manufacturer_id`, `article`, `provider_id`, `price`, `created_at`, `updated_at`) VALUES (321, 'consequatur', 21, 1, 21, '284', 1, '64620200', '2019-10-06 07:27:01', '2019-09-16 23:43:12');
INSERT INTO `autopart` (`id`, `autopart`, `car_year_id`, `autopart_category_id`, `manufacturer_id`, `article`, `provider_id`, `price`, `created_at`, `updated_at`) VALUES (322, 'ea', 22, 2, 22, '299362', 2, '6286.88', '2020-02-19 05:26:57', '2019-09-14 11:05:44');
INSERT INTO `autopart` (`id`, `autopart`, `car_year_id`, `autopart_category_id`, `manufacturer_id`, `article`, `provider_id`, `price`, `created_at`, `updated_at`) VALUES (323, 'dolorem', 23, 3, 23, '35289850', 3, '1162.95', '2020-04-28 14:21:14', '2020-06-19 17:32:28');
INSERT INTO `autopart` (`id`, `autopart`, `car_year_id`, `autopart_category_id`, `manufacturer_id`, `article`, `provider_id`, `price`, `created_at`, `updated_at`) VALUES (324, 'accusamus', 24, 4, 24, '2472022', 4, '5.62542', '2019-11-28 21:34:39', '2020-02-23 12:29:23');
INSERT INTO `autopart` (`id`, `autopart`, `car_year_id`, `autopart_category_id`, `manufacturer_id`, `article`, `provider_id`, `price`, `created_at`, `updated_at`) VALUES (325, 'accusantium', 25, 5, 25, '49259429', 5, '649131', '2020-04-30 14:35:23', '2019-12-31 00:56:39');
INSERT INTO `autopart` (`id`, `autopart`, `car_year_id`, `autopart_category_id`, `manufacturer_id`, `article`, `provider_id`, `price`, `created_at`, `updated_at`) VALUES (326, 'esse', 26, 6, 26, '16', 1, '21', '2020-03-21 21:33:37', '2020-03-04 22:47:02');
INSERT INTO `autopart` (`id`, `autopart`, `car_year_id`, `autopart_category_id`, `manufacturer_id`, `article`, `provider_id`, `price`, `created_at`, `updated_at`) VALUES (327, 'sapiente', 27, 7, 27, '', 2, '534.76', '2020-05-25 00:40:37', '2020-04-28 00:34:38');
INSERT INTO `autopart` (`id`, `autopart`, `car_year_id`, `autopart_category_id`, `manufacturer_id`, `article`, `provider_id`, `price`, `created_at`, `updated_at`) VALUES (328, 'molestiae', 28, 8, 28, '80', 3, '8.14', '2020-06-16 02:20:38', '2019-12-23 23:50:59');
INSERT INTO `autopart` (`id`, `autopart`, `car_year_id`, `autopart_category_id`, `manufacturer_id`, `article`, `provider_id`, `price`, `created_at`, `updated_at`) VALUES (329, 'nam', 29, 9, 29, '70594', 4, '14007900', '2020-04-24 04:38:21', '2020-07-26 12:57:23');
INSERT INTO `autopart` (`id`, `autopart`, `car_year_id`, `autopart_category_id`, `manufacturer_id`, `article`, `provider_id`, `price`, `created_at`, `updated_at`) VALUES (330, 'iure', 30, 10, 30, '', 5, '835.6', '2020-05-28 20:38:04', '2019-12-31 00:13:43');
INSERT INTO `autopart` (`id`, `autopart`, `car_year_id`, `autopart_category_id`, `manufacturer_id`, `article`, `provider_id`, `price`, `created_at`, `updated_at`) VALUES (331, 'consequatur', 31, 1, 31, '45', 1, '20261.6', '2020-07-05 20:43:16', '2020-07-26 09:41:48');
INSERT INTO `autopart` (`id`, `autopart`, `car_year_id`, `autopart_category_id`, `manufacturer_id`, `article`, `provider_id`, `price`, `created_at`, `updated_at`) VALUES (332, 'quis', 32, 2, 32, '970994', 2, '48.0399', '2019-12-19 22:35:31', '2020-03-12 13:40:40');
INSERT INTO `autopart` (`id`, `autopart`, `car_year_id`, `autopart_category_id`, `manufacturer_id`, `article`, `provider_id`, `price`, `created_at`, `updated_at`) VALUES (333, 'earum', 33, 3, 33, '8608924', 3, '4243.88', '2020-08-05 11:26:35', '2020-06-08 23:26:47');
INSERT INTO `autopart` (`id`, `autopart`, `car_year_id`, `autopart_category_id`, `manufacturer_id`, `article`, `provider_id`, `price`, `created_at`, `updated_at`) VALUES (334, 'culpa', 34, 4, 34, '5', 4, '3.84677', '2019-12-01 03:15:47', '2019-10-04 07:02:04');
INSERT INTO `autopart` (`id`, `autopart`, `car_year_id`, `autopart_category_id`, `manufacturer_id`, `article`, `provider_id`, `price`, `created_at`, `updated_at`) VALUES (335, 'praesentium', 35, 5, 35, '8452822', 5, '26111', '2020-01-21 12:03:22', '2020-08-09 03:12:35');
INSERT INTO `autopart` (`id`, `autopart`, `car_year_id`, `autopart_category_id`, `manufacturer_id`, `article`, `provider_id`, `price`, `created_at`, `updated_at`) VALUES (336, 'accusantium', 36, 6, 36, '66659318', 1, '1.99798', '2020-08-07 16:33:15', '2019-12-28 22:26:36');
INSERT INTO `autopart` (`id`, `autopart`, `car_year_id`, `autopart_category_id`, `manufacturer_id`, `article`, `provider_id`, `price`, `created_at`, `updated_at`) VALUES (337, 'quia', 37, 7, 37, '35965245', 2, '3.647', '2020-07-15 06:05:51', '2020-01-14 19:31:13');
INSERT INTO `autopart` (`id`, `autopart`, `car_year_id`, `autopart_category_id`, `manufacturer_id`, `article`, `provider_id`, `price`, `created_at`, `updated_at`) VALUES (338, 'voluptatem', 38, 8, 38, '5659846', 3, '276041000', '2020-03-01 03:19:09', '2019-11-08 05:21:39');
INSERT INTO `autopart` (`id`, `autopart`, `car_year_id`, `autopart_category_id`, `manufacturer_id`, `article`, `provider_id`, `price`, `created_at`, `updated_at`) VALUES (339, 'a', 39, 9, 39, '943673483', 4, '199793000', '2020-06-02 08:29:22', '2020-02-11 06:19:30');
INSERT INTO `autopart` (`id`, `autopart`, `car_year_id`, `autopart_category_id`, `manufacturer_id`, `article`, `provider_id`, `price`, `created_at`, `updated_at`) VALUES (340, 'sit', 40, 10, 40, '408829', 5, '9.6125', '2020-07-10 11:47:52', '2020-07-10 12:06:02');
INSERT INTO `autopart` (`id`, `autopart`, `car_year_id`, `autopart_category_id`, `manufacturer_id`, `article`, `provider_id`, `price`, `created_at`, `updated_at`) VALUES (341, 'ut', 41, 1, 41, '', 1, '61', '2020-01-27 08:50:23', '2020-06-07 21:05:10');
INSERT INTO `autopart` (`id`, `autopart`, `car_year_id`, `autopart_category_id`, `manufacturer_id`, `article`, `provider_id`, `price`, `created_at`, `updated_at`) VALUES (342, 'quis', 42, 2, 42, '8', 2, '660769', '2019-10-06 16:45:07', '2020-03-15 23:51:58');
INSERT INTO `autopart` (`id`, `autopart`, `car_year_id`, `autopart_category_id`, `manufacturer_id`, `article`, `provider_id`, `price`, `created_at`, `updated_at`) VALUES (343, 'est', 43, 3, 43, '71953092', 3, '5386310', '2020-02-29 07:18:49', '2019-10-04 15:08:25');
INSERT INTO `autopart` (`id`, `autopart`, `car_year_id`, `autopart_category_id`, `manufacturer_id`, `article`, `provider_id`, `price`, `created_at`, `updated_at`) VALUES (344, 'et', 44, 4, 44, '95046824', 4, '0', '2019-12-23 22:50:00', '2020-02-05 18:19:27');
INSERT INTO `autopart` (`id`, `autopart`, `car_year_id`, `autopart_category_id`, `manufacturer_id`, `article`, `provider_id`, `price`, `created_at`, `updated_at`) VALUES (345, 'voluptas', 45, 5, 45, '6811282', 5, '14893.4', '2019-11-20 14:28:17', '2020-03-10 23:45:38');
INSERT INTO `autopart` (`id`, `autopart`, `car_year_id`, `autopart_category_id`, `manufacturer_id`, `article`, `provider_id`, `price`, `created_at`, `updated_at`) VALUES (346, 'blanditiis', 46, 6, 46, '95707204', 1, '402061', '2020-04-03 19:04:39', '2019-12-14 08:32:54');
INSERT INTO `autopart` (`id`, `autopart`, `car_year_id`, `autopart_category_id`, `manufacturer_id`, `article`, `provider_id`, `price`, `created_at`, `updated_at`) VALUES (347, 'quia', 47, 7, 47, '867', 2, '0.713282', '2020-08-08 18:40:34', '2020-04-18 05:41:41');
INSERT INTO `autopart` (`id`, `autopart`, `car_year_id`, `autopart_category_id`, `manufacturer_id`, `article`, `provider_id`, `price`, `created_at`, `updated_at`) VALUES (348, 'qui', 48, 8, 48, '678661', 3, '6870690', '2020-03-16 15:03:02', '2020-02-22 08:37:16');
INSERT INTO `autopart` (`id`, `autopart`, `car_year_id`, `autopart_category_id`, `manufacturer_id`, `article`, `provider_id`, `price`, `created_at`, `updated_at`) VALUES (349, 'eum', 49, 9, 49, '809536', 4, '6231.85', '2020-04-02 08:13:01', '2020-01-10 19:08:30');
INSERT INTO `autopart` (`id`, `autopart`, `car_year_id`, `autopart_category_id`, `manufacturer_id`, `article`, `provider_id`, `price`, `created_at`, `updated_at`) VALUES (350, 'aut', 50, 10, 50, '2', 5, '0', '2020-02-08 08:12:20', '2019-10-09 23:48:24');
INSERT INTO `autopart` (`id`, `autopart`, `car_year_id`, `autopart_category_id`, `manufacturer_id`, `article`, `provider_id`, `price`, `created_at`, `updated_at`) VALUES (351, 'praesentium', 51, 1, 51, '2', 1, '17.4658', '2019-09-08 10:10:55', '2020-02-02 03:11:17');
INSERT INTO `autopart` (`id`, `autopart`, `car_year_id`, `autopart_category_id`, `manufacturer_id`, `article`, `provider_id`, `price`, `created_at`, `updated_at`) VALUES (352, 'atque', 52, 2, 52, '5', 2, '56.2626', '2020-01-24 14:25:35', '2020-04-02 04:08:28');
INSERT INTO `autopart` (`id`, `autopart`, `car_year_id`, `autopart_category_id`, `manufacturer_id`, `article`, `provider_id`, `price`, `created_at`, `updated_at`) VALUES (353, 'laborum', 53, 3, 53, '773626', 3, '6566.57', '2020-03-05 19:47:15', '2020-03-08 13:22:20');
INSERT INTO `autopart` (`id`, `autopart`, `car_year_id`, `autopart_category_id`, `manufacturer_id`, `article`, `provider_id`, `price`, `created_at`, `updated_at`) VALUES (354, 'voluptatem', 54, 4, 54, '', 4, '6.23', '2020-01-26 03:29:59', '2019-11-11 20:30:56');
INSERT INTO `autopart` (`id`, `autopart`, `car_year_id`, `autopart_category_id`, `manufacturer_id`, `article`, `provider_id`, `price`, `created_at`, `updated_at`) VALUES (355, 'exercitationem', 55, 5, 55, '99', 5, '1630600', '2020-07-30 03:13:05', '2019-12-03 08:55:52');
INSERT INTO `autopart` (`id`, `autopart`, `car_year_id`, `autopart_category_id`, `manufacturer_id`, `article`, `provider_id`, `price`, `created_at`, `updated_at`) VALUES (356, 'sapiente', 56, 6, 56, '9171224', 1, '6.66459', '2019-10-07 14:25:23', '2020-05-21 17:35:34');
INSERT INTO `autopart` (`id`, `autopart`, `car_year_id`, `autopart_category_id`, `manufacturer_id`, `article`, `provider_id`, `price`, `created_at`, `updated_at`) VALUES (357, 'et', 57, 7, 57, '436994786', 2, '695077', '2020-07-19 10:16:32', '2020-03-17 05:22:15');
INSERT INTO `autopart` (`id`, `autopart`, `car_year_id`, `autopart_category_id`, `manufacturer_id`, `article`, `provider_id`, `price`, `created_at`, `updated_at`) VALUES (358, 'quo', 58, 8, 58, '', 3, '5.77613', '2020-03-02 10:49:25', '2020-04-24 00:18:16');
INSERT INTO `autopart` (`id`, `autopart`, `car_year_id`, `autopart_category_id`, `manufacturer_id`, `article`, `provider_id`, `price`, `created_at`, `updated_at`) VALUES (359, 'non', 59, 9, 59, '4001', 4, '7.12526', '2020-04-05 06:56:02', '2020-06-30 23:37:05');
INSERT INTO `autopart` (`id`, `autopart`, `car_year_id`, `autopart_category_id`, `manufacturer_id`, `article`, `provider_id`, `price`, `created_at`, `updated_at`) VALUES (360, 'consequatur', 60, 10, 60, '1', 5, '405.9', '2020-08-22 10:48:40', '2020-05-11 01:38:02');
INSERT INTO `autopart` (`id`, `autopart`, `car_year_id`, `autopart_category_id`, `manufacturer_id`, `article`, `provider_id`, `price`, `created_at`, `updated_at`) VALUES (361, 'nihil', 61, 1, 61, '81666357', 1, '47.9649', '2020-08-02 02:39:49', '2019-09-13 01:43:16');
INSERT INTO `autopart` (`id`, `autopart`, `car_year_id`, `autopart_category_id`, `manufacturer_id`, `article`, `provider_id`, `price`, `created_at`, `updated_at`) VALUES (362, 'non', 62, 2, 62, '52735190', 2, '44801100', '2020-07-02 15:05:08', '2019-10-04 13:36:24');
INSERT INTO `autopart` (`id`, `autopart`, `car_year_id`, `autopart_category_id`, `manufacturer_id`, `article`, `provider_id`, `price`, `created_at`, `updated_at`) VALUES (363, 'ut', 63, 3, 63, '5996738', 3, '180631000', '2020-07-01 17:45:27', '2020-01-28 11:46:09');
INSERT INTO `autopart` (`id`, `autopart`, `car_year_id`, `autopart_category_id`, `manufacturer_id`, `article`, `provider_id`, `price`, `created_at`, `updated_at`) VALUES (364, 'enim', 64, 4, 64, '290699', 4, '238.38', '2020-01-28 16:46:18', '2020-08-30 06:56:03');
INSERT INTO `autopart` (`id`, `autopart`, `car_year_id`, `autopart_category_id`, `manufacturer_id`, `article`, `provider_id`, `price`, `created_at`, `updated_at`) VALUES (365, 'nisi', 65, 5, 65, '827', 5, '0', '2020-02-16 07:07:30', '2020-05-23 14:55:28');
INSERT INTO `autopart` (`id`, `autopart`, `car_year_id`, `autopart_category_id`, `manufacturer_id`, `article`, `provider_id`, `price`, `created_at`, `updated_at`) VALUES (366, 'ea', 66, 6, 66, '', 1, '40.226', '2019-10-30 19:30:11', '2020-03-04 18:19:09');
INSERT INTO `autopart` (`id`, `autopart`, `car_year_id`, `autopart_category_id`, `manufacturer_id`, `article`, `provider_id`, `price`, `created_at`, `updated_at`) VALUES (367, 'minus', 67, 7, 67, '', 2, '11331100', '2019-12-23 18:13:41', '2020-05-12 09:13:11');
INSERT INTO `autopart` (`id`, `autopart`, `car_year_id`, `autopart_category_id`, `manufacturer_id`, `article`, `provider_id`, `price`, `created_at`, `updated_at`) VALUES (368, 'qui', 68, 8, 68, '309466825', 3, '7268', '2020-01-28 17:48:03', '2020-03-31 10:29:24');
INSERT INTO `autopart` (`id`, `autopart`, `car_year_id`, `autopart_category_id`, `manufacturer_id`, `article`, `provider_id`, `price`, `created_at`, `updated_at`) VALUES (369, 'cum', 69, 9, 69, '32388215', 4, '2768.49', '2020-04-20 07:00:28', '2019-09-29 15:17:41');
INSERT INTO `autopart` (`id`, `autopart`, `car_year_id`, `autopart_category_id`, `manufacturer_id`, `article`, `provider_id`, `price`, `created_at`, `updated_at`) VALUES (370, 'est', 70, 10, 70, '91829115', 5, '21758600', '2020-08-27 20:42:17', '2020-05-13 09:33:06');
INSERT INTO `autopart` (`id`, `autopart`, `car_year_id`, `autopart_category_id`, `manufacturer_id`, `article`, `provider_id`, `price`, `created_at`, `updated_at`) VALUES (371, 'et', 71, 1, 71, '649077', 1, '384879', '2020-08-03 23:33:16', '2020-03-30 21:18:38');
INSERT INTO `autopart` (`id`, `autopart`, `car_year_id`, `autopart_category_id`, `manufacturer_id`, `article`, `provider_id`, `price`, `created_at`, `updated_at`) VALUES (372, 'maiores', 72, 2, 72, '881164', 2, '0', '2020-03-11 01:51:46', '2020-01-13 13:58:20');
INSERT INTO `autopart` (`id`, `autopart`, `car_year_id`, `autopart_category_id`, `manufacturer_id`, `article`, `provider_id`, `price`, `created_at`, `updated_at`) VALUES (373, 'sapiente', 73, 3, 73, '512143', 3, '927319000', '2019-10-24 21:48:59', '2020-02-11 12:13:06');
INSERT INTO `autopart` (`id`, `autopart`, `car_year_id`, `autopart_category_id`, `manufacturer_id`, `article`, `provider_id`, `price`, `created_at`, `updated_at`) VALUES (374, 'perspiciatis', 74, 4, 74, '900', 4, '73065.2', '2019-10-13 02:45:56', '2020-06-06 05:47:18');
INSERT INTO `autopart` (`id`, `autopart`, `car_year_id`, `autopart_category_id`, `manufacturer_id`, `article`, `provider_id`, `price`, `created_at`, `updated_at`) VALUES (375, 'et', 75, 5, 75, '', 5, '579238000', '2020-02-09 10:43:41', '2020-03-29 14:04:20');
INSERT INTO `autopart` (`id`, `autopart`, `car_year_id`, `autopart_category_id`, `manufacturer_id`, `article`, `provider_id`, `price`, `created_at`, `updated_at`) VALUES (376, 'sapiente', 76, 6, 76, '66997647', 1, '37704.9', '2020-03-08 19:29:36', '2020-07-29 00:46:15');
INSERT INTO `autopart` (`id`, `autopart`, `car_year_id`, `autopart_category_id`, `manufacturer_id`, `article`, `provider_id`, `price`, `created_at`, `updated_at`) VALUES (377, 'sint', 77, 7, 77, '10', 2, '110.524', '2019-09-24 08:25:14', '2019-10-22 00:38:50');
INSERT INTO `autopart` (`id`, `autopart`, `car_year_id`, `autopart_category_id`, `manufacturer_id`, `article`, `provider_id`, `price`, `created_at`, `updated_at`) VALUES (378, 'molestias', 78, 8, 78, '85408195', 3, '7762590', '2019-09-12 14:44:37', '2020-07-19 11:22:32');
INSERT INTO `autopart` (`id`, `autopart`, `car_year_id`, `autopart_category_id`, `manufacturer_id`, `article`, `provider_id`, `price`, `created_at`, `updated_at`) VALUES (379, 'a', 79, 9, 79, '66', 4, '337214', '2020-06-04 21:26:31', '2019-11-08 00:26:36');
INSERT INTO `autopart` (`id`, `autopart`, `car_year_id`, `autopart_category_id`, `manufacturer_id`, `article`, `provider_id`, `price`, `created_at`, `updated_at`) VALUES (380, 'omnis', 80, 10, 80, '4374401', 5, '701732', '2020-04-22 04:20:53', '2020-05-23 09:14:11');
INSERT INTO `autopart` (`id`, `autopart`, `car_year_id`, `autopart_category_id`, `manufacturer_id`, `article`, `provider_id`, `price`, `created_at`, `updated_at`) VALUES (381, 'repellendus', 81, 1, 81, '465129', 1, '1.07185', '2019-12-27 16:25:35', '2020-04-05 18:19:45');
INSERT INTO `autopart` (`id`, `autopart`, `car_year_id`, `autopart_category_id`, `manufacturer_id`, `article`, `provider_id`, `price`, `created_at`, `updated_at`) VALUES (382, 'sit', 82, 2, 82, '339953353', 2, '283763', '2020-02-03 13:09:01', '2020-04-28 01:29:01');
INSERT INTO `autopart` (`id`, `autopart`, `car_year_id`, `autopart_category_id`, `manufacturer_id`, `article`, `provider_id`, `price`, `created_at`, `updated_at`) VALUES (383, 'nam', 83, 3, 83, '4039209', 3, '23.3758', '2020-03-09 00:46:05', '2020-08-15 19:47:11');
INSERT INTO `autopart` (`id`, `autopart`, `car_year_id`, `autopart_category_id`, `manufacturer_id`, `article`, `provider_id`, `price`, `created_at`, `updated_at`) VALUES (384, 'quo', 84, 4, 84, '727397927', 4, '416753', '2020-08-12 02:07:54', '2020-02-07 07:03:33');
INSERT INTO `autopart` (`id`, `autopart`, `car_year_id`, `autopart_category_id`, `manufacturer_id`, `article`, `provider_id`, `price`, `created_at`, `updated_at`) VALUES (385, 'tempora', 85, 5, 85, '3158', 5, '6203.26', '2019-12-29 04:01:36', '2020-02-06 03:32:44');
INSERT INTO `autopart` (`id`, `autopart`, `car_year_id`, `autopart_category_id`, `manufacturer_id`, `article`, `provider_id`, `price`, `created_at`, `updated_at`) VALUES (386, 'earum', 86, 6, 86, '42837', 1, '73.5509', '2020-02-09 18:07:08', '2019-12-01 03:47:45');
INSERT INTO `autopart` (`id`, `autopart`, `car_year_id`, `autopart_category_id`, `manufacturer_id`, `article`, `provider_id`, `price`, `created_at`, `updated_at`) VALUES (387, 'voluptatem', 87, 7, 87, '308823345', 2, '37787600', '2020-03-18 13:37:11', '2020-05-27 06:10:23');
INSERT INTO `autopart` (`id`, `autopart`, `car_year_id`, `autopart_category_id`, `manufacturer_id`, `article`, `provider_id`, `price`, `created_at`, `updated_at`) VALUES (388, 'ipsa', 88, 8, 88, '619543', 3, '110.328', '2019-09-12 09:29:23', '2019-10-31 18:03:43');
INSERT INTO `autopart` (`id`, `autopart`, `car_year_id`, `autopart_category_id`, `manufacturer_id`, `article`, `provider_id`, `price`, `created_at`, `updated_at`) VALUES (389, 'et', 89, 9, 89, '63', 4, '1005230', '2020-02-24 11:24:26', '2019-10-24 07:00:29');
INSERT INTO `autopart` (`id`, `autopart`, `car_year_id`, `autopart_category_id`, `manufacturer_id`, `article`, `provider_id`, `price`, `created_at`, `updated_at`) VALUES (390, 'eius', 90, 10, 90, '', 5, '40.268', '2020-04-27 18:22:52', '2020-07-16 16:15:04');
INSERT INTO `autopart` (`id`, `autopart`, `car_year_id`, `autopart_category_id`, `manufacturer_id`, `article`, `provider_id`, `price`, `created_at`, `updated_at`) VALUES (391, 'omnis', 91, 1, 91, '9903', 1, '222190', '2019-11-25 23:04:27', '2019-10-25 09:30:59');
INSERT INTO `autopart` (`id`, `autopart`, `car_year_id`, `autopart_category_id`, `manufacturer_id`, `article`, `provider_id`, `price`, `created_at`, `updated_at`) VALUES (392, 'quasi', 92, 2, 92, '884305762', 2, '1151.83', '2020-03-05 01:06:35', '2020-03-24 12:38:30');
INSERT INTO `autopart` (`id`, `autopart`, `car_year_id`, `autopart_category_id`, `manufacturer_id`, `article`, `provider_id`, `price`, `created_at`, `updated_at`) VALUES (393, 'saepe', 93, 3, 93, '313695400', 3, '0.307', '2020-05-18 15:27:54', '2020-01-30 07:31:11');
INSERT INTO `autopart` (`id`, `autopart`, `car_year_id`, `autopart_category_id`, `manufacturer_id`, `article`, `provider_id`, `price`, `created_at`, `updated_at`) VALUES (394, 'aperiam', 94, 4, 94, '31104487', 4, '27.2449', '2020-01-25 05:42:10', '2019-12-20 07:45:56');
INSERT INTO `autopart` (`id`, `autopart`, `car_year_id`, `autopart_category_id`, `manufacturer_id`, `article`, `provider_id`, `price`, `created_at`, `updated_at`) VALUES (395, 'quia', 95, 5, 95, '', 5, '3040.16', '2020-04-22 07:00:37', '2020-06-27 15:27:45');
INSERT INTO `autopart` (`id`, `autopart`, `car_year_id`, `autopart_category_id`, `manufacturer_id`, `article`, `provider_id`, `price`, `created_at`, `updated_at`) VALUES (396, 'voluptatem', 96, 6, 96, '', 1, '3679580', '2019-09-09 12:01:10', '2019-09-06 12:34:39');
INSERT INTO `autopart` (`id`, `autopart`, `car_year_id`, `autopart_category_id`, `manufacturer_id`, `article`, `provider_id`, `price`, `created_at`, `updated_at`) VALUES (397, 'commodi', 97, 7, 97, '9978', 2, '4233.87', '2020-06-29 11:26:11', '2019-11-22 08:09:14');
INSERT INTO `autopart` (`id`, `autopart`, `car_year_id`, `autopart_category_id`, `manufacturer_id`, `article`, `provider_id`, `price`, `created_at`, `updated_at`) VALUES (398, 'et', 98, 8, 98, '1272584', 3, '5039.4', '2020-01-02 00:53:22', '2020-03-27 20:08:04');
INSERT INTO `autopart` (`id`, `autopart`, `car_year_id`, `autopart_category_id`, `manufacturer_id`, `article`, `provider_id`, `price`, `created_at`, `updated_at`) VALUES (399, 'nesciunt', 99, 9, 99, '337', 4, '14327.5', '2019-11-04 14:58:46', '2020-07-14 13:37:12');
INSERT INTO `autopart` (`id`, `autopart`, `car_year_id`, `autopart_category_id`, `manufacturer_id`, `article`, `provider_id`, `price`, `created_at`, `updated_at`) VALUES (400, 'ipsam', 100, 10, 100, '1', 5, '0', '2019-10-09 18:08:45', '2020-02-23 10:58:11');
INSERT INTO `autopart` (`id`, `autopart`, `car_year_id`, `autopart_category_id`, `manufacturer_id`, `article`, `provider_id`, `price`, `created_at`, `updated_at`) VALUES (401, 'dolorem', 1, 1, 1, '94159', 1, '36456.1', '2020-05-19 03:21:41', '2020-01-01 21:09:43');
INSERT INTO `autopart` (`id`, `autopart`, `car_year_id`, `autopart_category_id`, `manufacturer_id`, `article`, `provider_id`, `price`, `created_at`, `updated_at`) VALUES (402, 'sunt', 2, 2, 2, '514945', 2, '819780000', '2019-10-30 12:52:48', '2020-06-21 09:10:40');
INSERT INTO `autopart` (`id`, `autopart`, `car_year_id`, `autopart_category_id`, `manufacturer_id`, `article`, `provider_id`, `price`, `created_at`, `updated_at`) VALUES (403, 'reprehenderit', 3, 3, 3, '', 3, '1', '2019-09-02 15:14:23', '2019-10-16 05:19:27');
INSERT INTO `autopart` (`id`, `autopart`, `car_year_id`, `autopart_category_id`, `manufacturer_id`, `article`, `provider_id`, `price`, `created_at`, `updated_at`) VALUES (404, 'qui', 4, 4, 4, '437', 4, '12340.1', '2020-08-13 02:07:35', '2020-07-22 11:42:16');
INSERT INTO `autopart` (`id`, `autopart`, `car_year_id`, `autopart_category_id`, `manufacturer_id`, `article`, `provider_id`, `price`, `created_at`, `updated_at`) VALUES (405, 'quidem', 5, 5, 5, '43857', 5, '23113800', '2020-07-24 15:11:24', '2020-01-22 20:08:33');
INSERT INTO `autopart` (`id`, `autopart`, `car_year_id`, `autopart_category_id`, `manufacturer_id`, `article`, `provider_id`, `price`, `created_at`, `updated_at`) VALUES (406, 'iusto', 6, 6, 6, '', 1, '46.9646', '2020-01-03 00:00:58', '2020-02-24 14:49:53');
INSERT INTO `autopart` (`id`, `autopart`, `car_year_id`, `autopart_category_id`, `manufacturer_id`, `article`, `provider_id`, `price`, `created_at`, `updated_at`) VALUES (407, 'saepe', 7, 7, 7, '519742', 2, '175452', '2020-04-14 07:29:18', '2019-11-27 11:15:18');
INSERT INTO `autopart` (`id`, `autopart`, `car_year_id`, `autopart_category_id`, `manufacturer_id`, `article`, `provider_id`, `price`, `created_at`, `updated_at`) VALUES (408, 'quae', 8, 8, 8, '494263290', 3, '12210800', '2020-04-22 21:11:18', '2020-07-31 01:29:33');
INSERT INTO `autopart` (`id`, `autopart`, `car_year_id`, `autopart_category_id`, `manufacturer_id`, `article`, `provider_id`, `price`, `created_at`, `updated_at`) VALUES (409, 'consequatur', 9, 9, 9, '225238', 4, '4.30791', '2019-10-14 06:18:25', '2020-08-07 05:30:28');
INSERT INTO `autopart` (`id`, `autopart`, `car_year_id`, `autopart_category_id`, `manufacturer_id`, `article`, `provider_id`, `price`, `created_at`, `updated_at`) VALUES (410, 'eos', 10, 10, 10, '89126278', 5, '53', '2020-02-12 13:13:34', '2020-06-15 16:46:58');
INSERT INTO `autopart` (`id`, `autopart`, `car_year_id`, `autopart_category_id`, `manufacturer_id`, `article`, `provider_id`, `price`, `created_at`, `updated_at`) VALUES (411, 'dolores', 11, 1, 11, '8471', 1, '6985060', '2019-09-27 06:43:40', '2020-08-12 08:16:04');
INSERT INTO `autopart` (`id`, `autopart`, `car_year_id`, `autopart_category_id`, `manufacturer_id`, `article`, `provider_id`, `price`, `created_at`, `updated_at`) VALUES (412, 'asperiores', 12, 2, 12, '14478', 2, '177.454', '2019-11-25 17:34:21', '2020-08-21 15:23:14');
INSERT INTO `autopart` (`id`, `autopart`, `car_year_id`, `autopart_category_id`, `manufacturer_id`, `article`, `provider_id`, `price`, `created_at`, `updated_at`) VALUES (413, 'ex', 13, 3, 13, '761979811', 3, '0.94462', '2020-05-26 03:45:53', '2020-07-23 18:45:11');
INSERT INTO `autopart` (`id`, `autopart`, `car_year_id`, `autopart_category_id`, `manufacturer_id`, `article`, `provider_id`, `price`, `created_at`, `updated_at`) VALUES (414, 'quo', 14, 4, 14, '8086', 4, '9.06785', '2019-11-21 00:03:11', '2019-09-10 11:12:56');
INSERT INTO `autopart` (`id`, `autopart`, `car_year_id`, `autopart_category_id`, `manufacturer_id`, `article`, `provider_id`, `price`, `created_at`, `updated_at`) VALUES (415, 'est', 15, 5, 15, '94', 5, '191831000', '2020-02-11 02:08:03', '2020-08-02 17:00:36');
INSERT INTO `autopart` (`id`, `autopart`, `car_year_id`, `autopart_category_id`, `manufacturer_id`, `article`, `provider_id`, `price`, `created_at`, `updated_at`) VALUES (416, 'id', 16, 6, 16, '770', 1, '703.9', '2019-09-15 22:59:23', '2020-02-06 04:43:27');
INSERT INTO `autopart` (`id`, `autopart`, `car_year_id`, `autopart_category_id`, `manufacturer_id`, `article`, `provider_id`, `price`, `created_at`, `updated_at`) VALUES (417, 'ut', 17, 7, 17, '6', 2, '43955900', '2019-11-23 18:54:33', '2019-12-08 01:40:07');
INSERT INTO `autopart` (`id`, `autopart`, `car_year_id`, `autopart_category_id`, `manufacturer_id`, `article`, `provider_id`, `price`, `created_at`, `updated_at`) VALUES (418, 'ea', 18, 8, 18, '180', 3, '1859.52', '2020-01-01 08:54:15', '2020-07-03 15:57:35');
INSERT INTO `autopart` (`id`, `autopart`, `car_year_id`, `autopart_category_id`, `manufacturer_id`, `article`, `provider_id`, `price`, `created_at`, `updated_at`) VALUES (419, 'sequi', 19, 9, 19, '448020210', 4, '12280000', '2020-06-22 10:34:45', '2020-05-05 18:49:04');
INSERT INTO `autopart` (`id`, `autopart`, `car_year_id`, `autopart_category_id`, `manufacturer_id`, `article`, `provider_id`, `price`, `created_at`, `updated_at`) VALUES (420, 'error', 20, 10, 20, '52', 5, '29849.4', '2019-11-09 01:18:48', '2020-06-05 23:41:48');
INSERT INTO `autopart` (`id`, `autopart`, `car_year_id`, `autopart_category_id`, `manufacturer_id`, `article`, `provider_id`, `price`, `created_at`, `updated_at`) VALUES (421, 'nesciunt', 21, 1, 21, '96838', 1, '24815100', '2020-08-23 08:31:40', '2020-06-07 18:04:11');
INSERT INTO `autopart` (`id`, `autopart`, `car_year_id`, `autopart_category_id`, `manufacturer_id`, `article`, `provider_id`, `price`, `created_at`, `updated_at`) VALUES (422, 'incidunt', 22, 2, 22, '5372', 2, '224052', '2020-03-20 18:40:33', '2019-10-21 18:41:50');
INSERT INTO `autopart` (`id`, `autopart`, `car_year_id`, `autopart_category_id`, `manufacturer_id`, `article`, `provider_id`, `price`, `created_at`, `updated_at`) VALUES (423, 'sed', 23, 3, 23, '5', 3, '22.101', '2020-05-31 23:23:18', '2019-09-09 02:21:21');
INSERT INTO `autopart` (`id`, `autopart`, `car_year_id`, `autopart_category_id`, `manufacturer_id`, `article`, `provider_id`, `price`, `created_at`, `updated_at`) VALUES (424, 'et', 24, 4, 24, '669557', 4, '17754.8', '2019-09-21 20:26:29', '2019-11-29 12:09:36');
INSERT INTO `autopart` (`id`, `autopart`, `car_year_id`, `autopart_category_id`, `manufacturer_id`, `article`, `provider_id`, `price`, `created_at`, `updated_at`) VALUES (425, 'quia', 25, 5, 25, '81', 5, '0', '2020-01-17 02:57:37', '2019-11-17 01:41:40');
INSERT INTO `autopart` (`id`, `autopart`, `car_year_id`, `autopart_category_id`, `manufacturer_id`, `article`, `provider_id`, `price`, `created_at`, `updated_at`) VALUES (426, 'in', 26, 6, 26, '99324708', 1, '381.57', '2020-01-28 15:50:12', '2020-01-21 06:36:04');
INSERT INTO `autopart` (`id`, `autopart`, `car_year_id`, `autopart_category_id`, `manufacturer_id`, `article`, `provider_id`, `price`, `created_at`, `updated_at`) VALUES (427, 'incidunt', 27, 7, 27, '20', 2, '52645', '2020-01-29 05:23:55', '2019-11-16 17:07:04');
INSERT INTO `autopart` (`id`, `autopart`, `car_year_id`, `autopart_category_id`, `manufacturer_id`, `article`, `provider_id`, `price`, `created_at`, `updated_at`) VALUES (428, 'excepturi', 28, 8, 28, '88738311', 3, '14418800', '2020-03-05 22:16:36', '2020-07-06 12:36:00');
INSERT INTO `autopart` (`id`, `autopart`, `car_year_id`, `autopart_category_id`, `manufacturer_id`, `article`, `provider_id`, `price`, `created_at`, `updated_at`) VALUES (429, 'sed', 29, 9, 29, '29', 4, '460.98', '2019-11-12 12:04:16', '2020-02-21 10:01:51');
INSERT INTO `autopart` (`id`, `autopart`, `car_year_id`, `autopart_category_id`, `manufacturer_id`, `article`, `provider_id`, `price`, `created_at`, `updated_at`) VALUES (430, 'quas', 30, 10, 30, '1262', 5, '258830', '2019-12-07 20:38:24', '2020-04-13 08:06:11');
INSERT INTO `autopart` (`id`, `autopart`, `car_year_id`, `autopart_category_id`, `manufacturer_id`, `article`, `provider_id`, `price`, `created_at`, `updated_at`) VALUES (431, 'omnis', 31, 1, 31, '197873', 1, '0', '2020-05-27 22:28:56', '2020-07-20 10:20:00');
INSERT INTO `autopart` (`id`, `autopart`, `car_year_id`, `autopart_category_id`, `manufacturer_id`, `article`, `provider_id`, `price`, `created_at`, `updated_at`) VALUES (432, 'aut', 32, 2, 32, '2', 2, '0.372', '2020-05-01 14:08:30', '2019-11-11 07:31:55');
INSERT INTO `autopart` (`id`, `autopart`, `car_year_id`, `autopart_category_id`, `manufacturer_id`, `article`, `provider_id`, `price`, `created_at`, `updated_at`) VALUES (433, 'quod', 33, 3, 33, '367024', 3, '697.082', '2019-11-23 00:30:32', '2020-08-28 07:29:25');
INSERT INTO `autopart` (`id`, `autopart`, `car_year_id`, `autopart_category_id`, `manufacturer_id`, `article`, `provider_id`, `price`, `created_at`, `updated_at`) VALUES (434, 'aliquam', 34, 4, 34, '', 4, '2231', '2020-04-29 04:26:19', '2020-02-23 01:06:10');
INSERT INTO `autopart` (`id`, `autopart`, `car_year_id`, `autopart_category_id`, `manufacturer_id`, `article`, `provider_id`, `price`, `created_at`, `updated_at`) VALUES (435, 'illo', 35, 5, 35, '6415', 5, '0', '2020-04-05 13:52:58', '2020-03-02 16:44:46');
INSERT INTO `autopart` (`id`, `autopart`, `car_year_id`, `autopart_category_id`, `manufacturer_id`, `article`, `provider_id`, `price`, `created_at`, `updated_at`) VALUES (436, 'omnis', 36, 6, 36, '870724', 1, '3161.01', '2019-11-30 12:12:10', '2020-04-05 20:46:11');
INSERT INTO `autopart` (`id`, `autopart`, `car_year_id`, `autopart_category_id`, `manufacturer_id`, `article`, `provider_id`, `price`, `created_at`, `updated_at`) VALUES (437, 'ipsum', 37, 7, 37, '973421747', 2, '0', '2020-08-16 21:46:26', '2020-08-14 14:01:56');
INSERT INTO `autopart` (`id`, `autopart`, `car_year_id`, `autopart_category_id`, `manufacturer_id`, `article`, `provider_id`, `price`, `created_at`, `updated_at`) VALUES (438, 'qui', 38, 8, 38, '763', 3, '327161000', '2020-04-13 16:55:44', '2020-05-07 10:43:24');
INSERT INTO `autopart` (`id`, `autopart`, `car_year_id`, `autopart_category_id`, `manufacturer_id`, `article`, `provider_id`, `price`, `created_at`, `updated_at`) VALUES (439, 'facilis', 39, 9, 39, '17', 4, '33.1826', '2019-12-12 14:22:34', '2020-01-11 09:41:10');
INSERT INTO `autopart` (`id`, `autopart`, `car_year_id`, `autopart_category_id`, `manufacturer_id`, `article`, `provider_id`, `price`, `created_at`, `updated_at`) VALUES (440, 'aut', 40, 10, 40, '6680', 5, '872676', '2020-04-21 02:35:32', '2019-10-09 07:14:08');
INSERT INTO `autopart` (`id`, `autopart`, `car_year_id`, `autopart_category_id`, `manufacturer_id`, `article`, `provider_id`, `price`, `created_at`, `updated_at`) VALUES (441, 'ut', 41, 1, 41, '30328764', 1, '339.823', '2019-11-24 21:27:17', '2020-03-18 23:34:41');
INSERT INTO `autopart` (`id`, `autopart`, `car_year_id`, `autopart_category_id`, `manufacturer_id`, `article`, `provider_id`, `price`, `created_at`, `updated_at`) VALUES (442, 'porro', 42, 2, 42, '549037437', 2, '34978', '2020-08-01 07:51:05', '2020-05-04 19:45:44');
INSERT INTO `autopart` (`id`, `autopart`, `car_year_id`, `autopart_category_id`, `manufacturer_id`, `article`, `provider_id`, `price`, `created_at`, `updated_at`) VALUES (443, 'provident', 43, 3, 43, '824209', 3, '28908800', '2019-12-17 07:35:02', '2020-06-28 17:06:37');
INSERT INTO `autopart` (`id`, `autopart`, `car_year_id`, `autopart_category_id`, `manufacturer_id`, `article`, `provider_id`, `price`, `created_at`, `updated_at`) VALUES (444, 'et', 44, 4, 44, '379926', 4, '67.5164', '2019-09-17 07:34:20', '2020-08-24 23:34:32');
INSERT INTO `autopart` (`id`, `autopart`, `car_year_id`, `autopart_category_id`, `manufacturer_id`, `article`, `provider_id`, `price`, `created_at`, `updated_at`) VALUES (445, 'sint', 45, 5, 45, '279697', 5, '3580', '2020-04-17 16:09:12', '2019-10-26 16:03:13');
INSERT INTO `autopart` (`id`, `autopart`, `car_year_id`, `autopart_category_id`, `manufacturer_id`, `article`, `provider_id`, `price`, `created_at`, `updated_at`) VALUES (446, 'corporis', 46, 6, 46, '39', 1, '2.32449', '2020-08-09 04:57:00', '2019-10-21 05:41:33');
INSERT INTO `autopart` (`id`, `autopart`, `car_year_id`, `autopart_category_id`, `manufacturer_id`, `article`, `provider_id`, `price`, `created_at`, `updated_at`) VALUES (447, 'incidunt', 47, 7, 47, '692251347', 2, '1.414', '2020-02-27 03:17:38', '2020-05-13 11:04:19');
INSERT INTO `autopart` (`id`, `autopart`, `car_year_id`, `autopart_category_id`, `manufacturer_id`, `article`, `provider_id`, `price`, `created_at`, `updated_at`) VALUES (448, 'sed', 48, 8, 48, '175', 3, '169040', '2020-08-18 07:50:38', '2020-03-11 18:51:19');
INSERT INTO `autopart` (`id`, `autopart`, `car_year_id`, `autopart_category_id`, `manufacturer_id`, `article`, `provider_id`, `price`, `created_at`, `updated_at`) VALUES (449, 'molestiae', 49, 9, 49, '165604', 4, '3081.16', '2019-12-01 18:50:09', '2020-05-19 03:38:37');
INSERT INTO `autopart` (`id`, `autopart`, `car_year_id`, `autopart_category_id`, `manufacturer_id`, `article`, `provider_id`, `price`, `created_at`, `updated_at`) VALUES (450, 'molestias', 50, 10, 50, '32', 5, '12759.2', '2019-10-07 16:42:42', '2019-10-10 06:14:49');
INSERT INTO `autopart` (`id`, `autopart`, `car_year_id`, `autopart_category_id`, `manufacturer_id`, `article`, `provider_id`, `price`, `created_at`, `updated_at`) VALUES (451, 'similique', 51, 1, 51, '5483', 1, '25', '2019-10-15 18:18:05', '2020-02-04 21:34:04');
INSERT INTO `autopart` (`id`, `autopart`, `car_year_id`, `autopart_category_id`, `manufacturer_id`, `article`, `provider_id`, `price`, `created_at`, `updated_at`) VALUES (452, 'atque', 52, 2, 52, '42211', 2, '2.9044', '2020-04-11 09:19:57', '2020-05-26 04:21:19');
INSERT INTO `autopart` (`id`, `autopart`, `car_year_id`, `autopart_category_id`, `manufacturer_id`, `article`, `provider_id`, `price`, `created_at`, `updated_at`) VALUES (453, 'consequuntur', 53, 3, 53, '41460', 3, '1440', '2019-12-08 15:31:29', '2020-06-25 06:02:13');
INSERT INTO `autopart` (`id`, `autopart`, `car_year_id`, `autopart_category_id`, `manufacturer_id`, `article`, `provider_id`, `price`, `created_at`, `updated_at`) VALUES (454, 'unde', 54, 4, 54, '77816', 4, '20357.4', '2020-02-05 13:49:42', '2020-07-04 05:30:14');
INSERT INTO `autopart` (`id`, `autopart`, `car_year_id`, `autopart_category_id`, `manufacturer_id`, `article`, `provider_id`, `price`, `created_at`, `updated_at`) VALUES (455, 'ex', 55, 5, 55, '2260791', 5, '670104', '2020-05-01 18:23:01', '2020-02-28 21:09:44');
INSERT INTO `autopart` (`id`, `autopart`, `car_year_id`, `autopart_category_id`, `manufacturer_id`, `article`, `provider_id`, `price`, `created_at`, `updated_at`) VALUES (456, 'ipsum', 56, 6, 56, '745248114', 1, '0', '2020-03-07 04:00:58', '2019-10-08 09:45:38');
INSERT INTO `autopart` (`id`, `autopart`, `car_year_id`, `autopart_category_id`, `manufacturer_id`, `article`, `provider_id`, `price`, `created_at`, `updated_at`) VALUES (457, 'officia', 57, 7, 57, '2', 2, '49.91', '2020-08-28 14:36:14', '2020-04-29 14:00:47');
INSERT INTO `autopart` (`id`, `autopart`, `car_year_id`, `autopart_category_id`, `manufacturer_id`, `article`, `provider_id`, `price`, `created_at`, `updated_at`) VALUES (458, 'velit', 58, 8, 58, '1001', 3, '819180000', '2020-02-17 18:31:18', '2020-02-18 06:26:47');
INSERT INTO `autopart` (`id`, `autopart`, `car_year_id`, `autopart_category_id`, `manufacturer_id`, `article`, `provider_id`, `price`, `created_at`, `updated_at`) VALUES (459, 'et', 59, 9, 59, '8', 4, '871355', '2020-06-23 13:44:30', '2019-11-16 14:33:29');
INSERT INTO `autopart` (`id`, `autopart`, `car_year_id`, `autopart_category_id`, `manufacturer_id`, `article`, `provider_id`, `price`, `created_at`, `updated_at`) VALUES (460, 'rerum', 60, 10, 60, '2618', 5, '284581000', '2020-04-20 12:10:48', '2020-03-21 18:40:43');
INSERT INTO `autopart` (`id`, `autopart`, `car_year_id`, `autopart_category_id`, `manufacturer_id`, `article`, `provider_id`, `price`, `created_at`, `updated_at`) VALUES (461, 'aperiam', 61, 1, 61, '23801737', 1, '278412000', '2020-03-16 03:32:08', '2020-08-08 05:10:38');
INSERT INTO `autopart` (`id`, `autopart`, `car_year_id`, `autopart_category_id`, `manufacturer_id`, `article`, `provider_id`, `price`, `created_at`, `updated_at`) VALUES (462, 'soluta', 62, 2, 62, '349069', 2, '292.11', '2020-01-27 06:19:38', '2020-01-06 08:18:38');
INSERT INTO `autopart` (`id`, `autopart`, `car_year_id`, `autopart_category_id`, `manufacturer_id`, `article`, `provider_id`, `price`, `created_at`, `updated_at`) VALUES (463, 'et', 63, 3, 63, '325', 3, '3050950', '2020-08-03 23:25:13', '2020-08-22 08:04:36');
INSERT INTO `autopart` (`id`, `autopart`, `car_year_id`, `autopart_category_id`, `manufacturer_id`, `article`, `provider_id`, `price`, `created_at`, `updated_at`) VALUES (464, 'cum', 64, 4, 64, '7682', 4, '6.32432', '2020-01-22 20:07:47', '2020-06-26 22:16:23');
INSERT INTO `autopart` (`id`, `autopart`, `car_year_id`, `autopart_category_id`, `manufacturer_id`, `article`, `provider_id`, `price`, `created_at`, `updated_at`) VALUES (465, 'iure', 65, 5, 65, '52783396', 5, '42983', '2019-12-05 16:34:29', '2019-11-08 07:53:42');
INSERT INTO `autopart` (`id`, `autopart`, `car_year_id`, `autopart_category_id`, `manufacturer_id`, `article`, `provider_id`, `price`, `created_at`, `updated_at`) VALUES (466, 'fugiat', 66, 6, 66, '766950924', 1, '1750.79', '2020-08-30 10:03:28', '2020-07-06 00:45:05');
INSERT INTO `autopart` (`id`, `autopart`, `car_year_id`, `autopart_category_id`, `manufacturer_id`, `article`, `provider_id`, `price`, `created_at`, `updated_at`) VALUES (467, 'atque', 67, 7, 67, '8', 2, '9693.76', '2020-05-11 13:14:02', '2019-10-21 21:56:14');
INSERT INTO `autopart` (`id`, `autopart`, `car_year_id`, `autopart_category_id`, `manufacturer_id`, `article`, `provider_id`, `price`, `created_at`, `updated_at`) VALUES (468, 'itaque', 68, 8, 68, '', 3, '45682100', '2019-10-26 16:53:39', '2020-06-14 08:58:39');
INSERT INTO `autopart` (`id`, `autopart`, `car_year_id`, `autopart_category_id`, `manufacturer_id`, `article`, `provider_id`, `price`, `created_at`, `updated_at`) VALUES (469, 'repellendus', 69, 9, 69, '2', 4, '31806300', '2020-03-12 07:44:17', '2019-11-15 04:32:43');
INSERT INTO `autopart` (`id`, `autopart`, `car_year_id`, `autopart_category_id`, `manufacturer_id`, `article`, `provider_id`, `price`, `created_at`, `updated_at`) VALUES (470, 'in', 70, 10, 70, '703', 5, '650.878', '2020-02-08 22:08:15', '2019-12-07 08:34:17');
INSERT INTO `autopart` (`id`, `autopart`, `car_year_id`, `autopart_category_id`, `manufacturer_id`, `article`, `provider_id`, `price`, `created_at`, `updated_at`) VALUES (471, 'corrupti', 71, 1, 71, '583900246', 1, '40.8894', '2019-09-01 05:56:21', '2020-07-12 12:10:00');
INSERT INTO `autopart` (`id`, `autopart`, `car_year_id`, `autopart_category_id`, `manufacturer_id`, `article`, `provider_id`, `price`, `created_at`, `updated_at`) VALUES (472, 'quibusdam', 72, 2, 72, '5684110', 2, '249.725', '2020-08-26 07:54:50', '2019-10-29 23:55:43');
INSERT INTO `autopart` (`id`, `autopart`, `car_year_id`, `autopart_category_id`, `manufacturer_id`, `article`, `provider_id`, `price`, `created_at`, `updated_at`) VALUES (473, 'quia', 73, 3, 73, '1224', 3, '481.1', '2020-01-06 07:45:54', '2020-05-29 17:47:55');
INSERT INTO `autopart` (`id`, `autopart`, `car_year_id`, `autopart_category_id`, `manufacturer_id`, `article`, `provider_id`, `price`, `created_at`, `updated_at`) VALUES (474, 'error', 74, 4, 74, '331', 4, '239275000', '2019-12-18 19:34:34', '2020-05-27 15:17:04');
INSERT INTO `autopart` (`id`, `autopart`, `car_year_id`, `autopart_category_id`, `manufacturer_id`, `article`, `provider_id`, `price`, `created_at`, `updated_at`) VALUES (475, 'officia', 75, 5, 75, '', 5, '822098000', '2019-12-02 00:28:00', '2020-04-29 01:59:59');
INSERT INTO `autopart` (`id`, `autopart`, `car_year_id`, `autopart_category_id`, `manufacturer_id`, `article`, `provider_id`, `price`, `created_at`, `updated_at`) VALUES (476, 'eius', 76, 6, 76, '369031571', 1, '146.8', '2020-04-17 02:15:15', '2019-09-29 05:51:37');
INSERT INTO `autopart` (`id`, `autopart`, `car_year_id`, `autopart_category_id`, `manufacturer_id`, `article`, `provider_id`, `price`, `created_at`, `updated_at`) VALUES (477, 'quibusdam', 77, 7, 77, '', 2, '0.599916', '2019-09-24 05:34:08', '2019-12-17 11:56:17');
INSERT INTO `autopart` (`id`, `autopart`, `car_year_id`, `autopart_category_id`, `manufacturer_id`, `article`, `provider_id`, `price`, `created_at`, `updated_at`) VALUES (478, 'sapiente', 78, 8, 78, '838743', 3, '4.352', '2020-01-13 18:02:07', '2020-06-20 23:26:37');
INSERT INTO `autopart` (`id`, `autopart`, `car_year_id`, `autopart_category_id`, `manufacturer_id`, `article`, `provider_id`, `price`, `created_at`, `updated_at`) VALUES (479, 'velit', 79, 9, 79, '6188145', 4, '20.453', '2020-03-14 06:34:54', '2020-04-03 11:12:35');
INSERT INTO `autopart` (`id`, `autopart`, `car_year_id`, `autopart_category_id`, `manufacturer_id`, `article`, `provider_id`, `price`, `created_at`, `updated_at`) VALUES (480, 'harum', 80, 10, 80, '5405593', 5, '434110000', '2020-08-01 22:19:40', '2019-12-04 17:36:31');
INSERT INTO `autopart` (`id`, `autopart`, `car_year_id`, `autopart_category_id`, `manufacturer_id`, `article`, `provider_id`, `price`, `created_at`, `updated_at`) VALUES (481, 'eligendi', 81, 1, 81, '39', 1, '0', '2020-08-03 03:15:43', '2020-08-27 04:55:41');
INSERT INTO `autopart` (`id`, `autopart`, `car_year_id`, `autopart_category_id`, `manufacturer_id`, `article`, `provider_id`, `price`, `created_at`, `updated_at`) VALUES (482, 'consectetur', 82, 2, 82, '301082', 2, '1019700', '2020-08-15 10:06:55', '2020-05-14 21:01:48');
INSERT INTO `autopart` (`id`, `autopart`, `car_year_id`, `autopart_category_id`, `manufacturer_id`, `article`, `provider_id`, `price`, `created_at`, `updated_at`) VALUES (483, 'numquam', 83, 3, 83, '251688', 3, '0.980568', '2020-01-22 16:20:22', '2019-11-01 14:00:06');
INSERT INTO `autopart` (`id`, `autopart`, `car_year_id`, `autopart_category_id`, `manufacturer_id`, `article`, `provider_id`, `price`, `created_at`, `updated_at`) VALUES (484, 'sed', 84, 4, 84, '5670710', 4, '0', '2019-12-06 18:45:58', '2019-12-10 11:00:19');
INSERT INTO `autopart` (`id`, `autopart`, `car_year_id`, `autopart_category_id`, `manufacturer_id`, `article`, `provider_id`, `price`, `created_at`, `updated_at`) VALUES (485, 'autem', 85, 5, 85, '6', 5, '1973160', '2020-08-28 13:11:59', '2020-04-11 05:29:46');
INSERT INTO `autopart` (`id`, `autopart`, `car_year_id`, `autopart_category_id`, `manufacturer_id`, `article`, `provider_id`, `price`, `created_at`, `updated_at`) VALUES (486, 'quo', 86, 6, 86, '', 1, '1.83', '2020-06-26 07:34:18', '2020-07-24 00:10:54');
INSERT INTO `autopart` (`id`, `autopart`, `car_year_id`, `autopart_category_id`, `manufacturer_id`, `article`, `provider_id`, `price`, `created_at`, `updated_at`) VALUES (487, 'non', 87, 7, 87, '1968663', 2, '1523390', '2020-06-30 05:44:52', '2020-01-06 18:22:01');
INSERT INTO `autopart` (`id`, `autopart`, `car_year_id`, `autopart_category_id`, `manufacturer_id`, `article`, `provider_id`, `price`, `created_at`, `updated_at`) VALUES (488, 'explicabo', 88, 8, 88, '8409', 3, '838369', '2020-01-26 06:18:52', '2020-02-28 21:15:36');
INSERT INTO `autopart` (`id`, `autopart`, `car_year_id`, `autopart_category_id`, `manufacturer_id`, `article`, `provider_id`, `price`, `created_at`, `updated_at`) VALUES (489, 'quis', 89, 9, 89, '3', 4, '324.39', '2020-01-13 23:33:34', '2019-11-25 01:50:03');
INSERT INTO `autopart` (`id`, `autopart`, `car_year_id`, `autopart_category_id`, `manufacturer_id`, `article`, `provider_id`, `price`, `created_at`, `updated_at`) VALUES (490, 'at', 90, 10, 90, '', 5, '2338.19', '2019-10-03 05:58:37', '2019-11-15 04:01:43');
INSERT INTO `autopart` (`id`, `autopart`, `car_year_id`, `autopart_category_id`, `manufacturer_id`, `article`, `provider_id`, `price`, `created_at`, `updated_at`) VALUES (491, 'eos', 91, 1, 91, '5', 1, '215.133', '2020-05-07 12:23:37', '2020-07-29 03:53:10');
INSERT INTO `autopart` (`id`, `autopart`, `car_year_id`, `autopart_category_id`, `manufacturer_id`, `article`, `provider_id`, `price`, `created_at`, `updated_at`) VALUES (492, 'similique', 92, 2, 92, '2', 2, '1499770', '2020-06-20 14:00:29', '2019-11-10 01:11:58');
INSERT INTO `autopart` (`id`, `autopart`, `car_year_id`, `autopart_category_id`, `manufacturer_id`, `article`, `provider_id`, `price`, `created_at`, `updated_at`) VALUES (493, 'possimus', 93, 3, 93, '63', 3, '2584.39', '2019-10-31 13:15:19', '2020-04-04 13:40:20');
INSERT INTO `autopart` (`id`, `autopart`, `car_year_id`, `autopart_category_id`, `manufacturer_id`, `article`, `provider_id`, `price`, `created_at`, `updated_at`) VALUES (494, 'animi', 94, 4, 94, '2357', 4, '11603.4', '2020-04-29 18:01:00', '2020-08-08 23:38:42');
INSERT INTO `autopart` (`id`, `autopart`, `car_year_id`, `autopart_category_id`, `manufacturer_id`, `article`, `provider_id`, `price`, `created_at`, `updated_at`) VALUES (495, 'quasi', 95, 5, 95, '57', 5, '9191650', '2020-01-23 06:11:36', '2019-10-09 22:18:26');
INSERT INTO `autopart` (`id`, `autopart`, `car_year_id`, `autopart_category_id`, `manufacturer_id`, `article`, `provider_id`, `price`, `created_at`, `updated_at`) VALUES (496, 'quam', 96, 6, 96, '9841755', 1, '4922.48', '2019-10-20 03:16:56', '2020-01-12 08:02:27');
INSERT INTO `autopart` (`id`, `autopart`, `car_year_id`, `autopart_category_id`, `manufacturer_id`, `article`, `provider_id`, `price`, `created_at`, `updated_at`) VALUES (497, 'dolorem', 97, 7, 97, '46655', 2, '55', '2020-06-08 21:55:52', '2019-12-11 02:15:06');
INSERT INTO `autopart` (`id`, `autopart`, `car_year_id`, `autopart_category_id`, `manufacturer_id`, `article`, `provider_id`, `price`, `created_at`, `updated_at`) VALUES (498, 'sapiente', 98, 8, 98, '4250', 3, '52557.5', '2020-04-13 13:40:13', '2020-05-16 18:24:30');
INSERT INTO `autopart` (`id`, `autopart`, `car_year_id`, `autopart_category_id`, `manufacturer_id`, `article`, `provider_id`, `price`, `created_at`, `updated_at`) VALUES (499, 'aut', 99, 9, 99, '4350612', 4, '406.01', '2020-06-26 07:55:53', '2019-12-28 14:23:49');
INSERT INTO `autopart` (`id`, `autopart`, `car_year_id`, `autopart_category_id`, `manufacturer_id`, `article`, `provider_id`, `price`, `created_at`, `updated_at`) VALUES (500, 'sit', 100, 10, 100, '52', 5, '14164600', '2020-05-01 22:09:30', '2019-09-09 04:36:52');


#
# TABLE STRUCTURE FOR: autopart_category
#

DROP TABLE IF EXISTS `autopart_category`;

CREATE TABLE `autopart_category` (
  `id` int(10) unsigned NOT NULL AUTO_INCREMENT COMMENT 'Идентификатор сроки',
  `autopart_category` varchar(150) COLLATE utf8_unicode_ci NOT NULL COMMENT 'Название категории автозапчасти',
  `created_at` datetime DEFAULT current_timestamp() COMMENT 'Время создания строки',
  `updated_at` datetime DEFAULT current_timestamp() ON UPDATE current_timestamp() COMMENT 'Время обновления строки',
  PRIMARY KEY (`id`)
) ENGINE=InnoDB AUTO_INCREMENT=11 DEFAULT CHARSET=utf8 COLLATE=utf8_unicode_ci COMMENT='Категории автозапчастей';

INSERT INTO `autopart_category` (`id`, `autopart_category`, `created_at`, `updated_at`) VALUES (1, 'sapiente', '2020-06-27 12:52:16', '2020-02-02 17:40:09');
INSERT INTO `autopart_category` (`id`, `autopart_category`, `created_at`, `updated_at`) VALUES (2, 'velit', '2020-07-01 02:59:13', '2019-12-03 12:22:20');
INSERT INTO `autopart_category` (`id`, `autopart_category`, `created_at`, `updated_at`) VALUES (3, 'laboriosam', '2019-12-24 05:18:18', '2020-02-11 03:12:39');
INSERT INTO `autopart_category` (`id`, `autopart_category`, `created_at`, `updated_at`) VALUES (4, 'architecto', '2020-05-04 20:32:23', '2020-05-02 18:35:53');
INSERT INTO `autopart_category` (`id`, `autopart_category`, `created_at`, `updated_at`) VALUES (5, 'ut', '2020-07-31 21:29:54', '2019-12-30 17:26:47');
INSERT INTO `autopart_category` (`id`, `autopart_category`, `created_at`, `updated_at`) VALUES (6, 'eum', '2019-10-11 14:37:13', '2019-12-12 16:37:39');
INSERT INTO `autopart_category` (`id`, `autopart_category`, `created_at`, `updated_at`) VALUES (7, 'molestiae', '2020-01-01 10:30:56', '2020-07-05 06:12:46');
INSERT INTO `autopart_category` (`id`, `autopart_category`, `created_at`, `updated_at`) VALUES (8, 'voluptatem', '2020-01-12 10:52:07', '2019-10-13 02:00:38');
INSERT INTO `autopart_category` (`id`, `autopart_category`, `created_at`, `updated_at`) VALUES (9, 'alias', '2020-03-19 09:25:51', '2019-12-30 22:09:38');
INSERT INTO `autopart_category` (`id`, `autopart_category`, `created_at`, `updated_at`) VALUES (10, 'fugiat', '2020-02-25 10:57:00', '2020-07-01 22:42:56');


#
# TABLE STRUCTURE FOR: buyer_category
#

DROP TABLE IF EXISTS `buyer_category`;

CREATE TABLE `buyer_category` (
  `id` int(10) unsigned NOT NULL AUTO_INCREMENT COMMENT 'Идентификатор строки',
  `buyer_category` varchar(100) COLLATE utf8_unicode_ci NOT NULL COMMENT 'Название категории пользователя',
  `created_at` datetime DEFAULT current_timestamp() COMMENT 'Время создания строки',
  `updated_at` datetime DEFAULT current_timestamp() ON UPDATE current_timestamp() COMMENT 'Время обновления строки',
  PRIMARY KEY (`id`)
) ENGINE=InnoDB AUTO_INCREMENT=3 DEFAULT CHARSET=utf8 COLLATE=utf8_unicode_ci COMMENT='Категории пользователей';

INSERT INTO `buyer_category` (`id`, `buyer_category`, `created_at`, `updated_at`) VALUES (1, 'expedita', '2020-07-14 20:52:42', '2019-12-05 23:05:50');
INSERT INTO `buyer_category` (`id`, `buyer_category`, `created_at`, `updated_at`) VALUES (2, 'perspiciatis', '2020-03-18 06:38:16', '2020-08-27 02:53:41');


#
# TABLE STRUCTURE FOR: buyers
#

DROP TABLE IF EXISTS `buyers`;

CREATE TABLE `buyers` (
  `id` int(10) unsigned NOT NULL AUTO_INCREMENT COMMENT 'Идентификатор строки',
  `buyer_category_id` int(10) unsigned NOT NULL COMMENT 'Ссылка на категорию покупателя',
  `first_name` varchar(100) COLLATE utf8_unicode_ci NOT NULL COMMENT 'Имя пользователя(контактное лицо)',
  `last_name` varchar(100) COLLATE utf8_unicode_ci NOT NULL COMMENT 'Фамилия пользователя(контактное лицо)',
  `email` varchar(100) COLLATE utf8_unicode_ci NOT NULL COMMENT 'Почта(КЛ)',
  `phone` varchar(100) COLLATE utf8_unicode_ci NOT NULL COMMENT 'Телефон(КЛ)',
  `adress` varchar(150) COLLATE utf8_unicode_ci NOT NULL COMMENT 'Адрес',
  `legal_person_name` varchar(150) COLLATE utf8_unicode_ci DEFAULT NULL COMMENT 'Наименование юридического лица',
  `inn` varchar(50) COLLATE utf8_unicode_ci DEFAULT NULL COMMENT 'ИНН(ЮЛ)',
  `kpp` varchar(50) COLLATE utf8_unicode_ci DEFAULT NULL COMMENT 'КПП(ЮЛ)',
  `payment_account` varchar(50) COLLATE utf8_unicode_ci DEFAULT NULL COMMENT 'Р/с(ЮЛ)',
  `bank` varchar(150) COLLATE utf8_unicode_ci DEFAULT NULL COMMENT 'Банк(ЮЛ)',
  `bic` varchar(50) COLLATE utf8_unicode_ci DEFAULT NULL COMMENT 'БИК(ЮЛ)',
  `created_at` datetime DEFAULT current_timestamp() COMMENT 'Время создания строки',
  `updated_at` datetime DEFAULT current_timestamp() ON UPDATE current_timestamp() COMMENT 'Время обновления строки',
  PRIMARY KEY (`id`)
) ENGINE=InnoDB AUTO_INCREMENT=101 DEFAULT CHARSET=utf8 COLLATE=utf8_unicode_ci COMMENT='Покупатели';

INSERT INTO `buyers` (`id`, `buyer_category_id`, `first_name`, `last_name`, `email`, `phone`, `adress`, `legal_person_name`, `inn`, `kpp`, `payment_account`, `bank`, `bic`, `created_at`, `updated_at`) VALUES (1, 0, 'Newton', 'Nader', 'shanelle.reynolds@example.net', '493-561-7828x571', '1054 Linwood Pike Apt. 989\nBrittanyport, NC 94398', 'Boyle Group', '9127', '62', '693615', 'Reilly, Sanford and Towne', '5930', '2020-08-17 11:18:39', '2020-07-19 22:26:11');
INSERT INTO `buyers` (`id`, `buyer_category_id`, `first_name`, `last_name`, `email`, `phone`, `adress`, `legal_person_name`, `inn`, `kpp`, `payment_account`, `bank`, `bic`, `created_at`, `updated_at`) VALUES (2, 0, 'Rollin', 'Tremblay', 'ljacobson@example.com', '362-682-4955x6375', '2553 Nakia Isle Suite 589\nJevonshire, MS 08667', 'Kohler, Cummerata and Goyette', '153283', '10', '86', 'Bartell-Beer', '3', '2020-08-21 03:43:15', '2020-03-03 00:11:46');
INSERT INTO `buyers` (`id`, `buyer_category_id`, `first_name`, `last_name`, `email`, `phone`, `adress`, `legal_person_name`, `inn`, `kpp`, `payment_account`, `bank`, `bic`, `created_at`, `updated_at`) VALUES (3, 0, 'Kian', 'Nolan', 'abdullah38@example.org', '03476756319', '32224 Lockman Cape\nWest Fredrick, TX 85995', 'Wisozk-Keebler', '97', '583137162', '72142288', 'Murray, Stanton and Collier', '168309395', '2020-03-14 14:09:54', '2020-05-07 03:12:07');
INSERT INTO `buyers` (`id`, `buyer_category_id`, `first_name`, `last_name`, `email`, `phone`, `adress`, `legal_person_name`, `inn`, `kpp`, `payment_account`, `bank`, `bic`, `created_at`, `updated_at`) VALUES (4, 0, 'Gay', 'Beahan', 'felix.schmidt@example.net', '(540)053-6534x0135', '1918 Bashirian Crest\nSwaniawskiside, TN 99646-2906', 'Hansen, Hettinger and Bins', '83', '66', '', 'Berge, Wolf and Lehner', '988014889', '2020-06-10 17:22:38', '2020-03-08 15:39:23');
INSERT INTO `buyers` (`id`, `buyer_category_id`, `first_name`, `last_name`, `email`, `phone`, `adress`, `legal_person_name`, `inn`, `kpp`, `payment_account`, `bank`, `bic`, `created_at`, `updated_at`) VALUES (5, 0, 'Quinn', 'Ferry', 'rolfson.sylvia@example.net', '+19(1)3993515267', '190 Bartoletti Drive Suite 773\nCorineland, DE 25854-4210', 'Waters LLC', '', '443009', '3219742', 'Kautzer LLC', '63', '2020-08-13 09:45:42', '2020-07-29 04:43:36');
INSERT INTO `buyers` (`id`, `buyer_category_id`, `first_name`, `last_name`, `email`, `phone`, `adress`, `legal_person_name`, `inn`, `kpp`, `payment_account`, `bank`, `bic`, `created_at`, `updated_at`) VALUES (6, 0, 'Alfonso', 'Kassulke', 'adam08@example.com', '(645)151-0619x775', '8650 Dorothea Knolls Suite 471\nJohnnyberg, SD 43009-1889', 'O\'Connell-Spencer', '4', '2857854', '452', 'Bernhard Inc', '3982', '2020-06-02 18:18:42', '2020-06-10 23:38:50');
INSERT INTO `buyers` (`id`, `buyer_category_id`, `first_name`, `last_name`, `email`, `phone`, `adress`, `legal_person_name`, `inn`, `kpp`, `payment_account`, `bank`, `bic`, `created_at`, `updated_at`) VALUES (7, 0, 'Terrill', 'Ziemann', 'luettgen.norma@example.org', '579.966.7466x250', '72999 Lemke Junctions\nRathview, VA 48411', 'Lowe-Hyatt', '', '', '6', 'Considine, Corkery and Torphy', '9', '2020-06-07 12:24:32', '2020-01-27 11:13:01');
INSERT INTO `buyers` (`id`, `buyer_category_id`, `first_name`, `last_name`, `email`, `phone`, `adress`, `legal_person_name`, `inn`, `kpp`, `payment_account`, `bank`, `bic`, `created_at`, `updated_at`) VALUES (8, 0, 'Dion', 'Veum', 'wnikolaus@example.org', '034.112.2622x822', '955 Weimann Lake Suite 730\nNorth Peterchester, MT 81092-0069', 'Batz, Koss and Cronin', '781823606', '3736383', '165', 'Schaden-Heathcote', '', '2020-02-16 08:00:43', '2020-05-12 08:50:52');
INSERT INTO `buyers` (`id`, `buyer_category_id`, `first_name`, `last_name`, `email`, `phone`, `adress`, `legal_person_name`, `inn`, `kpp`, `payment_account`, `bank`, `bic`, `created_at`, `updated_at`) VALUES (9, 0, 'Neva', 'Torphy', 'cstreich@example.net', '264-213-0292x78137', '90234 Pollich Radial\nMarksville, WY 27323', 'Predovic PLC', '831', '91289', '959221', 'Schinner Group', '5600', '2020-02-22 05:14:07', '2020-05-26 01:58:59');
INSERT INTO `buyers` (`id`, `buyer_category_id`, `first_name`, `last_name`, `email`, `phone`, `adress`, `legal_person_name`, `inn`, `kpp`, `payment_account`, `bank`, `bic`, `created_at`, `updated_at`) VALUES (10, 0, 'Leola', 'Hamill', 'lelia74@example.com', '04858381747', '840 Kira Mountains\nGutkowskiton, OH 44360', 'Heaney-Nitzsche', '719916880', '25', '2072', 'Padberg PLC', '5226', '2019-11-10 00:21:24', '2019-11-26 05:14:03');
INSERT INTO `buyers` (`id`, `buyer_category_id`, `first_name`, `last_name`, `email`, `phone`, `adress`, `legal_person_name`, `inn`, `kpp`, `payment_account`, `bank`, `bic`, `created_at`, `updated_at`) VALUES (11, 0, 'Lavon', 'Hauck', 'murray.aidan@example.com', '1-889-576-9909', '838 Fleta Street Suite 913\nKunzemouth, SD 59357-4578', 'Leffler-Senger', '3275124', '9448729', '2810', 'Senger-Labadie', '288839613', '2020-02-06 00:25:49', '2020-05-01 18:16:06');
INSERT INTO `buyers` (`id`, `buyer_category_id`, `first_name`, `last_name`, `email`, `phone`, `adress`, `legal_person_name`, `inn`, `kpp`, `payment_account`, `bank`, `bic`, `created_at`, `updated_at`) VALUES (12, 0, 'Lora', 'Sauer', 'annalise.weber@example.com', '292.695.5413x844', '901 Maritza Crossing\nNew Edentown, UT 43675', 'Johnson, Murazik and Kirlin', '41', '67343792', '3589256', 'Breitenberg-Harris', '59', '2019-12-05 12:04:54', '2019-10-31 19:49:57');
INSERT INTO `buyers` (`id`, `buyer_category_id`, `first_name`, `last_name`, `email`, `phone`, `adress`, `legal_person_name`, `inn`, `kpp`, `payment_account`, `bank`, `bic`, `created_at`, `updated_at`) VALUES (13, 0, 'Gardner', 'Waelchi', 'ndibbert@example.org', '(991)386-7445', '0125 Mosciski Manors\nSouth Celestinemouth, IN 22392', 'Schinner, Tillman and Thiel', '38738148', '37636', '278', 'Kihn and Sons', '455271047', '2019-09-21 07:45:08', '2019-12-05 01:15:19');
INSERT INTO `buyers` (`id`, `buyer_category_id`, `first_name`, `last_name`, `email`, `phone`, `adress`, `legal_person_name`, `inn`, `kpp`, `payment_account`, `bank`, `bic`, `created_at`, `updated_at`) VALUES (14, 0, 'Macey', 'Medhurst', 'esteban.weissnat@example.net', '02330882966', '5138 Yundt Centers\nNorth Hildegardbury, NC 98316-0250', 'Heidenreich, Medhurst and Rau', '37', '8', '825475767', 'Kunde, Senger and Huel', '432678', '2020-02-07 19:54:56', '2020-01-28 14:19:46');
INSERT INTO `buyers` (`id`, `buyer_category_id`, `first_name`, `last_name`, `email`, `phone`, `adress`, `legal_person_name`, `inn`, `kpp`, `payment_account`, `bank`, `bic`, `created_at`, `updated_at`) VALUES (15, 0, 'Ayden', 'Okuneva', 'schaden.arno@example.com', '+22(7)2899486194', '66647 Hirthe Stream\nSanfordchester, KS 95154', 'Bradtke-Doyle', '26', '44', '48', 'Sipes-Gibson', '397656', '2020-07-13 04:46:34', '2019-10-16 14:18:04');
INSERT INTO `buyers` (`id`, `buyer_category_id`, `first_name`, `last_name`, `email`, `phone`, `adress`, `legal_person_name`, `inn`, `kpp`, `payment_account`, `bank`, `bic`, `created_at`, `updated_at`) VALUES (16, 0, 'Johnathon', 'McGlynn', 'bella.witting@example.org', '01750336403', '6675 Euna Lane Suite 056\nLake Era, WV 30959', 'Prosacco-Goldner', '76795', '664178', '8260981', 'Paucek-Maggio', '7341', '2020-05-29 11:05:06', '2019-10-24 16:49:17');
INSERT INTO `buyers` (`id`, `buyer_category_id`, `first_name`, `last_name`, `email`, `phone`, `adress`, `legal_person_name`, `inn`, `kpp`, `payment_account`, `bank`, `bic`, `created_at`, `updated_at`) VALUES (17, 0, 'Ashleigh', 'Vandervort', 'rratke@example.net', '847-177-8683', '99337 Lang Stravenue Suite 713\nWest Christianachester, NM 51289-5459', 'Gibson, McCullough and Orn', '13858', '52862055', '', 'O\'Connell Group', '6', '2020-01-14 14:43:29', '2020-05-01 02:41:06');
INSERT INTO `buyers` (`id`, `buyer_category_id`, `first_name`, `last_name`, `email`, `phone`, `adress`, `legal_person_name`, `inn`, `kpp`, `payment_account`, `bank`, `bic`, `created_at`, `updated_at`) VALUES (18, 0, 'Hildegard', 'Wehner', 'spencer.dorian@example.org', '(998)563-2012x23186', '5749 Hagenes Unions Suite 316\nBlandamouth, VT 98977-6321', 'Vandervort, Towne and Morar', '', '8582772', '134015', 'Kessler, Cummings and Jakubowski', '762013', '2020-03-14 11:03:07', '2019-09-22 22:32:28');
INSERT INTO `buyers` (`id`, `buyer_category_id`, `first_name`, `last_name`, `email`, `phone`, `adress`, `legal_person_name`, `inn`, `kpp`, `payment_account`, `bank`, `bic`, `created_at`, `updated_at`) VALUES (19, 0, 'Mario', 'Walter', 'hudson.era@example.net', '+19(6)5375359346', '67414 Paucek Oval Apt. 981\nSouth Noefort, VT 66926-2320', 'Rosenbaum Inc', '8810737', '77590453', '7428', 'Hilpert Group', '446485815', '2019-09-22 05:31:30', '2019-11-01 22:00:12');
INSERT INTO `buyers` (`id`, `buyer_category_id`, `first_name`, `last_name`, `email`, `phone`, `adress`, `legal_person_name`, `inn`, `kpp`, `payment_account`, `bank`, `bic`, `created_at`, `updated_at`) VALUES (20, 0, 'Stewart', 'Ratke', 'turcotte.kailey@example.org', '725-887-3193x6536', '24112 Melyssa Cove Apt. 927\nSouth Fayeberg, CA 67171', 'Fritsch-Walsh', '858', '', '7', 'Bins-Spencer', '', '2019-10-08 11:53:16', '2020-08-04 20:23:21');
INSERT INTO `buyers` (`id`, `buyer_category_id`, `first_name`, `last_name`, `email`, `phone`, `adress`, `legal_person_name`, `inn`, `kpp`, `payment_account`, `bank`, `bic`, `created_at`, `updated_at`) VALUES (21, 0, 'Wiley', 'Stamm', 'alexanne.kuvalis@example.net', '650-516-0051x969', '8034 Katelyn Corner\nCassandreport, WY 65077-3123', 'Wuckert, Jacobs and Witting', '', '', '7281', 'Leannon-Hoppe', '5048524', '2020-07-12 03:32:40', '2020-02-26 03:18:48');
INSERT INTO `buyers` (`id`, `buyer_category_id`, `first_name`, `last_name`, `email`, `phone`, `adress`, `legal_person_name`, `inn`, `kpp`, `payment_account`, `bank`, `bic`, `created_at`, `updated_at`) VALUES (22, 0, 'Tristian', 'Gottlieb', 'irving02@example.org', '539.769.8295', '62300 Amparo Curve\nHodkiewiczshire, GA 54763-3537', 'Spinka-Yundt', '3210720', '17888', '271859313', 'Rath, Stehr and Graham', '89135309', '2019-11-13 18:39:00', '2020-01-05 16:27:46');
INSERT INTO `buyers` (`id`, `buyer_category_id`, `first_name`, `last_name`, `email`, `phone`, `adress`, `legal_person_name`, `inn`, `kpp`, `payment_account`, `bank`, `bic`, `created_at`, `updated_at`) VALUES (23, 0, 'Orion', 'Littel', 'otilia45@example.com', '650.167.7724x9175', '3620 Chloe Passage Apt. 516\nSouth Asa, IN 17613', 'Bernhard LLC', '79', '9359593', '9926782', 'Crooks-Hahn', '22643897', '2020-02-06 23:20:44', '2020-08-29 07:24:53');
INSERT INTO `buyers` (`id`, `buyer_category_id`, `first_name`, `last_name`, `email`, `phone`, `adress`, `legal_person_name`, `inn`, `kpp`, `payment_account`, `bank`, `bic`, `created_at`, `updated_at`) VALUES (24, 0, 'Jeff', 'Konopelski', 'baby39@example.com', '06412375814', '3747 Candice Shores\nNew Emersonhaven, OH 26431-7164', 'Aufderhar-Robel', '60', '467', '601', 'Bergnaum, Herzog and Turcotte', '49405887', '2020-08-29 03:45:29', '2019-11-08 16:28:51');
INSERT INTO `buyers` (`id`, `buyer_category_id`, `first_name`, `last_name`, `email`, `phone`, `adress`, `legal_person_name`, `inn`, `kpp`, `payment_account`, `bank`, `bic`, `created_at`, `updated_at`) VALUES (25, 0, 'Angelica', 'McCullough', 'moore.ed@example.com', '(031)041-1378x6249', '659 Weimann Street Apt. 257\nBogisichfurt, WA 86702-7190', 'Powlowski, Murphy and Jacobs', '66980', '', '940618', 'Reynolds Group', '96791', '2019-09-30 03:21:39', '2019-09-28 00:35:40');
INSERT INTO `buyers` (`id`, `buyer_category_id`, `first_name`, `last_name`, `email`, `phone`, `adress`, `legal_person_name`, `inn`, `kpp`, `payment_account`, `bank`, `bic`, `created_at`, `updated_at`) VALUES (26, 0, 'Jazmin', 'Fisher', 'christopher.bosco@example.com', '346-194-2934x7874', '68551 Will Road Suite 156\nJettfurt, MD 44250-1748', 'Deckow and Sons', '37', '12', '6861549', 'O\'Reilly, Daugherty and Wiegand', '591', '2020-03-12 21:07:11', '2020-05-17 01:56:14');
INSERT INTO `buyers` (`id`, `buyer_category_id`, `first_name`, `last_name`, `email`, `phone`, `adress`, `legal_person_name`, `inn`, `kpp`, `payment_account`, `bank`, `bic`, `created_at`, `updated_at`) VALUES (27, 0, 'Marlin', 'Hane', 'hahn.zander@example.com', '(298)820-1170', '292 Bashirian Vista\nNew Jakefort, NY 77841', 'Gorczany LLC', '225259938', '', '64316023', 'Goodwin-Marvin', '832', '2019-11-16 14:37:22', '2020-04-22 13:00:59');
INSERT INTO `buyers` (`id`, `buyer_category_id`, `first_name`, `last_name`, `email`, `phone`, `adress`, `legal_person_name`, `inn`, `kpp`, `payment_account`, `bank`, `bic`, `created_at`, `updated_at`) VALUES (28, 0, 'Vance', 'Kuhic', 'gzulauf@example.org', '306.120.9278', '57532 Kuphal Ramp\nPort Alberto, OH 87413', 'Moen and Sons', '7', '9823709', '10', 'Stokes-Mann', '', '2020-08-27 10:18:28', '2020-06-05 17:33:10');
INSERT INTO `buyers` (`id`, `buyer_category_id`, `first_name`, `last_name`, `email`, `phone`, `adress`, `legal_person_name`, `inn`, `kpp`, `payment_account`, `bank`, `bic`, `created_at`, `updated_at`) VALUES (29, 0, 'Jordane', 'Kuhn', 'hudson.wilbert@example.org', '996-121-5332x6180', '12094 Marisa Ridges Suite 082\nLehnerville, TN 31341', 'Deckow-Hilpert', '33048632', '1026700', '1783793', 'Muller-Hills', '62414747', '2020-08-30 11:28:19', '2020-05-28 03:42:55');
INSERT INTO `buyers` (`id`, `buyer_category_id`, `first_name`, `last_name`, `email`, `phone`, `adress`, `legal_person_name`, `inn`, `kpp`, `payment_account`, `bank`, `bic`, `created_at`, `updated_at`) VALUES (30, 0, 'Hester', 'Ankunding', 'imelda87@example.com', '(708)612-4160x213', '272 Tony Village Apt. 640\nErnserhaven, NV 78607', 'Sauer Inc', '224865328', '5482', '470081', 'Ruecker Group', '7097', '2019-09-07 16:57:48', '2020-05-18 20:09:15');
INSERT INTO `buyers` (`id`, `buyer_category_id`, `first_name`, `last_name`, `email`, `phone`, `adress`, `legal_person_name`, `inn`, `kpp`, `payment_account`, `bank`, `bic`, `created_at`, `updated_at`) VALUES (31, 0, 'Amina', 'Koelpin', 'freida.kuhlman@example.org', '1-951-872-5871x038', '01113 Lebsack Cliffs\nPort Eliane, NM 56955-5137', 'Ullrich Inc', '93', '', '88', 'Beahan-Johnson', '1824', '2020-03-24 23:46:13', '2020-06-02 23:24:38');
INSERT INTO `buyers` (`id`, `buyer_category_id`, `first_name`, `last_name`, `email`, `phone`, `adress`, `legal_person_name`, `inn`, `kpp`, `payment_account`, `bank`, `bic`, `created_at`, `updated_at`) VALUES (32, 0, 'Hailee', 'Keeling', 'danielle17@example.com', '700.876.0316x140', '4804 Grant Shoals\nMcClurehaven, MO 34971', 'Feil Group', '8701796', '56409751', '52714', 'Carter-Abshire', '54364', '2020-03-21 01:54:33', '2020-01-21 15:20:55');
INSERT INTO `buyers` (`id`, `buyer_category_id`, `first_name`, `last_name`, `email`, `phone`, `adress`, `legal_person_name`, `inn`, `kpp`, `payment_account`, `bank`, `bic`, `created_at`, `updated_at`) VALUES (33, 0, 'Sylvan', 'McGlynn', 'naomi54@example.net', '1-925-465-9273x821', '9319 Rhianna Tunnel Apt. 027\nDejonbury, TN 46328-0666', 'Koepp-Huel', '6', '296870726', '6563398', 'Bernhard Ltd', '837570241', '2020-04-28 05:01:25', '2019-12-08 08:41:17');
INSERT INTO `buyers` (`id`, `buyer_category_id`, `first_name`, `last_name`, `email`, `phone`, `adress`, `legal_person_name`, `inn`, `kpp`, `payment_account`, `bank`, `bic`, `created_at`, `updated_at`) VALUES (34, 0, 'Amy', 'Denesik', 'cdare@example.net', '1-809-685-9457', '604 Ida Drives\nNew Blair, VT 94662-6297', 'Price-Wilkinson', '1', '841261744', '670', 'Lynch-Kovacek', '83141376', '2020-07-21 13:57:57', '2019-09-18 15:58:24');
INSERT INTO `buyers` (`id`, `buyer_category_id`, `first_name`, `last_name`, `email`, `phone`, `adress`, `legal_person_name`, `inn`, `kpp`, `payment_account`, `bank`, `bic`, `created_at`, `updated_at`) VALUES (35, 0, 'Berniece', 'Hilpert', 'bradtke.jonathan@example.net', '485-822-7589', '14292 Elsie Fork Suite 892\nDudleymouth, RI 87976-3868', 'Lindgren and Sons', '', '', '84', 'Barrows Group', '45', '2020-05-15 13:40:38', '2020-08-02 15:50:50');
INSERT INTO `buyers` (`id`, `buyer_category_id`, `first_name`, `last_name`, `email`, `phone`, `adress`, `legal_person_name`, `inn`, `kpp`, `payment_account`, `bank`, `bic`, `created_at`, `updated_at`) VALUES (36, 0, 'Hardy', 'Abshire', 'angelita72@example.com', '1-315-784-0193x904', '64792 Carolyne Cliffs\nBechtelarstad, NM 36485-1368', 'Dooley Inc', '452', '706916729', '62', 'Kertzmann-Keeling', '648852917', '2020-06-17 23:12:16', '2019-10-12 02:56:23');
INSERT INTO `buyers` (`id`, `buyer_category_id`, `first_name`, `last_name`, `email`, `phone`, `adress`, `legal_person_name`, `inn`, `kpp`, `payment_account`, `bank`, `bic`, `created_at`, `updated_at`) VALUES (37, 0, 'Kaitlin', 'Hettinger', 'swaelchi@example.org', '(420)120-3948x2821', '681 Davin Canyon Apt. 524\nEast Bethany, TN 58778-6075', 'Wuckert-Ward', '644565806', '4760283', '47', 'Labadie-Schinner', '2', '2019-09-25 15:55:36', '2020-04-28 08:29:51');
INSERT INTO `buyers` (`id`, `buyer_category_id`, `first_name`, `last_name`, `email`, `phone`, `adress`, `legal_person_name`, `inn`, `kpp`, `payment_account`, `bank`, `bic`, `created_at`, `updated_at`) VALUES (38, 0, 'Noelia', 'Considine', 'ehomenick@example.org', '1-817-197-3798x0483', '87879 Garett Throughway Suite 693\nNew Jaylin, WA 87582', 'Murray LLC', '473614919', '6750196', '765417', 'Morar-Daugherty', '5', '2020-07-12 07:54:06', '2020-02-14 06:42:36');
INSERT INTO `buyers` (`id`, `buyer_category_id`, `first_name`, `last_name`, `email`, `phone`, `adress`, `legal_person_name`, `inn`, `kpp`, `payment_account`, `bank`, `bic`, `created_at`, `updated_at`) VALUES (39, 0, 'Darian', 'Medhurst', 'dannie.rau@example.org', '431.743.0594x04996', '74990 Zelma Point Suite 174\nWest Wellington, DE 11318', 'Bernhard, Wisoky and Rath', '48129134', '268295', '3', 'Ferry-Beahan', '4429308', '2020-05-05 04:31:49', '2020-01-09 07:01:49');
INSERT INTO `buyers` (`id`, `buyer_category_id`, `first_name`, `last_name`, `email`, `phone`, `adress`, `legal_person_name`, `inn`, `kpp`, `payment_account`, `bank`, `bic`, `created_at`, `updated_at`) VALUES (40, 0, 'Axel', 'Armstrong', 'phirthe@example.com', '1-428-360-1331x819', '762 Goodwin Plains Apt. 943\nWest Dagmar, TX 89220-7873', 'Rau-Corwin', '3096', '46', '779353199', 'Mante-Haley', '', '2019-11-01 23:37:31', '2020-08-21 19:50:37');
INSERT INTO `buyers` (`id`, `buyer_category_id`, `first_name`, `last_name`, `email`, `phone`, `adress`, `legal_person_name`, `inn`, `kpp`, `payment_account`, `bank`, `bic`, `created_at`, `updated_at`) VALUES (41, 0, 'Leanne', 'Champlin', 'kunze.clifford@example.org', '1-392-584-6322x0711', '678 Jared Skyway Suite 377\nWest Gersonville, VT 41649-0009', 'Fritsch, Berge and Lang', '660660', '60310', '4', 'Heaney LLC', '', '2019-12-29 12:54:15', '2019-10-23 11:03:22');
INSERT INTO `buyers` (`id`, `buyer_category_id`, `first_name`, `last_name`, `email`, `phone`, `adress`, `legal_person_name`, `inn`, `kpp`, `payment_account`, `bank`, `bic`, `created_at`, `updated_at`) VALUES (42, 0, 'Mae', 'Fritsch', 'janie68@example.com', '(495)173-6502x199', '74083 Lincoln Roads Apt. 461\nEast Freddie, PA 72827', 'Corkery LLC', '54627', '55', '5', 'Kessler-Champlin', '', '2020-04-26 11:42:51', '2020-08-06 16:01:46');
INSERT INTO `buyers` (`id`, `buyer_category_id`, `first_name`, `last_name`, `email`, `phone`, `adress`, `legal_person_name`, `inn`, `kpp`, `payment_account`, `bank`, `bic`, `created_at`, `updated_at`) VALUES (43, 0, 'Otis', 'Padberg', 'rossie49@example.org', '328-241-8382x430', '005 Glenna Forks\nWest Jerrellborough, TN 43081-2954', 'Jakubowski, Hand and Hegmann', '781850053', '11', '5946', 'Quigley Ltd', '', '2020-05-15 05:11:45', '2020-07-17 17:31:39');
INSERT INTO `buyers` (`id`, `buyer_category_id`, `first_name`, `last_name`, `email`, `phone`, `adress`, `legal_person_name`, `inn`, `kpp`, `payment_account`, `bank`, `bic`, `created_at`, `updated_at`) VALUES (44, 0, 'Nella', 'Oberbrunner', 'lorena.buckridge@example.com', '352.497.3953', '01135 Marjorie Loop\nEast Karson, WY 68106', 'Dietrich-Koch', '98', '31345', '1', 'Wuckert-Schaden', '56007168', '2020-07-31 20:27:42', '2019-09-01 14:53:13');
INSERT INTO `buyers` (`id`, `buyer_category_id`, `first_name`, `last_name`, `email`, `phone`, `adress`, `legal_person_name`, `inn`, `kpp`, `payment_account`, `bank`, `bic`, `created_at`, `updated_at`) VALUES (45, 0, 'Lawrence', 'Bailey', 'pdonnelly@example.net', '077.051.7857x0059', '069 Schuppe Trace Suite 999\nShannonburgh, MA 50659', 'Keeling LLC', '2', '82', '2174', 'Ruecker, Witting and O\'Hara', '4306184', '2020-07-07 03:45:13', '2020-07-14 20:34:19');
INSERT INTO `buyers` (`id`, `buyer_category_id`, `first_name`, `last_name`, `email`, `phone`, `adress`, `legal_person_name`, `inn`, `kpp`, `payment_account`, `bank`, `bic`, `created_at`, `updated_at`) VALUES (46, 0, 'Foster', 'Witting', 'rempel.ronaldo@example.com', '345.578.4478x1814', '98340 Runolfsson Path\nNew Judsonborough, KS 47890-2228', 'Lind-Heathcote', '1620378', '7', '751969', 'Torphy-Nolan', '176463318', '2019-12-03 10:36:58', '2020-06-20 17:46:57');
INSERT INTO `buyers` (`id`, `buyer_category_id`, `first_name`, `last_name`, `email`, `phone`, `adress`, `legal_person_name`, `inn`, `kpp`, `payment_account`, `bank`, `bic`, `created_at`, `updated_at`) VALUES (47, 0, 'Connie', 'Price', 'green.dwight@example.com', '(753)151-9891', '81120 Kenton Lakes\nNorth Kaya, NM 85962-1029', 'O\'Reilly-Cassin', '6618', '3524', '4466', 'Emard Ltd', '', '2019-09-30 16:09:49', '2019-10-12 19:50:25');
INSERT INTO `buyers` (`id`, `buyer_category_id`, `first_name`, `last_name`, `email`, `phone`, `adress`, `legal_person_name`, `inn`, `kpp`, `payment_account`, `bank`, `bic`, `created_at`, `updated_at`) VALUES (48, 0, 'Russel', 'Rowe', 'cornell.osinski@example.org', '(167)380-4855', '19484 Jenkins Prairie\nZiemeville, MI 75295-9839', 'Beahan Ltd', '92399', '11000121', '820173', 'Feeney-Breitenberg', '541284', '2019-10-14 21:36:41', '2020-01-16 02:57:30');
INSERT INTO `buyers` (`id`, `buyer_category_id`, `first_name`, `last_name`, `email`, `phone`, `adress`, `legal_person_name`, `inn`, `kpp`, `payment_account`, `bank`, `bic`, `created_at`, `updated_at`) VALUES (49, 0, 'Wendy', 'Hoeger', 'delpha.mitchell@example.net', '1-747-812-3099x2335', '987 Benedict Cliffs\nPort Aubreyview, WY 53939', 'Reichel Group', '547489790', '740878521', '5', 'Dare, Dibbert and Kuhn', '582', '2020-08-11 12:55:18', '2020-03-24 10:36:07');
INSERT INTO `buyers` (`id`, `buyer_category_id`, `first_name`, `last_name`, `email`, `phone`, `adress`, `legal_person_name`, `inn`, `kpp`, `payment_account`, `bank`, `bic`, `created_at`, `updated_at`) VALUES (50, 0, 'Fanny', 'Stoltenberg', 'lelah22@example.com', '480-832-3515x05529', '7919 Maximilian Manors Apt. 624\nBinsview, FL 42000', 'Weber, Kovacek and Terry', '212', '31123341', '982473', 'Hills-Legros', '1', '2020-03-06 11:09:54', '2020-02-14 10:15:39');
INSERT INTO `buyers` (`id`, `buyer_category_id`, `first_name`, `last_name`, `email`, `phone`, `adress`, `legal_person_name`, `inn`, `kpp`, `payment_account`, `bank`, `bic`, `created_at`, `updated_at`) VALUES (51, 0, 'Paula', 'Fritsch', 'lnitzsche@example.org', '(022)954-5888', '60160 Lonie Dale Apt. 821\nO\'Konshire, NM 43641', 'Bergnaum-Denesik', '5', '774827', '2804135', 'Rohan, McClure and Fritsch', '811', '2019-12-22 23:35:24', '2020-05-09 03:01:05');
INSERT INTO `buyers` (`id`, `buyer_category_id`, `first_name`, `last_name`, `email`, `phone`, `adress`, `legal_person_name`, `inn`, `kpp`, `payment_account`, `bank`, `bic`, `created_at`, `updated_at`) VALUES (52, 0, 'Mervin', 'Franecki', 'lhegmann@example.net', '(033)079-4460', '522 Joanie Flats\nD\'Amoreberg, MT 97114-8463', 'Towne-Bailey', '6248', '5', '', 'McCullough Inc', '540900', '2020-08-31 07:48:47', '2019-10-02 09:45:35');
INSERT INTO `buyers` (`id`, `buyer_category_id`, `first_name`, `last_name`, `email`, `phone`, `adress`, `legal_person_name`, `inn`, `kpp`, `payment_account`, `bank`, `bic`, `created_at`, `updated_at`) VALUES (53, 0, 'Frederick', 'Ritchie', 'rosenbaum.alexis@example.com', '02689964708', '49739 Pierce Isle\nAnnefort, ME 03839', 'Daniel, Corwin and Schumm', '25230535', '549761', '35302121', 'West-Runte', '81707297', '2020-01-09 18:11:08', '2019-12-04 08:35:43');
INSERT INTO `buyers` (`id`, `buyer_category_id`, `first_name`, `last_name`, `email`, `phone`, `adress`, `legal_person_name`, `inn`, `kpp`, `payment_account`, `bank`, `bic`, `created_at`, `updated_at`) VALUES (54, 0, 'Antoinette', 'Daniel', 'marquise.hudson@example.com', '382-735-3762', '2546 Mable Springs Apt. 690\nNew Cooper, KY 92757', 'Hermann-Christiansen', '3', '6', '153', 'DuBuque-Cole', '513762', '2020-07-26 19:06:55', '2020-05-03 05:00:18');
INSERT INTO `buyers` (`id`, `buyer_category_id`, `first_name`, `last_name`, `email`, `phone`, `adress`, `legal_person_name`, `inn`, `kpp`, `payment_account`, `bank`, `bic`, `created_at`, `updated_at`) VALUES (55, 0, 'Patience', 'Sporer', 'jmuller@example.org', '1-804-164-4494', '22055 Larkin Lodge\nWest Destiny, NJ 43354', 'Marvin, Morar and Rath', '664', '55041', '589731', 'Heller-Schaefer', '645381818', '2020-07-19 16:39:35', '2019-12-07 23:18:42');
INSERT INTO `buyers` (`id`, `buyer_category_id`, `first_name`, `last_name`, `email`, `phone`, `adress`, `legal_person_name`, `inn`, `kpp`, `payment_account`, `bank`, `bic`, `created_at`, `updated_at`) VALUES (56, 0, 'Bart', 'Schuster', 'maximilian79@example.com', '(452)199-0360x747', '737 Gutmann Mountains\nSouth Alyssonville, OR 14013', 'Johns and Sons', '17638', '3084', '3264', 'Cartwright, Murazik and Bartoletti', '99', '2020-03-09 02:00:47', '2020-06-24 15:55:44');
INSERT INTO `buyers` (`id`, `buyer_category_id`, `first_name`, `last_name`, `email`, `phone`, `adress`, `legal_person_name`, `inn`, `kpp`, `payment_account`, `bank`, `bic`, `created_at`, `updated_at`) VALUES (57, 0, 'Zula', 'Cassin', 'ava89@example.com', '961.123.8283x82419', '02580 Gutmann Lodge Suite 672\nEast Neal, TN 18302-9356', 'Walker Ltd', '430', '6121309', '740356', 'Sawayn and Sons', '57505215', '2020-03-12 18:00:05', '2019-12-21 20:57:39');
INSERT INTO `buyers` (`id`, `buyer_category_id`, `first_name`, `last_name`, `email`, `phone`, `adress`, `legal_person_name`, `inn`, `kpp`, `payment_account`, `bank`, `bic`, `created_at`, `updated_at`) VALUES (58, 0, 'Nettie', 'Kunde', 'deckow.stephanie@example.net', '(705)206-8712', '29084 Major Turnpike\nPort Chad, CA 70103', 'Kemmer PLC', '8391960', '314', '603558445', 'Hansen, Lynch and Greenholt', '649019', '2019-12-11 04:15:45', '2020-03-03 13:57:21');
INSERT INTO `buyers` (`id`, `buyer_category_id`, `first_name`, `last_name`, `email`, `phone`, `adress`, `legal_person_name`, `inn`, `kpp`, `payment_account`, `bank`, `bic`, `created_at`, `updated_at`) VALUES (59, 0, 'Landen', 'Schroeder', 'reynolds.kale@example.com', '135.833.6403x8944', '86626 Jaskolski Spurs Suite 631\nNettieberg, MA 17808-8111', 'Bailey PLC', '8996664', '776', '90530', 'Zulauf-Haag', '9807301', '2019-09-20 16:18:29', '2020-03-18 08:53:35');
INSERT INTO `buyers` (`id`, `buyer_category_id`, `first_name`, `last_name`, `email`, `phone`, `adress`, `legal_person_name`, `inn`, `kpp`, `payment_account`, `bank`, `bic`, `created_at`, `updated_at`) VALUES (60, 0, 'Aurelia', 'Dooley', 'fborer@example.org', '(160)392-3802', '8927 Robb Points\nDomenicburgh, TN 38759', 'Frami and Sons', '802', '793296132', '7', 'Walsh-Leffler', '387963370', '2019-10-10 10:09:07', '2020-07-06 04:02:28');
INSERT INTO `buyers` (`id`, `buyer_category_id`, `first_name`, `last_name`, `email`, `phone`, `adress`, `legal_person_name`, `inn`, `kpp`, `payment_account`, `bank`, `bic`, `created_at`, `updated_at`) VALUES (61, 0, 'Neoma', 'Dicki', 'vandervort.roslyn@example.net', '965.998.4806x1697', '83967 Rolfson Inlet\nHicklemouth, KS 24972', 'Bergstrom, Hills and Macejkovic', '914', '22083789', '498785376', 'Terry, Lebsack and Lynch', '293239737', '2019-10-06 11:54:35', '2019-11-02 05:14:59');
INSERT INTO `buyers` (`id`, `buyer_category_id`, `first_name`, `last_name`, `email`, `phone`, `adress`, `legal_person_name`, `inn`, `kpp`, `payment_account`, `bank`, `bic`, `created_at`, `updated_at`) VALUES (62, 0, 'Yazmin', 'Sauer', 'emory.runte@example.com', '771-870-2014', '2148 Madonna Garden Apt. 664\nGoldnerview, IL 56228', 'Hammes, Lang and Frami', '98181', '9591', '61288141', 'Farrell Ltd', '92602942', '2020-03-26 14:29:08', '2019-11-05 21:29:53');
INSERT INTO `buyers` (`id`, `buyer_category_id`, `first_name`, `last_name`, `email`, `phone`, `adress`, `legal_person_name`, `inn`, `kpp`, `payment_account`, `bank`, `bic`, `created_at`, `updated_at`) VALUES (63, 0, 'Keely', 'Legros', 'bryana21@example.com', '+45(8)1672856141', '7746 Wisozk Park\nPort Daxberg, TN 74555', 'Moore, Corwin and Herman', '1', '443970', '476', 'Howe, Lueilwitz and Larkin', '14', '2019-09-23 16:24:45', '2020-05-12 05:08:38');
INSERT INTO `buyers` (`id`, `buyer_category_id`, `first_name`, `last_name`, `email`, `phone`, `adress`, `legal_person_name`, `inn`, `kpp`, `payment_account`, `bank`, `bic`, `created_at`, `updated_at`) VALUES (64, 0, 'Dianna', 'Quitzon', 'bins.karina@example.com', '213.346.5613x074', '84432 Krajcik Ridge Suite 906\nEast Kiarra, VT 44450-7133', 'Moen-Donnelly', '63', '45399', '160732', 'Feil-Shanahan', '86052994', '2020-03-25 06:15:46', '2020-02-17 15:21:33');
INSERT INTO `buyers` (`id`, `buyer_category_id`, `first_name`, `last_name`, `email`, `phone`, `adress`, `legal_person_name`, `inn`, `kpp`, `payment_account`, `bank`, `bic`, `created_at`, `updated_at`) VALUES (65, 0, 'Colleen', 'Bartell', 'bernadine57@example.net', '+26(6)8032831993', '6650 Rogahn Roads\nNew Lynnshire, AR 85926', 'Swaniawski Inc', '9631836', '9274288', '2', 'Baumbach, O\'Hara and Fay', '5777', '2019-11-06 15:35:48', '2020-01-31 14:24:32');
INSERT INTO `buyers` (`id`, `buyer_category_id`, `first_name`, `last_name`, `email`, `phone`, `adress`, `legal_person_name`, `inn`, `kpp`, `payment_account`, `bank`, `bic`, `created_at`, `updated_at`) VALUES (66, 0, 'Keara', 'Hand', 'weber.aniya@example.net', '401.609.1583', '607 Brakus Bridge\nEleanoramouth, HI 58168-9904', 'Cremin, Rippin and Ruecker', '575453298', '23143411', '', 'Rogahn, Dooley and Berge', '75', '2019-10-15 12:15:57', '2020-06-13 13:30:56');
INSERT INTO `buyers` (`id`, `buyer_category_id`, `first_name`, `last_name`, `email`, `phone`, `adress`, `legal_person_name`, `inn`, `kpp`, `payment_account`, `bank`, `bic`, `created_at`, `updated_at`) VALUES (67, 0, 'Ryleigh', 'Swift', 'waters.paige@example.com', '245.842.0256', '28745 McGlynn Rue Apt. 006\nLuisland, SD 09215', 'Will, Jacobi and Wuckert', '4', '512974', '76', 'Gutkowski-McCullough', '21782099', '2019-12-30 20:09:29', '2020-01-07 10:10:12');
INSERT INTO `buyers` (`id`, `buyer_category_id`, `first_name`, `last_name`, `email`, `phone`, `adress`, `legal_person_name`, `inn`, `kpp`, `payment_account`, `bank`, `bic`, `created_at`, `updated_at`) VALUES (68, 0, 'Kaylee', 'Hilpert', 'ztorp@example.net', '1-376-977-3299', '30569 Claudine Crossroad\nKubbury, WY 27109-1899', 'Hyatt, Ratke and Connelly', '', '', '96', 'Sawayn LLC', '161509942', '2019-09-20 04:37:33', '2020-03-29 21:02:48');
INSERT INTO `buyers` (`id`, `buyer_category_id`, `first_name`, `last_name`, `email`, `phone`, `adress`, `legal_person_name`, `inn`, `kpp`, `payment_account`, `bank`, `bic`, `created_at`, `updated_at`) VALUES (69, 0, 'Albert', 'Powlowski', 'susie.rempel@example.com', '00718335645', '561 Ignatius Coves\nWest Zacharymouth, AL 85909-8953', 'Willms, Jenkins and Batz', '', '331708187', '531125', 'Bogisich-Ebert', '43822717', '2019-12-22 15:30:36', '2020-04-26 06:21:39');
INSERT INTO `buyers` (`id`, `buyer_category_id`, `first_name`, `last_name`, `email`, `phone`, `adress`, `legal_person_name`, `inn`, `kpp`, `payment_account`, `bank`, `bic`, `created_at`, `updated_at`) VALUES (70, 0, 'Rebecca', 'Rutherford', 'weston.russel@example.net', '(747)841-5899', '22913 Powlowski Brooks\nBennettville, ND 61769-5083', 'Hilpert-Goyette', '613', '48', '386051', 'Parker Group', '183534', '2020-07-24 13:38:04', '2020-03-19 05:30:12');
INSERT INTO `buyers` (`id`, `buyer_category_id`, `first_name`, `last_name`, `email`, `phone`, `adress`, `legal_person_name`, `inn`, `kpp`, `payment_account`, `bank`, `bic`, `created_at`, `updated_at`) VALUES (71, 0, 'Megane', 'Collins', 'liliane.collier@example.org', '(660)500-6815x8628', '5151 Jessy Point\nBeckerport, WV 09349', 'West, Herman and Nitzsche', '43921', '689', '7738742', 'Bartell-Kulas', '42', '2019-12-17 08:07:38', '2020-02-11 00:01:52');
INSERT INTO `buyers` (`id`, `buyer_category_id`, `first_name`, `last_name`, `email`, `phone`, `adress`, `legal_person_name`, `inn`, `kpp`, `payment_account`, `bank`, `bic`, `created_at`, `updated_at`) VALUES (72, 0, 'Darius', 'Rodriguez', 'ucorkery@example.net', '848-849-4325x285', '1351 Garnett Row Apt. 625\nMcCulloughfurt, ID 80700-6826', 'Hermann PLC', '728', '208729856', '', 'Cummings-Muller', '89', '2019-11-17 15:57:24', '2020-04-02 19:44:57');
INSERT INTO `buyers` (`id`, `buyer_category_id`, `first_name`, `last_name`, `email`, `phone`, `adress`, `legal_person_name`, `inn`, `kpp`, `payment_account`, `bank`, `bic`, `created_at`, `updated_at`) VALUES (73, 0, 'Mariane', 'Russel', 'kenyon.lowe@example.com', '1-477-816-8707', '3201 O\'Kon Terrace Apt. 465\nClaudineland, CA 54801-5390', 'Kohler-Hettinger', '79', '7269422', '74', 'Schmitt, Schmidt and Abbott', '21', '2020-01-29 14:24:25', '2020-06-25 19:38:53');
INSERT INTO `buyers` (`id`, `buyer_category_id`, `first_name`, `last_name`, `email`, `phone`, `adress`, `legal_person_name`, `inn`, `kpp`, `payment_account`, `bank`, `bic`, `created_at`, `updated_at`) VALUES (74, 0, 'Lina', 'Reichel', 'dfriesen@example.org', '891-322-7182x5702', '145 Savion Cliffs\nNorth Abbyberg, MS 76551-6130', 'Gleason-Vandervort', '77365', '5', '', 'Friesen and Sons', '20', '2020-06-10 04:13:36', '2020-07-06 12:39:47');
INSERT INTO `buyers` (`id`, `buyer_category_id`, `first_name`, `last_name`, `email`, `phone`, `adress`, `legal_person_name`, `inn`, `kpp`, `payment_account`, `bank`, `bic`, `created_at`, `updated_at`) VALUES (75, 0, 'Brenda', 'Brown', 'kprice@example.org', '145.160.3762x7445', '94347 Collier Terrace\nWest Kileyport, NV 40419-1697', 'Homenick, Medhurst and Kutch', '338733', '461830887', '25990669', 'Crooks Ltd', '', '2019-11-30 16:41:37', '2020-02-03 05:00:41');
INSERT INTO `buyers` (`id`, `buyer_category_id`, `first_name`, `last_name`, `email`, `phone`, `adress`, `legal_person_name`, `inn`, `kpp`, `payment_account`, `bank`, `bic`, `created_at`, `updated_at`) VALUES (76, 0, 'Carole', 'Bednar', 'gjast@example.net', '749-156-8758', '061 Jackie Manors\nKeeblerland, GA 34963', 'Anderson, Zieme and Mosciski', '575', '22025265', '48650117', 'Hermiston, Kutch and Gislason', '7605823', '2019-12-05 00:56:04', '2020-06-07 03:17:23');
INSERT INTO `buyers` (`id`, `buyer_category_id`, `first_name`, `last_name`, `email`, `phone`, `adress`, `legal_person_name`, `inn`, `kpp`, `payment_account`, `bank`, `bic`, `created_at`, `updated_at`) VALUES (77, 0, 'Maye', 'Carter', 'jfriesen@example.com', '(307)481-3344', '520 Fritz Vista\nMartinshire, CT 46645', 'Turcotte-Price', '91764516', '1749', '33', 'O\'Connell, Schiller and Effertz', '300', '2020-05-01 00:21:53', '2020-08-20 08:55:30');
INSERT INTO `buyers` (`id`, `buyer_category_id`, `first_name`, `last_name`, `email`, `phone`, `adress`, `legal_person_name`, `inn`, `kpp`, `payment_account`, `bank`, `bic`, `created_at`, `updated_at`) VALUES (78, 0, 'Brennon', 'Schmeler', 'elinore66@example.org', '190.447.3599', '3546 Cruickshank Rapids\nConstancefurt, SC 12559', 'Hane PLC', '', '50253490', '3560', 'Skiles-Murazik', '577', '2020-04-11 09:37:13', '2020-02-28 03:25:01');
INSERT INTO `buyers` (`id`, `buyer_category_id`, `first_name`, `last_name`, `email`, `phone`, `adress`, `legal_person_name`, `inn`, `kpp`, `payment_account`, `bank`, `bic`, `created_at`, `updated_at`) VALUES (79, 0, 'Julien', 'Fadel', 'jarred.auer@example.org', '(471)885-9689x768', '319 Pacocha Skyway\nEast Janystad, OK 96166-7462', 'Purdy, Mertz and Kreiger', '38290400', '237957', '7610872', 'Schroeder, Herman and Dickinson', '717130312', '2020-01-20 14:25:33', '2020-01-25 07:19:05');
INSERT INTO `buyers` (`id`, `buyer_category_id`, `first_name`, `last_name`, `email`, `phone`, `adress`, `legal_person_name`, `inn`, `kpp`, `payment_account`, `bank`, `bic`, `created_at`, `updated_at`) VALUES (80, 0, 'Devan', 'Rodriguez', 'cgrady@example.org', '547-506-6066x87617', '2729 Prohaska Plaza\nLillianside, OK 73905-9680', 'Ortiz, Hyatt and Koepp', '478', '33120', '', 'Prosacco, Harvey and Keeling', '581079271', '2020-08-17 23:18:06', '2019-10-20 13:52:39');
INSERT INTO `buyers` (`id`, `buyer_category_id`, `first_name`, `last_name`, `email`, `phone`, `adress`, `legal_person_name`, `inn`, `kpp`, `payment_account`, `bank`, `bic`, `created_at`, `updated_at`) VALUES (81, 0, 'Larry', 'Paucek', 'pmann@example.org', '782-676-8988x4576', '0707 Shaun Fork\nWest Elvafurt, MI 03581', 'Ondricka, Kihn and Ledner', '9330', '79376', '43', 'Simonis, Gutmann and Gutmann', '', '2019-10-22 19:32:54', '2020-05-21 13:04:40');
INSERT INTO `buyers` (`id`, `buyer_category_id`, `first_name`, `last_name`, `email`, `phone`, `adress`, `legal_person_name`, `inn`, `kpp`, `payment_account`, `bank`, `bic`, `created_at`, `updated_at`) VALUES (82, 0, 'Cali', 'Baumbach', 'elenora.hintz@example.net', '984-013-5775', '21890 Ophelia Course\nPort Adolph, HI 04228-5409', 'Littel PLC', '502', '1147288', '97250', 'Flatley Group', '85', '2019-12-05 03:05:06', '2020-01-03 11:41:40');
INSERT INTO `buyers` (`id`, `buyer_category_id`, `first_name`, `last_name`, `email`, `phone`, `adress`, `legal_person_name`, `inn`, `kpp`, `payment_account`, `bank`, `bic`, `created_at`, `updated_at`) VALUES (83, 0, 'Krystel', 'Stroman', 'grady.loyal@example.org', '+78(8)0592484017', '78446 Joelle Flats\nSouth Samir, MT 55094', 'Harber-Feeney', '23', '832708', '52', 'Kautzer, Brown and Hartmann', '2865867', '2020-02-06 10:13:37', '2020-03-26 07:35:06');
INSERT INTO `buyers` (`id`, `buyer_category_id`, `first_name`, `last_name`, `email`, `phone`, `adress`, `legal_person_name`, `inn`, `kpp`, `payment_account`, `bank`, `bic`, `created_at`, `updated_at`) VALUES (84, 0, 'Oleta', 'Konopelski', 'leffler.ruthie@example.net', '1-849-564-7949', '7876 Roman Mountains\nArtside, UT 15015', 'Cormier-Denesik', '85188', '2904', '374', 'Hodkiewicz, Gorczany and Mante', '8566727', '2020-02-29 21:40:17', '2020-01-30 21:20:31');
INSERT INTO `buyers` (`id`, `buyer_category_id`, `first_name`, `last_name`, `email`, `phone`, `adress`, `legal_person_name`, `inn`, `kpp`, `payment_account`, `bank`, `bic`, `created_at`, `updated_at`) VALUES (85, 0, 'Rico', 'Purdy', 'blaze85@example.com', '804-008-3350x035', '8838 Bergnaum Vista\nEast Abdielchester, RI 27514', 'Wintheiser-Runolfsdottir', '509', '', '1500', 'Kirlin-Buckridge', '', '2019-09-30 20:23:06', '2020-07-30 10:56:16');
INSERT INTO `buyers` (`id`, `buyer_category_id`, `first_name`, `last_name`, `email`, `phone`, `adress`, `legal_person_name`, `inn`, `kpp`, `payment_account`, `bank`, `bic`, `created_at`, `updated_at`) VALUES (86, 0, 'Hailie', 'Veum', 'thompson.magali@example.net', '+57(2)8961480464', '5677 Torp Groves\nSouth Ryley, NH 34464', 'Daugherty Inc', '88228024', '3227', '876100', 'Gleason-Little', '25860', '2019-10-19 00:39:49', '2020-02-13 07:25:21');
INSERT INTO `buyers` (`id`, `buyer_category_id`, `first_name`, `last_name`, `email`, `phone`, `adress`, `legal_person_name`, `inn`, `kpp`, `payment_account`, `bank`, `bic`, `created_at`, `updated_at`) VALUES (87, 0, 'Theresia', 'Sanford', 'wolf.theron@example.org', '+82(5)2157469732', '4064 Grant Prairie Apt. 291\nCaleighborough, TN 30418', 'Hickle LLC', '210661', '9', '5246', 'Kilback Inc', '2006', '2020-04-08 09:06:59', '2019-09-13 02:41:20');
INSERT INTO `buyers` (`id`, `buyer_category_id`, `first_name`, `last_name`, `email`, `phone`, `adress`, `legal_person_name`, `inn`, `kpp`, `payment_account`, `bank`, `bic`, `created_at`, `updated_at`) VALUES (88, 0, 'Rahul', 'Schinner', 'drussel@example.net', '677.979.3648x70098', '3269 Herman Spring\nNew Halle, NJ 99279-1152', 'Feil-Zemlak', '179118901', '3351', '12743', 'Gibson LLC', '44788', '2020-03-20 13:40:35', '2020-05-29 22:24:16');
INSERT INTO `buyers` (`id`, `buyer_category_id`, `first_name`, `last_name`, `email`, `phone`, `adress`, `legal_person_name`, `inn`, `kpp`, `payment_account`, `bank`, `bic`, `created_at`, `updated_at`) VALUES (89, 0, 'Susan', 'Wiegand', 'pfannerstill.orlando@example.org', '918.055.3868', '3069 Kunde Pines Apt. 649\nSouth Chadd, WI 34049-8385', 'Kunze-Hegmann', '33', '232850', '68', 'Leffler-Parker', '1919', '2020-06-19 07:45:24', '2020-06-01 13:38:47');
INSERT INTO `buyers` (`id`, `buyer_category_id`, `first_name`, `last_name`, `email`, `phone`, `adress`, `legal_person_name`, `inn`, `kpp`, `payment_account`, `bank`, `bic`, `created_at`, `updated_at`) VALUES (90, 0, 'Christopher', 'Padberg', 'grady.conroy@example.com', '1-681-526-7125', '805 Dexter Crest Suite 727\nEast Zoiemouth, HI 57527', 'Abernathy-Metz', '303', '40', '2556403', 'Wolf-Waters', '88830', '2020-07-24 11:49:52', '2020-07-23 01:00:49');
INSERT INTO `buyers` (`id`, `buyer_category_id`, `first_name`, `last_name`, `email`, `phone`, `adress`, `legal_person_name`, `inn`, `kpp`, `payment_account`, `bank`, `bic`, `created_at`, `updated_at`) VALUES (91, 0, 'Ruben', 'Kuphal', 'kirstin.boyer@example.net', '1-129-549-6872', '904 Shemar Road Apt. 791\nHackettborough, IL 98928', 'Maggio-Cassin', '', '71884868', '854', 'Ledner-Russel', '', '2019-11-24 10:22:09', '2019-11-03 09:31:41');
INSERT INTO `buyers` (`id`, `buyer_category_id`, `first_name`, `last_name`, `email`, `phone`, `adress`, `legal_person_name`, `inn`, `kpp`, `payment_account`, `bank`, `bic`, `created_at`, `updated_at`) VALUES (92, 0, 'Gunnar', 'Lockman', 'kulas.deanna@example.org', '(477)965-3789x7932', '491 Carleton Street Apt. 712\nWest Miraclehaven, PA 18043-2970', 'Parisian, Dibbert and Bailey', '9', '90116', '', 'Gottlieb, Dibbert and Homenick', '4336', '2020-05-14 15:11:14', '2020-01-21 00:07:32');
INSERT INTO `buyers` (`id`, `buyer_category_id`, `first_name`, `last_name`, `email`, `phone`, `adress`, `legal_person_name`, `inn`, `kpp`, `payment_account`, `bank`, `bic`, `created_at`, `updated_at`) VALUES (93, 0, 'Amiya', 'Rosenbaum', 'xwelch@example.com', '1-132-833-6044x46458', '700 Willms Creek\nEmilianostad, NJ 04976', 'Klein, Kozey and Lynch', '5629', '52020794', '387871', 'Turcotte-Tromp', '3868', '2019-11-15 22:57:09', '2020-05-01 13:00:18');
INSERT INTO `buyers` (`id`, `buyer_category_id`, `first_name`, `last_name`, `email`, `phone`, `adress`, `legal_person_name`, `inn`, `kpp`, `payment_account`, `bank`, `bic`, `created_at`, `updated_at`) VALUES (94, 0, 'Isaiah', 'Schmitt', 'columbus.kshlerin@example.org', '949-314-0714', '28541 Bogisich Gardens Suite 830\nMargaretteton, UT 93271', 'Runolfsdottir, Grady and Harber', '8655', '3', '7268041', 'Marvin-Jacobson', '38', '2019-11-19 18:21:50', '2020-01-17 00:12:12');
INSERT INTO `buyers` (`id`, `buyer_category_id`, `first_name`, `last_name`, `email`, `phone`, `adress`, `legal_person_name`, `inn`, `kpp`, `payment_account`, `bank`, `bic`, `created_at`, `updated_at`) VALUES (95, 0, 'Casey', 'Altenwerth', 'ettie.littel@example.org', '(846)646-0291x2074', '79935 Elnora Lock\nIkemouth, AL 94110', 'Skiles-Schaden', '36', '53032677', '4727902', 'VonRueden, Williamson and Raynor', '95331', '2019-12-15 07:56:34', '2019-10-07 01:40:58');
INSERT INTO `buyers` (`id`, `buyer_category_id`, `first_name`, `last_name`, `email`, `phone`, `adress`, `legal_person_name`, `inn`, `kpp`, `payment_account`, `bank`, `bic`, `created_at`, `updated_at`) VALUES (96, 0, 'Sandy', 'Herzog', 'maymie.schimmel@example.com', '814-567-7181x931', '62299 Stroman Trail\nLake Shakira, OK 27805-4608', 'Leuschke, Yost and Jerde', '760792', '23088280', '461830', 'Donnelly, Satterfield and Ledner', '696636672', '2019-11-30 21:09:44', '2020-02-03 15:57:07');
INSERT INTO `buyers` (`id`, `buyer_category_id`, `first_name`, `last_name`, `email`, `phone`, `adress`, `legal_person_name`, `inn`, `kpp`, `payment_account`, `bank`, `bic`, `created_at`, `updated_at`) VALUES (97, 0, 'Alessia', 'Rau', 'anderson.sammy@example.org', '04699725632', '937 Furman Ferry Apt. 930\nRonaldofurt, DE 76075-3479', 'Purdy and Sons', '3324673', '27', '650960', 'Hettinger, Jacobi and Batz', '223911', '2020-08-20 20:05:22', '2019-09-05 00:33:37');
INSERT INTO `buyers` (`id`, `buyer_category_id`, `first_name`, `last_name`, `email`, `phone`, `adress`, `legal_person_name`, `inn`, `kpp`, `payment_account`, `bank`, `bic`, `created_at`, `updated_at`) VALUES (98, 0, 'Lempi', 'Considine', 'aylin.leuschke@example.net', '1-596-994-1490x02448', '090 Orval Stream\nLake Merle, NM 97741', 'Kulas-Bernhard', '81', '3', '122687555', 'Howe Ltd', '87677', '2019-11-24 21:05:01', '2020-02-22 00:41:34');
INSERT INTO `buyers` (`id`, `buyer_category_id`, `first_name`, `last_name`, `email`, `phone`, `adress`, `legal_person_name`, `inn`, `kpp`, `payment_account`, `bank`, `bic`, `created_at`, `updated_at`) VALUES (99, 0, 'Bartholome', 'Streich', 'fritsch.obie@example.org', '276-051-3244x0916', '2040 Emory Trafficway Apt. 004\nVonberg, AZ 02155-9005', 'Zemlak, Harber and Boyle', '52058202', '89755393', '9321', 'Tremblay, Reichert and Waters', '61688', '2020-06-10 16:50:41', '2020-07-01 12:09:28');
INSERT INTO `buyers` (`id`, `buyer_category_id`, `first_name`, `last_name`, `email`, `phone`, `adress`, `legal_person_name`, `inn`, `kpp`, `payment_account`, `bank`, `bic`, `created_at`, `updated_at`) VALUES (100, 0, 'Felipa', 'Hane', 'antonio73@example.com', '1-039-275-5984', '187 Tremblay Throughway\nKemmerburgh, ME 67161', 'Gorczany, Hintz and Yost', '', '4426', '8', 'Ledner, Harber and Aufderhar', '2426947', '2020-07-28 23:31:09', '2020-06-09 12:42:40');


#
# TABLE STRUCTURE FOR: car_brand
#

DROP TABLE IF EXISTS `car_brand`;

CREATE TABLE `car_brand` (
  `id` int(10) unsigned NOT NULL AUTO_INCREMENT COMMENT 'Идентификатор сроки',
  `car_brand` varchar(150) COLLATE utf8_unicode_ci NOT NULL COMMENT 'Название бренда',
  `category_id` int(10) unsigned NOT NULL COMMENT 'Ссылка на категорию авто',
  `created_at` datetime DEFAULT current_timestamp() COMMENT 'Время создания строки',
  `updated_at` datetime DEFAULT current_timestamp() ON UPDATE current_timestamp() COMMENT 'Время обновления строки',
  PRIMARY KEY (`id`),
  UNIQUE KEY `car_brand` (`car_brand`)
) ENGINE=InnoDB AUTO_INCREMENT=51 DEFAULT CHARSET=utf8 COLLATE=utf8_unicode_ci COMMENT='Бренды автомобилей';

INSERT INTO `car_brand` (`id`, `car_brand`, `category_id`, `created_at`, `updated_at`) VALUES (1, 'pariatur', 929011841, '2019-11-03 07:19:54', '2019-12-29 11:21:53');
INSERT INTO `car_brand` (`id`, `car_brand`, `category_id`, `created_at`, `updated_at`) VALUES (2, 'blanditiis', 0, '2020-01-21 18:39:06', '2020-03-24 04:27:11');
INSERT INTO `car_brand` (`id`, `car_brand`, `category_id`, `created_at`, `updated_at`) VALUES (3, 'omnis', 82591293, '2020-06-06 16:32:33', '2020-02-11 16:39:54');
INSERT INTO `car_brand` (`id`, `car_brand`, `category_id`, `created_at`, `updated_at`) VALUES (4, 'BMW', 2445574, '2020-06-08 20:02:20', '2020-01-29 05:41:21');
INSERT INTO `car_brand` (`id`, `car_brand`, `category_id`, `created_at`, `updated_at`) VALUES (5, 'voluptatum', 7, '2020-04-07 07:25:36', '2020-06-14 02:05:47');
INSERT INTO `car_brand` (`id`, `car_brand`, `category_id`, `created_at`, `updated_at`) VALUES (6, 'veniam', 10669, '2020-04-19 02:39:45', '2020-04-18 02:03:01');
INSERT INTO `car_brand` (`id`, `car_brand`, `category_id`, `created_at`, `updated_at`) VALUES (7, 'vitae', 64370, '2019-10-05 03:12:04', '2020-03-27 15:24:41');
INSERT INTO `car_brand` (`id`, `car_brand`, `category_id`, `created_at`, `updated_at`) VALUES (8, 'commodi', 22027, '2020-03-07 16:04:03', '2020-03-19 21:38:14');
INSERT INTO `car_brand` (`id`, `car_brand`, `category_id`, `created_at`, `updated_at`) VALUES (9, 'est', 4550, '2019-09-05 19:48:58', '2020-02-20 06:25:19');
INSERT INTO `car_brand` (`id`, `car_brand`, `category_id`, `created_at`, `updated_at`) VALUES (10, 'saepe', 223, '2020-08-09 12:47:01', '2020-07-21 07:43:48');
INSERT INTO `car_brand` (`id`, `car_brand`, `category_id`, `created_at`, `updated_at`) VALUES (11, 'veritatis', 9142, '2020-03-02 09:13:12', '2020-07-26 22:02:17');
INSERT INTO `car_brand` (`id`, `car_brand`, `category_id`, `created_at`, `updated_at`) VALUES (12, 'voluptas', 24, '2020-08-31 03:03:02', '2019-12-16 09:13:41');
INSERT INTO `car_brand` (`id`, `car_brand`, `category_id`, `created_at`, `updated_at`) VALUES (13, 'consequatur', 90, '2019-09-22 04:42:12', '2019-12-11 10:06:58');
INSERT INTO `car_brand` (`id`, `car_brand`, `category_id`, `created_at`, `updated_at`) VALUES (14, 'dicta', 8361508, '2019-10-20 04:26:07', '2020-03-06 05:59:07');
INSERT INTO `car_brand` (`id`, `car_brand`, `category_id`, `created_at`, `updated_at`) VALUES (15, 'dolorum', 667335986, '2020-08-19 04:50:29', '2019-10-02 20:08:07');
INSERT INTO `car_brand` (`id`, `car_brand`, `category_id`, `created_at`, `updated_at`) VALUES (16, 'consequuntur', 63834101, '2020-07-02 23:25:49', '2020-05-02 23:20:24');
INSERT INTO `car_brand` (`id`, `car_brand`, `category_id`, `created_at`, `updated_at`) VALUES (17, 'tempore', 829704, '2020-07-11 14:16:53', '2020-03-16 16:12:13');
INSERT INTO `car_brand` (`id`, `car_brand`, `category_id`, `created_at`, `updated_at`) VALUES (18, 'nobis', 231410, '2020-02-09 18:01:52', '2019-11-20 13:50:30');
INSERT INTO `car_brand` (`id`, `car_brand`, `category_id`, `created_at`, `updated_at`) VALUES (19, 'dolores', 57035534, '2020-04-22 20:14:27', '2020-06-15 20:22:34');
INSERT INTO `car_brand` (`id`, `car_brand`, `category_id`, `created_at`, `updated_at`) VALUES (20, 'quis', 6390, '2020-03-09 07:19:41', '2019-12-10 12:09:24');
INSERT INTO `car_brand` (`id`, `car_brand`, `category_id`, `created_at`, `updated_at`) VALUES (21, 'voluptatem', 3219, '2020-07-22 03:30:23', '2020-02-05 13:38:25');
INSERT INTO `car_brand` (`id`, `car_brand`, `category_id`, `created_at`, `updated_at`) VALUES (22, 'esse', 7248, '2019-10-11 23:12:27', '2020-01-01 19:47:52');
INSERT INTO `car_brand` (`id`, `car_brand`, `category_id`, `created_at`, `updated_at`) VALUES (23, 'autem', 62, '2020-03-30 19:09:54', '2020-03-23 10:14:01');
INSERT INTO `car_brand` (`id`, `car_brand`, `category_id`, `created_at`, `updated_at`) VALUES (24, 'dignissimos', 2984, '2020-02-24 01:11:02', '2019-11-24 08:17:02');
INSERT INTO `car_brand` (`id`, `car_brand`, `category_id`, `created_at`, `updated_at`) VALUES (25, 'ut', 622966563, '2020-08-03 19:00:04', '2020-07-05 21:52:46');
INSERT INTO `car_brand` (`id`, `car_brand`, `category_id`, `created_at`, `updated_at`) VALUES (26, 'consectetur', 562914878, '2020-05-08 21:15:31', '2020-07-02 10:53:08');
INSERT INTO `car_brand` (`id`, `car_brand`, `category_id`, `created_at`, `updated_at`) VALUES (27, 'velit', 6702, '2019-11-19 19:28:38', '2019-09-05 00:46:21');
INSERT INTO `car_brand` (`id`, `car_brand`, `category_id`, `created_at`, `updated_at`) VALUES (28, 'soluta', 867, '2020-03-02 14:47:49', '2019-11-24 20:13:15');
INSERT INTO `car_brand` (`id`, `car_brand`, `category_id`, `created_at`, `updated_at`) VALUES (29, 'molestias', 1767, '2020-05-24 23:05:35', '2020-03-04 00:25:54');
INSERT INTO `car_brand` (`id`, `car_brand`, `category_id`, `created_at`, `updated_at`) VALUES (30, 'ea', 78171, '2019-12-31 20:10:38', '2019-09-15 14:27:01');
INSERT INTO `car_brand` (`id`, `car_brand`, `category_id`, `created_at`, `updated_at`) VALUES (31, 'aut', 507351667, '2020-02-19 16:59:05', '2020-05-15 17:16:11');
INSERT INTO `car_brand` (`id`, `car_brand`, `category_id`, `created_at`, `updated_at`) VALUES (32, 'occaecati', 596, '2019-10-17 08:54:31', '2020-08-05 19:29:14');
INSERT INTO `car_brand` (`id`, `car_brand`, `category_id`, `created_at`, `updated_at`) VALUES (33, 'officiis', 0, '2020-01-04 11:04:59', '2020-08-14 19:05:44');
INSERT INTO `car_brand` (`id`, `car_brand`, `category_id`, `created_at`, `updated_at`) VALUES (34, 'iusto', 13327, '2019-10-27 13:20:12', '2019-09-03 05:09:47');
INSERT INTO `car_brand` (`id`, `car_brand`, `category_id`, `created_at`, `updated_at`) VALUES (35, 'reiciendis', 1638, '2020-04-01 13:51:43', '2020-06-05 11:59:58');
INSERT INTO `car_brand` (`id`, `car_brand`, `category_id`, `created_at`, `updated_at`) VALUES (36, 'accusantium', 5862603, '2019-09-05 00:56:02', '2020-01-27 01:01:50');
INSERT INTO `car_brand` (`id`, `car_brand`, `category_id`, `created_at`, `updated_at`) VALUES (37, 'iure', 1, '2019-09-22 13:59:20', '2020-06-04 21:58:47');
INSERT INTO `car_brand` (`id`, `car_brand`, `category_id`, `created_at`, `updated_at`) VALUES (38, 'et', 57, '2020-05-12 09:23:46', '2020-08-10 02:03:02');
INSERT INTO `car_brand` (`id`, `car_brand`, `category_id`, `created_at`, `updated_at`) VALUES (39, 'sed', 366783722, '2019-11-13 19:03:44', '2019-12-15 21:35:08');
INSERT INTO `car_brand` (`id`, `car_brand`, `category_id`, `created_at`, `updated_at`) VALUES (40, 'eos', 7922030, '2020-06-16 20:58:32', '2020-03-11 19:47:26');
INSERT INTO `car_brand` (`id`, `car_brand`, `category_id`, `created_at`, `updated_at`) VALUES (41, 'aspernatur', 634063, '2020-08-20 09:03:52', '2020-07-07 08:04:46');
INSERT INTO `car_brand` (`id`, `car_brand`, `category_id`, `created_at`, `updated_at`) VALUES (42, 'dolore', 8802990, '2019-10-12 13:29:56', '2020-07-02 00:52:05');
INSERT INTO `car_brand` (`id`, `car_brand`, `category_id`, `created_at`, `updated_at`) VALUES (43, 'at', 8580285, '2020-02-06 23:01:26', '2020-04-11 22:54:59');
INSERT INTO `car_brand` (`id`, `car_brand`, `category_id`, `created_at`, `updated_at`) VALUES (44, 'nihil', 9, '2019-12-13 16:47:23', '2019-12-06 03:35:06');
INSERT INTO `car_brand` (`id`, `car_brand`, `category_id`, `created_at`, `updated_at`) VALUES (45, 'odit', 720, '2020-02-18 09:04:52', '2019-09-03 04:21:01');
INSERT INTO `car_brand` (`id`, `car_brand`, `category_id`, `created_at`, `updated_at`) VALUES (46, 'nesciunt', 172568, '2020-05-21 09:52:34', '2020-02-15 14:34:52');
INSERT INTO `car_brand` (`id`, `car_brand`, `category_id`, `created_at`, `updated_at`) VALUES (47, 'possimus', 1530, '2020-01-31 03:49:53', '2020-01-03 07:36:38');
INSERT INTO `car_brand` (`id`, `car_brand`, `category_id`, `created_at`, `updated_at`) VALUES (48, 'laborum', 0, '2020-08-29 18:55:11', '2019-12-05 21:12:32');
INSERT INTO `car_brand` (`id`, `car_brand`, `category_id`, `created_at`, `updated_at`) VALUES (49, 'vero', 91, '2020-03-17 18:35:55', '2020-03-27 04:55:05');
INSERT INTO `car_brand` (`id`, `car_brand`, `category_id`, `created_at`, `updated_at`) VALUES (50, 'aperiam', 721034463, '2019-09-15 03:36:00', '2020-08-12 13:25:19');


#
# TABLE STRUCTURE FOR: car_model
#

DROP TABLE IF EXISTS `car_model`;

CREATE TABLE `car_model` (
  `id` int(10) unsigned NOT NULL AUTO_INCREMENT COMMENT 'Идентификатор сроки',
  `car_model` varchar(150) COLLATE utf8_unicode_ci NOT NULL COMMENT 'Название модели',
  `brand_id` int(10) unsigned NOT NULL COMMENT 'Ссылка на бренд авто',
  `created_at` datetime DEFAULT current_timestamp() COMMENT 'Время создания строки',
  `updated_at` datetime DEFAULT current_timestamp() ON UPDATE current_timestamp() COMMENT 'Время обновления строки',
  PRIMARY KEY (`id`),
  UNIQUE KEY `car_model` (`car_model`)
) ENGINE=InnoDB AUTO_INCREMENT=101 DEFAULT CHARSET=utf8 COLLATE=utf8_unicode_ci COMMENT='Бренды автомобилей';

INSERT INTO `car_model` (`id`, `car_model`, `brand_id`, `created_at`, `updated_at`) VALUES (1, 'ducimus', 1, '2019-12-07 16:44:16', '2020-07-13 17:22:13');
INSERT INTO `car_model` (`id`, `car_model`, `brand_id`, `created_at`, `updated_at`) VALUES (2, 'veritatis', 2, '2020-06-21 05:15:44', '2020-06-04 07:31:45');
INSERT INTO `car_model` (`id`, `car_model`, `brand_id`, `created_at`, `updated_at`) VALUES (3, 'aut', 3, '2020-03-29 14:04:18', '2020-06-10 14:25:25');
INSERT INTO `car_model` (`id`, `car_model`, `brand_id`, `created_at`, `updated_at`) VALUES (4, 'incidunt', 4, '2020-08-09 14:11:35', '2019-11-18 15:48:10');
INSERT INTO `car_model` (`id`, `car_model`, `brand_id`, `created_at`, `updated_at`) VALUES (5, 'nisi', 5, '2020-04-26 09:42:37', '2020-08-18 06:40:27');
INSERT INTO `car_model` (`id`, `car_model`, `brand_id`, `created_at`, `updated_at`) VALUES (6, 'voluptas', 6, '2020-01-19 02:39:37', '2020-06-11 04:59:24');
INSERT INTO `car_model` (`id`, `car_model`, `brand_id`, `created_at`, `updated_at`) VALUES (7, 'iure', 7, '2020-08-28 12:25:33', '2020-03-19 18:05:22');
INSERT INTO `car_model` (`id`, `car_model`, `brand_id`, `created_at`, `updated_at`) VALUES (8, 'doloribus', 8, '2019-09-18 04:26:49', '2019-12-11 16:12:40');
INSERT INTO `car_model` (`id`, `car_model`, `brand_id`, `created_at`, `updated_at`) VALUES (9, 'sequi', 9, '2019-10-09 23:17:52', '2020-02-27 22:25:23');
INSERT INTO `car_model` (`id`, `car_model`, `brand_id`, `created_at`, `updated_at`) VALUES (10, 'ut', 10, '2020-08-16 03:50:58', '2019-09-12 22:15:37');
INSERT INTO `car_model` (`id`, `car_model`, `brand_id`, `created_at`, `updated_at`) VALUES (11, 'mollitia', 11, '2020-03-31 09:14:38', '2020-05-08 20:21:21');
INSERT INTO `car_model` (`id`, `car_model`, `brand_id`, `created_at`, `updated_at`) VALUES (12, 'earum', 12, '2019-10-07 06:47:00', '2019-09-01 19:10:33');
INSERT INTO `car_model` (`id`, `car_model`, `brand_id`, `created_at`, `updated_at`) VALUES (13, 'porro', 13, '2020-04-09 05:37:23', '2019-10-30 23:06:32');
INSERT INTO `car_model` (`id`, `car_model`, `brand_id`, `created_at`, `updated_at`) VALUES (14, 'officiis', 14, '2020-04-20 16:15:10', '2019-12-01 19:02:35');
INSERT INTO `car_model` (`id`, `car_model`, `brand_id`, `created_at`, `updated_at`) VALUES (15, 'in', 15, '2020-06-09 13:47:13', '2019-10-12 17:13:44');
INSERT INTO `car_model` (`id`, `car_model`, `brand_id`, `created_at`, `updated_at`) VALUES (16, 'quis', 16, '2020-02-06 07:49:35', '2020-03-15 23:47:58');
INSERT INTO `car_model` (`id`, `car_model`, `brand_id`, `created_at`, `updated_at`) VALUES (17, 'itaque', 17, '2020-05-16 06:41:10', '2019-12-15 04:44:45');
INSERT INTO `car_model` (`id`, `car_model`, `brand_id`, `created_at`, `updated_at`) VALUES (18, 'quas', 18, '2020-06-18 03:04:18', '2019-10-10 02:40:49');
INSERT INTO `car_model` (`id`, `car_model`, `brand_id`, `created_at`, `updated_at`) VALUES (19, 'quasi', 19, '2020-06-23 19:10:46', '2020-04-30 10:09:57');
INSERT INTO `car_model` (`id`, `car_model`, `brand_id`, `created_at`, `updated_at`) VALUES (20, 'quam', 20, '2019-12-26 08:40:41', '2019-10-23 19:57:59');
INSERT INTO `car_model` (`id`, `car_model`, `brand_id`, `created_at`, `updated_at`) VALUES (21, 'pariatur', 21, '2020-05-07 22:23:10', '2020-03-13 08:26:24');
INSERT INTO `car_model` (`id`, `car_model`, `brand_id`, `created_at`, `updated_at`) VALUES (22, 'et', 22, '2019-10-04 16:38:01', '2019-09-11 16:54:54');
INSERT INTO `car_model` (`id`, `car_model`, `brand_id`, `created_at`, `updated_at`) VALUES (23, 'illum', 23, '2020-03-09 12:08:23', '2020-03-18 14:00:52');
INSERT INTO `car_model` (`id`, `car_model`, `brand_id`, `created_at`, `updated_at`) VALUES (24, 'rem', 24, '2020-02-17 23:16:59', '2020-02-01 12:24:57');
INSERT INTO `car_model` (`id`, `car_model`, `brand_id`, `created_at`, `updated_at`) VALUES (25, 'reiciendis', 25, '2020-01-19 09:25:04', '2020-05-26 02:25:19');
INSERT INTO `car_model` (`id`, `car_model`, `brand_id`, `created_at`, `updated_at`) VALUES (26, 'ratione', 26, '2020-06-15 18:33:47', '2020-07-04 19:35:47');
INSERT INTO `car_model` (`id`, `car_model`, `brand_id`, `created_at`, `updated_at`) VALUES (27, 'autem', 27, '2019-11-05 05:38:14', '2020-06-14 11:07:33');
INSERT INTO `car_model` (`id`, `car_model`, `brand_id`, `created_at`, `updated_at`) VALUES (28, 'reprehenderit', 28, '2020-07-03 12:21:16', '2020-08-19 13:31:06');
INSERT INTO `car_model` (`id`, `car_model`, `brand_id`, `created_at`, `updated_at`) VALUES (29, 'delectus', 29, '2020-02-08 01:31:12', '2020-01-28 17:36:32');
INSERT INTO `car_model` (`id`, `car_model`, `brand_id`, `created_at`, `updated_at`) VALUES (30, 'modi', 30, '2020-08-02 11:31:04', '2020-03-02 16:19:52');
INSERT INTO `car_model` (`id`, `car_model`, `brand_id`, `created_at`, `updated_at`) VALUES (31, 'est', 31, '2019-12-25 19:18:22', '2020-06-06 05:15:28');
INSERT INTO `car_model` (`id`, `car_model`, `brand_id`, `created_at`, `updated_at`) VALUES (32, 'enim', 32, '2020-01-21 10:26:45', '2019-09-08 20:09:50');
INSERT INTO `car_model` (`id`, `car_model`, `brand_id`, `created_at`, `updated_at`) VALUES (33, 'voluptates', 33, '2020-08-28 20:35:32', '2020-01-15 22:01:37');
INSERT INTO `car_model` (`id`, `car_model`, `brand_id`, `created_at`, `updated_at`) VALUES (34, 'alias', 34, '2020-04-12 14:33:00', '2019-09-16 08:01:36');
INSERT INTO `car_model` (`id`, `car_model`, `brand_id`, `created_at`, `updated_at`) VALUES (35, 'consequatur', 35, '2020-04-04 10:15:22', '2020-02-27 13:03:42');
INSERT INTO `car_model` (`id`, `car_model`, `brand_id`, `created_at`, `updated_at`) VALUES (36, 'qui', 36, '2019-09-26 15:30:22', '2020-07-27 12:40:03');
INSERT INTO `car_model` (`id`, `car_model`, `brand_id`, `created_at`, `updated_at`) VALUES (37, 'architecto', 37, '2020-05-22 07:19:40', '2020-05-11 13:04:49');
INSERT INTO `car_model` (`id`, `car_model`, `brand_id`, `created_at`, `updated_at`) VALUES (38, 'occaecati', 38, '2019-09-10 09:58:14', '2020-04-08 00:58:47');
INSERT INTO `car_model` (`id`, `car_model`, `brand_id`, `created_at`, `updated_at`) VALUES (39, 'impedit', 39, '2020-07-14 06:27:19', '2020-01-31 15:13:43');
INSERT INTO `car_model` (`id`, `car_model`, `brand_id`, `created_at`, `updated_at`) VALUES (40, 'cum', 40, '2019-11-01 15:07:08', '2020-07-25 11:31:26');
INSERT INTO `car_model` (`id`, `car_model`, `brand_id`, `created_at`, `updated_at`) VALUES (41, 'suscipit', 41, '2020-03-21 07:20:18', '2019-09-13 20:22:26');
INSERT INTO `car_model` (`id`, `car_model`, `brand_id`, `created_at`, `updated_at`) VALUES (42, 'commodi', 42, '2020-08-27 07:51:07', '2019-10-29 00:23:05');
INSERT INTO `car_model` (`id`, `car_model`, `brand_id`, `created_at`, `updated_at`) VALUES (43, 'quo', 43, '2019-12-08 02:07:46', '2020-08-21 18:20:57');
INSERT INTO `car_model` (`id`, `car_model`, `brand_id`, `created_at`, `updated_at`) VALUES (44, 'deleniti', 44, '2019-12-24 11:21:24', '2019-09-18 16:22:00');
INSERT INTO `car_model` (`id`, `car_model`, `brand_id`, `created_at`, `updated_at`) VALUES (45, 'amet', 45, '2020-05-23 12:34:40', '2019-12-11 10:37:00');
INSERT INTO `car_model` (`id`, `car_model`, `brand_id`, `created_at`, `updated_at`) VALUES (46, 'iste', 46, '2020-07-28 00:10:20', '2019-10-12 07:39:34');
INSERT INTO `car_model` (`id`, `car_model`, `brand_id`, `created_at`, `updated_at`) VALUES (47, 'voluptatem', 47, '2020-03-02 01:52:00', '2019-11-23 23:42:49');
INSERT INTO `car_model` (`id`, `car_model`, `brand_id`, `created_at`, `updated_at`) VALUES (48, 'facilis', 48, '2020-01-05 05:18:46', '2020-06-05 10:51:48');
INSERT INTO `car_model` (`id`, `car_model`, `brand_id`, `created_at`, `updated_at`) VALUES (49, 'labore', 49, '2020-06-11 15:53:30', '2019-09-04 06:10:52');
INSERT INTO `car_model` (`id`, `car_model`, `brand_id`, `created_at`, `updated_at`) VALUES (50, 'natus', 50, '2020-04-18 21:57:48', '2020-06-16 03:45:37');
INSERT INTO `car_model` (`id`, `car_model`, `brand_id`, `created_at`, `updated_at`) VALUES (51, 'aperiam', 1, '2019-10-01 01:33:58', '2019-10-01 12:29:15');
INSERT INTO `car_model` (`id`, `car_model`, `brand_id`, `created_at`, `updated_at`) VALUES (52, 'quos', 2, '2019-10-21 22:49:24', '2020-04-03 16:40:37');
INSERT INTO `car_model` (`id`, `car_model`, `brand_id`, `created_at`, `updated_at`) VALUES (53, 'unde', 3, '2020-01-07 07:34:40', '2019-12-02 19:43:21');
INSERT INTO `car_model` (`id`, `car_model`, `brand_id`, `created_at`, `updated_at`) VALUES (54, 'dignissimos', 4, '2019-11-30 02:06:26', '2020-08-24 14:38:27');
INSERT INTO `car_model` (`id`, `car_model`, `brand_id`, `created_at`, `updated_at`) VALUES (55, 'rerum', 5, '2019-12-11 13:13:25', '2019-11-04 20:00:08');
INSERT INTO `car_model` (`id`, `car_model`, `brand_id`, `created_at`, `updated_at`) VALUES (56, 'facere', 6, '2019-11-17 10:29:40', '2019-12-06 10:53:51');
INSERT INTO `car_model` (`id`, `car_model`, `brand_id`, `created_at`, `updated_at`) VALUES (57, 'doloremque', 7, '2020-05-16 02:48:59', '2019-12-04 16:29:12');
INSERT INTO `car_model` (`id`, `car_model`, `brand_id`, `created_at`, `updated_at`) VALUES (58, 'officia', 8, '2019-10-06 23:49:52', '2020-05-07 01:53:29');
INSERT INTO `car_model` (`id`, `car_model`, `brand_id`, `created_at`, `updated_at`) VALUES (59, 'animi', 9, '2020-06-24 21:31:00', '2020-05-23 01:41:33');
INSERT INTO `car_model` (`id`, `car_model`, `brand_id`, `created_at`, `updated_at`) VALUES (60, 'vitae', 10, '2019-11-22 05:27:11', '2020-05-26 00:50:39');
INSERT INTO `car_model` (`id`, `car_model`, `brand_id`, `created_at`, `updated_at`) VALUES (61, 'ipsam', 11, '2020-03-12 04:19:50', '2019-12-11 05:58:33');
INSERT INTO `car_model` (`id`, `car_model`, `brand_id`, `created_at`, `updated_at`) VALUES (62, 'quisquam', 12, '2020-07-12 20:09:42', '2019-11-24 12:57:01');
INSERT INTO `car_model` (`id`, `car_model`, `brand_id`, `created_at`, `updated_at`) VALUES (63, 'hic', 13, '2020-06-21 00:36:09', '2020-03-30 09:56:30');
INSERT INTO `car_model` (`id`, `car_model`, `brand_id`, `created_at`, `updated_at`) VALUES (64, 'dolor', 14, '2019-11-02 09:49:54', '2019-12-01 07:27:25');
INSERT INTO `car_model` (`id`, `car_model`, `brand_id`, `created_at`, `updated_at`) VALUES (65, 'esse', 15, '2020-02-18 15:17:25', '2020-08-14 09:03:26');
INSERT INTO `car_model` (`id`, `car_model`, `brand_id`, `created_at`, `updated_at`) VALUES (66, 'exercitationem', 16, '2020-04-20 22:34:59', '2019-11-02 11:11:57');
INSERT INTO `car_model` (`id`, `car_model`, `brand_id`, `created_at`, `updated_at`) VALUES (67, 'sed', 17, '2020-01-04 05:56:01', '2020-03-02 04:40:59');
INSERT INTO `car_model` (`id`, `car_model`, `brand_id`, `created_at`, `updated_at`) VALUES (68, 'at', 18, '2020-02-21 04:23:43', '2020-03-04 02:01:53');
INSERT INTO `car_model` (`id`, `car_model`, `brand_id`, `created_at`, `updated_at`) VALUES (69, 'quia', 19, '2019-10-20 16:08:52', '2020-07-02 11:50:16');
INSERT INTO `car_model` (`id`, `car_model`, `brand_id`, `created_at`, `updated_at`) VALUES (70, 'id', 20, '2020-04-02 13:15:28', '2019-11-18 02:16:33');
INSERT INTO `car_model` (`id`, `car_model`, `brand_id`, `created_at`, `updated_at`) VALUES (71, 'optio', 21, '2020-02-03 17:57:14', '2020-04-29 11:29:09');
INSERT INTO `car_model` (`id`, `car_model`, `brand_id`, `created_at`, `updated_at`) VALUES (72, 'assumenda', 22, '2019-12-18 21:40:31', '2020-08-17 17:12:25');
INSERT INTO `car_model` (`id`, `car_model`, `brand_id`, `created_at`, `updated_at`) VALUES (73, 'omnis', 23, '2019-10-18 18:40:55', '2019-10-22 15:15:24');
INSERT INTO `car_model` (`id`, `car_model`, `brand_id`, `created_at`, `updated_at`) VALUES (74, 'adipisci', 24, '2020-04-21 13:57:32', '2019-09-02 07:33:41');
INSERT INTO `car_model` (`id`, `car_model`, `brand_id`, `created_at`, `updated_at`) VALUES (75, 'dolores', 25, '2020-08-07 22:00:09', '2020-05-30 02:13:06');
INSERT INTO `car_model` (`id`, `car_model`, `brand_id`, `created_at`, `updated_at`) VALUES (76, 'similique', 26, '2020-02-04 06:18:56', '2020-06-09 13:32:06');
INSERT INTO `car_model` (`id`, `car_model`, `brand_id`, `created_at`, `updated_at`) VALUES (77, 'magni', 27, '2020-05-09 21:27:56', '2020-05-08 23:29:44');
INSERT INTO `car_model` (`id`, `car_model`, `brand_id`, `created_at`, `updated_at`) VALUES (78, 'eligendi', 28, '2020-07-31 11:27:34', '2020-07-21 21:59:36');
INSERT INTO `car_model` (`id`, `car_model`, `brand_id`, `created_at`, `updated_at`) VALUES (79, 'necessitatibus', 29, '2020-08-21 00:40:45', '2019-09-05 06:23:30');
INSERT INTO `car_model` (`id`, `car_model`, `brand_id`, `created_at`, `updated_at`) VALUES (80, 'beatae', 30, '2019-09-01 00:45:35', '2020-06-04 09:05:22');
INSERT INTO `car_model` (`id`, `car_model`, `brand_id`, `created_at`, `updated_at`) VALUES (81, 'nemo', 31, '2020-05-22 13:46:42', '2020-05-06 02:27:52');
INSERT INTO `car_model` (`id`, `car_model`, `brand_id`, `created_at`, `updated_at`) VALUES (82, 'nihil', 32, '2020-02-23 13:39:52', '2019-09-23 03:48:28');
INSERT INTO `car_model` (`id`, `car_model`, `brand_id`, `created_at`, `updated_at`) VALUES (83, 'nesciunt', 33, '2020-04-30 05:30:18', '2019-11-09 13:40:08');
INSERT INTO `car_model` (`id`, `car_model`, `brand_id`, `created_at`, `updated_at`) VALUES (84, 'corporis', 34, '2019-09-22 01:42:12', '2020-07-14 02:13:29');
INSERT INTO `car_model` (`id`, `car_model`, `brand_id`, `created_at`, `updated_at`) VALUES (85, 'voluptatum', 35, '2020-05-29 20:22:06', '2020-01-03 13:52:56');
INSERT INTO `car_model` (`id`, `car_model`, `brand_id`, `created_at`, `updated_at`) VALUES (86, 'vel', 36, '2020-04-25 02:35:56', '2020-02-26 08:27:26');
INSERT INTO `car_model` (`id`, `car_model`, `brand_id`, `created_at`, `updated_at`) VALUES (87, 'eos', 37, '2020-03-21 20:45:13', '2019-12-13 21:17:11');
INSERT INTO `car_model` (`id`, `car_model`, `brand_id`, `created_at`, `updated_at`) VALUES (88, 'minima', 38, '2020-01-20 17:03:52', '2019-12-18 21:26:52');
INSERT INTO `car_model` (`id`, `car_model`, `brand_id`, `created_at`, `updated_at`) VALUES (89, 'inventore', 39, '2019-10-30 23:39:50', '2020-08-20 19:38:45');
INSERT INTO `car_model` (`id`, `car_model`, `brand_id`, `created_at`, `updated_at`) VALUES (90, 'laboriosam', 40, '2020-03-15 19:00:12', '2020-02-05 07:04:30');
INSERT INTO `car_model` (`id`, `car_model`, `brand_id`, `created_at`, `updated_at`) VALUES (91, 'nam', 41, '2020-04-01 05:39:31', '2020-06-09 14:47:22');
INSERT INTO `car_model` (`id`, `car_model`, `brand_id`, `created_at`, `updated_at`) VALUES (92, 'harum', 42, '2019-09-12 11:05:19', '2019-09-03 18:02:18');
INSERT INTO `car_model` (`id`, `car_model`, `brand_id`, `created_at`, `updated_at`) VALUES (93, 'dolorem', 43, '2019-10-06 07:43:32', '2019-12-21 19:15:07');
INSERT INTO `car_model` (`id`, `car_model`, `brand_id`, `created_at`, `updated_at`) VALUES (94, 'neque', 44, '2019-09-07 00:37:01', '2019-11-07 21:47:38');
INSERT INTO `car_model` (`id`, `car_model`, `brand_id`, `created_at`, `updated_at`) VALUES (95, 'totam', 45, '2020-05-27 00:45:17', '2020-04-20 21:16:39');
INSERT INTO `car_model` (`id`, `car_model`, `brand_id`, `created_at`, `updated_at`) VALUES (96, 'non', 46, '2019-10-21 13:39:53', '2020-06-01 01:45:36');
INSERT INTO `car_model` (`id`, `car_model`, `brand_id`, `created_at`, `updated_at`) VALUES (97, 'ea', 47, '2019-11-08 01:29:50', '2020-05-23 13:30:46');
INSERT INTO `car_model` (`id`, `car_model`, `brand_id`, `created_at`, `updated_at`) VALUES (98, 'nobis', 48, '2020-04-27 11:04:41', '2019-09-20 00:00:58');
INSERT INTO `car_model` (`id`, `car_model`, `brand_id`, `created_at`, `updated_at`) VALUES (99, 'dolore', 49, '2020-01-27 05:36:58', '2019-10-25 00:10:51');
INSERT INTO `car_model` (`id`, `car_model`, `brand_id`, `created_at`, `updated_at`) VALUES (100, 'laudantium', 50, '2019-09-02 08:57:44', '2019-09-17 22:06:18');


#
# TABLE STRUCTURE FOR: car_year
#

DROP TABLE IF EXISTS `car_year`;

CREATE TABLE `car_year` (
  `id` int(10) unsigned NOT NULL AUTO_INCREMENT COMMENT 'Идентификатор сроки',
  `car_year` year(4) NOT NULL COMMENT 'Год выпуска',
  `model_id` int(10) unsigned NOT NULL COMMENT 'Ссылка на модель авто',
  `created_at` datetime DEFAULT current_timestamp() COMMENT 'Время создания строки',
  `updated_at` datetime DEFAULT current_timestamp() ON UPDATE current_timestamp() COMMENT 'Время обновления строки',
  PRIMARY KEY (`id`)
) ENGINE=InnoDB AUTO_INCREMENT=101 DEFAULT CHARSET=utf8 COLLATE=utf8_unicode_ci COMMENT='Годы выпуска автомобилей';

INSERT INTO `car_year` (`id`, `car_year`, `model_id`, `created_at`, `updated_at`) VALUES (1, '1997', 1, '2019-12-05 04:11:32', '2020-04-22 14:40:44');
INSERT INTO `car_year` (`id`, `car_year`, `model_id`, `created_at`, `updated_at`) VALUES (2, '2005', 2, '2020-04-12 03:57:22', '2020-06-16 19:30:11');
INSERT INTO `car_year` (`id`, `car_year`, `model_id`, `created_at`, `updated_at`) VALUES (3, '1950', 3, '2019-09-04 03:49:24', '2020-05-25 18:10:36');
INSERT INTO `car_year` (`id`, `car_year`, `model_id`, `created_at`, `updated_at`) VALUES (4, '2012', 4, '2020-01-20 04:11:06', '2020-03-10 02:46:01');
INSERT INTO `car_year` (`id`, `car_year`, `model_id`, `created_at`, `updated_at`) VALUES (5, '1976', 5, '2019-12-11 22:49:05', '2019-12-01 02:51:38');
INSERT INTO `car_year` (`id`, `car_year`, `model_id`, `created_at`, `updated_at`) VALUES (6, '1932', 6, '2020-05-02 23:25:05', '2019-09-05 22:57:14');
INSERT INTO `car_year` (`id`, `car_year`, `model_id`, `created_at`, `updated_at`) VALUES (7, '1941', 7, '2020-04-19 09:06:54', '2020-08-07 01:04:37');
INSERT INTO `car_year` (`id`, `car_year`, `model_id`, `created_at`, `updated_at`) VALUES (8, '1970', 8, '2020-01-10 12:41:24', '2020-02-15 19:48:39');
INSERT INTO `car_year` (`id`, `car_year`, `model_id`, `created_at`, `updated_at`) VALUES (9, '1990', 9, '2020-01-14 17:38:04', '2020-04-06 09:20:00');
INSERT INTO `car_year` (`id`, `car_year`, `model_id`, `created_at`, `updated_at`) VALUES (10, '1993', 10, '2020-02-20 19:01:54', '2019-11-01 18:00:46');
INSERT INTO `car_year` (`id`, `car_year`, `model_id`, `created_at`, `updated_at`) VALUES (11, '1988', 11, '2020-02-01 19:52:05', '2019-11-09 18:25:40');
INSERT INTO `car_year` (`id`, `car_year`, `model_id`, `created_at`, `updated_at`) VALUES (12, '1980', 12, '2020-08-22 21:39:39', '2019-12-27 14:28:05');
INSERT INTO `car_year` (`id`, `car_year`, `model_id`, `created_at`, `updated_at`) VALUES (13, '2020', 13, '2019-10-21 03:33:56', '2020-05-26 21:56:24');
INSERT INTO `car_year` (`id`, `car_year`, `model_id`, `created_at`, `updated_at`) VALUES (14, '2002', 14, '2020-08-24 03:08:37', '2019-11-08 07:40:18');
INSERT INTO `car_year` (`id`, `car_year`, `model_id`, `created_at`, `updated_at`) VALUES (15, '1992', 15, '2020-05-16 13:41:13', '2019-12-15 07:22:16');
INSERT INTO `car_year` (`id`, `car_year`, `model_id`, `created_at`, `updated_at`) VALUES (16, '2003', 16, '2020-01-24 20:30:59', '2020-04-09 00:53:53');
INSERT INTO `car_year` (`id`, `car_year`, `model_id`, `created_at`, `updated_at`) VALUES (17, '1972', 17, '2020-03-09 23:30:12', '2020-05-19 15:45:29');
INSERT INTO `car_year` (`id`, `car_year`, `model_id`, `created_at`, `updated_at`) VALUES (18, '1946', 18, '2019-11-20 04:35:58', '2019-10-01 22:15:37');
INSERT INTO `car_year` (`id`, `car_year`, `model_id`, `created_at`, `updated_at`) VALUES (19, '1930', 19, '2020-05-02 18:38:34', '2019-10-09 01:55:38');
INSERT INTO `car_year` (`id`, `car_year`, `model_id`, `created_at`, `updated_at`) VALUES (20, '2007', 20, '2020-01-17 10:39:31', '2020-04-15 04:21:51');
INSERT INTO `car_year` (`id`, `car_year`, `model_id`, `created_at`, `updated_at`) VALUES (21, '1999', 21, '2019-10-08 13:14:12', '2020-07-27 23:47:44');
INSERT INTO `car_year` (`id`, `car_year`, `model_id`, `created_at`, `updated_at`) VALUES (22, '1976', 22, '2020-03-24 07:16:41', '2020-07-10 19:34:08');
INSERT INTO `car_year` (`id`, `car_year`, `model_id`, `created_at`, `updated_at`) VALUES (23, '1959', 23, '2019-12-29 08:34:07', '2019-12-30 22:43:32');
INSERT INTO `car_year` (`id`, `car_year`, `model_id`, `created_at`, `updated_at`) VALUES (24, '1935', 24, '2020-06-19 07:38:17', '2020-01-09 02:07:53');
INSERT INTO `car_year` (`id`, `car_year`, `model_id`, `created_at`, `updated_at`) VALUES (25, '2015', 25, '2019-09-25 02:39:08', '2020-02-04 06:59:03');
INSERT INTO `car_year` (`id`, `car_year`, `model_id`, `created_at`, `updated_at`) VALUES (26, '2016', 26, '2019-11-04 04:14:34', '2020-05-21 15:11:06');
INSERT INTO `car_year` (`id`, `car_year`, `model_id`, `created_at`, `updated_at`) VALUES (27, '1996', 27, '2020-05-10 06:33:52', '2020-08-13 22:29:39');
INSERT INTO `car_year` (`id`, `car_year`, `model_id`, `created_at`, `updated_at`) VALUES (28, '1986', 28, '2020-05-02 03:06:52', '2019-10-05 09:05:30');
INSERT INTO `car_year` (`id`, `car_year`, `model_id`, `created_at`, `updated_at`) VALUES (29, '1958', 29, '2020-06-10 16:31:15', '2020-04-27 12:19:30');
INSERT INTO `car_year` (`id`, `car_year`, `model_id`, `created_at`, `updated_at`) VALUES (30, '1967', 30, '2020-04-06 08:01:01', '2019-11-27 06:24:04');
INSERT INTO `car_year` (`id`, `car_year`, `model_id`, `created_at`, `updated_at`) VALUES (31, '1922', 31, '2019-12-07 00:07:32', '2019-10-21 19:58:22');
INSERT INTO `car_year` (`id`, `car_year`, `model_id`, `created_at`, `updated_at`) VALUES (32, '1931', 32, '2020-02-07 10:57:43', '2020-08-27 05:19:39');
INSERT INTO `car_year` (`id`, `car_year`, `model_id`, `created_at`, `updated_at`) VALUES (33, '2013', 33, '2019-12-29 23:01:23', '2020-03-27 08:25:42');
INSERT INTO `car_year` (`id`, `car_year`, `model_id`, `created_at`, `updated_at`) VALUES (34, '1959', 34, '2020-05-14 22:27:01', '2020-03-11 06:37:41');
INSERT INTO `car_year` (`id`, `car_year`, `model_id`, `created_at`, `updated_at`) VALUES (35, '1991', 35, '2020-05-03 22:45:57', '2019-09-15 08:32:11');
INSERT INTO `car_year` (`id`, `car_year`, `model_id`, `created_at`, `updated_at`) VALUES (36, '1967', 36, '2020-01-12 08:47:15', '2020-07-16 09:55:20');
INSERT INTO `car_year` (`id`, `car_year`, `model_id`, `created_at`, `updated_at`) VALUES (37, '1981', 37, '2020-07-07 00:47:02', '2020-03-08 23:44:50');
INSERT INTO `car_year` (`id`, `car_year`, `model_id`, `created_at`, `updated_at`) VALUES (38, '2002', 38, '2020-02-18 17:01:44', '2020-08-11 05:22:19');
INSERT INTO `car_year` (`id`, `car_year`, `model_id`, `created_at`, `updated_at`) VALUES (39, '2020', 39, '2019-12-03 09:36:07', '2020-01-08 04:02:34');
INSERT INTO `car_year` (`id`, `car_year`, `model_id`, `created_at`, `updated_at`) VALUES (40, '2019', 40, '2019-10-23 22:18:07', '2020-07-19 23:53:02');
INSERT INTO `car_year` (`id`, `car_year`, `model_id`, `created_at`, `updated_at`) VALUES (41, '1992', 41, '2020-05-20 22:13:26', '2019-12-06 17:47:09');
INSERT INTO `car_year` (`id`, `car_year`, `model_id`, `created_at`, `updated_at`) VALUES (42, '1988', 42, '2019-12-10 03:05:39', '2020-07-09 14:16:52');
INSERT INTO `car_year` (`id`, `car_year`, `model_id`, `created_at`, `updated_at`) VALUES (43, '1982', 43, '2020-02-22 06:25:58', '2020-01-27 22:34:20');
INSERT INTO `car_year` (`id`, `car_year`, `model_id`, `created_at`, `updated_at`) VALUES (44, '2004', 44, '2020-07-03 14:05:56', '2019-09-24 19:15:47');
INSERT INTO `car_year` (`id`, `car_year`, `model_id`, `created_at`, `updated_at`) VALUES (45, '1973', 45, '2020-04-27 23:39:36', '2020-01-11 07:46:52');
INSERT INTO `car_year` (`id`, `car_year`, `model_id`, `created_at`, `updated_at`) VALUES (46, '1984', 46, '2020-05-05 12:39:22', '2020-04-09 16:19:54');
INSERT INTO `car_year` (`id`, `car_year`, `model_id`, `created_at`, `updated_at`) VALUES (47, '2011', 47, '2019-12-14 00:12:41', '2020-02-19 11:27:05');
INSERT INTO `car_year` (`id`, `car_year`, `model_id`, `created_at`, `updated_at`) VALUES (48, '1987', 48, '2020-05-24 04:43:56', '2020-08-21 23:22:02');
INSERT INTO `car_year` (`id`, `car_year`, `model_id`, `created_at`, `updated_at`) VALUES (49, '1935', 49, '2019-10-27 13:05:58', '2020-07-04 07:50:41');
INSERT INTO `car_year` (`id`, `car_year`, `model_id`, `created_at`, `updated_at`) VALUES (50, '1925', 50, '2020-01-07 18:38:58', '2019-12-08 05:50:24');
INSERT INTO `car_year` (`id`, `car_year`, `model_id`, `created_at`, `updated_at`) VALUES (51, '2018', 51, '2019-10-08 17:16:22', '2020-03-11 10:15:17');
INSERT INTO `car_year` (`id`, `car_year`, `model_id`, `created_at`, `updated_at`) VALUES (52, '1941', 52, '2020-01-17 21:06:33', '2020-03-12 12:05:51');
INSERT INTO `car_year` (`id`, `car_year`, `model_id`, `created_at`, `updated_at`) VALUES (53, '2001', 53, '2019-09-18 06:28:55', '2019-10-02 02:08:07');
INSERT INTO `car_year` (`id`, `car_year`, `model_id`, `created_at`, `updated_at`) VALUES (54, '1921', 54, '2019-12-16 03:08:28', '2019-09-17 11:03:55');
INSERT INTO `car_year` (`id`, `car_year`, `model_id`, `created_at`, `updated_at`) VALUES (55, '2014', 55, '2019-12-05 10:40:53', '2020-03-24 03:52:26');
INSERT INTO `car_year` (`id`, `car_year`, `model_id`, `created_at`, `updated_at`) VALUES (56, '1947', 56, '2019-10-12 05:44:54', '2019-11-04 20:01:32');
INSERT INTO `car_year` (`id`, `car_year`, `model_id`, `created_at`, `updated_at`) VALUES (57, '1936', 57, '2020-08-20 12:04:35', '2020-07-07 07:36:39');
INSERT INTO `car_year` (`id`, `car_year`, `model_id`, `created_at`, `updated_at`) VALUES (58, '1923', 58, '2019-12-17 19:23:00', '2019-11-16 14:37:53');
INSERT INTO `car_year` (`id`, `car_year`, `model_id`, `created_at`, `updated_at`) VALUES (59, '2014', 59, '2020-03-03 03:01:51', '2020-04-28 16:18:27');
INSERT INTO `car_year` (`id`, `car_year`, `model_id`, `created_at`, `updated_at`) VALUES (60, '1982', 60, '2020-04-26 20:45:36', '2019-11-26 02:53:53');
INSERT INTO `car_year` (`id`, `car_year`, `model_id`, `created_at`, `updated_at`) VALUES (61, '2017', 61, '2019-12-14 21:41:28', '2019-09-03 13:05:48');
INSERT INTO `car_year` (`id`, `car_year`, `model_id`, `created_at`, `updated_at`) VALUES (62, '2008', 62, '2020-07-13 03:47:10', '2020-03-08 09:51:40');
INSERT INTO `car_year` (`id`, `car_year`, `model_id`, `created_at`, `updated_at`) VALUES (63, '1965', 63, '2020-04-21 14:25:49', '2020-05-25 05:41:56');
INSERT INTO `car_year` (`id`, `car_year`, `model_id`, `created_at`, `updated_at`) VALUES (64, '1981', 64, '2020-06-21 05:47:30', '2020-03-21 01:31:00');
INSERT INTO `car_year` (`id`, `car_year`, `model_id`, `created_at`, `updated_at`) VALUES (65, '1933', 65, '2020-08-30 11:48:04', '2019-10-03 03:29:54');
INSERT INTO `car_year` (`id`, `car_year`, `model_id`, `created_at`, `updated_at`) VALUES (66, '1975', 66, '2020-02-27 15:00:45', '2019-11-08 11:09:31');
INSERT INTO `car_year` (`id`, `car_year`, `model_id`, `created_at`, `updated_at`) VALUES (67, '2006', 67, '2019-10-26 09:28:02', '2019-09-26 09:22:54');
INSERT INTO `car_year` (`id`, `car_year`, `model_id`, `created_at`, `updated_at`) VALUES (68, '1934', 68, '2020-03-06 02:59:27', '2020-07-14 11:18:23');
INSERT INTO `car_year` (`id`, `car_year`, `model_id`, `created_at`, `updated_at`) VALUES (69, '1971', 69, '2019-10-02 21:47:16', '2020-07-30 10:19:05');
INSERT INTO `car_year` (`id`, `car_year`, `model_id`, `created_at`, `updated_at`) VALUES (70, '1946', 70, '2019-10-03 13:33:37', '2020-02-26 19:01:24');
INSERT INTO `car_year` (`id`, `car_year`, `model_id`, `created_at`, `updated_at`) VALUES (71, '1938', 71, '2020-08-07 19:16:21', '2020-07-07 02:47:53');
INSERT INTO `car_year` (`id`, `car_year`, `model_id`, `created_at`, `updated_at`) VALUES (72, '1955', 72, '2020-08-20 06:34:52', '2020-06-12 06:42:08');
INSERT INTO `car_year` (`id`, `car_year`, `model_id`, `created_at`, `updated_at`) VALUES (73, '1967', 73, '2020-03-16 18:43:46', '2020-04-25 04:43:30');
INSERT INTO `car_year` (`id`, `car_year`, `model_id`, `created_at`, `updated_at`) VALUES (74, '1948', 74, '2020-02-04 11:49:50', '2020-03-11 18:04:16');
INSERT INTO `car_year` (`id`, `car_year`, `model_id`, `created_at`, `updated_at`) VALUES (75, '1925', 75, '2019-11-12 02:19:24', '2020-07-30 04:32:07');
INSERT INTO `car_year` (`id`, `car_year`, `model_id`, `created_at`, `updated_at`) VALUES (76, '2002', 76, '2020-03-10 06:29:09', '2020-04-01 17:32:48');
INSERT INTO `car_year` (`id`, `car_year`, `model_id`, `created_at`, `updated_at`) VALUES (77, '1961', 77, '2019-09-07 06:50:46', '2020-06-09 16:00:25');
INSERT INTO `car_year` (`id`, `car_year`, `model_id`, `created_at`, `updated_at`) VALUES (78, '2008', 78, '2020-04-05 16:33:48', '2019-09-07 01:25:31');
INSERT INTO `car_year` (`id`, `car_year`, `model_id`, `created_at`, `updated_at`) VALUES (79, '1990', 79, '2019-10-31 11:09:09', '2020-08-22 23:11:04');
INSERT INTO `car_year` (`id`, `car_year`, `model_id`, `created_at`, `updated_at`) VALUES (80, '1978', 80, '2020-02-12 01:51:55', '2019-10-13 20:54:34');
INSERT INTO `car_year` (`id`, `car_year`, `model_id`, `created_at`, `updated_at`) VALUES (81, '1946', 81, '2020-07-16 08:24:03', '2020-03-12 11:48:00');
INSERT INTO `car_year` (`id`, `car_year`, `model_id`, `created_at`, `updated_at`) VALUES (82, '1984', 82, '2020-07-22 22:14:09', '2020-07-02 19:47:08');
INSERT INTO `car_year` (`id`, `car_year`, `model_id`, `created_at`, `updated_at`) VALUES (83, '1958', 83, '2020-05-26 06:24:24', '2020-07-09 12:26:43');
INSERT INTO `car_year` (`id`, `car_year`, `model_id`, `created_at`, `updated_at`) VALUES (84, '2016', 84, '2019-10-02 12:52:37', '2020-01-07 15:28:01');
INSERT INTO `car_year` (`id`, `car_year`, `model_id`, `created_at`, `updated_at`) VALUES (85, '1987', 85, '2020-07-14 20:35:53', '2020-05-16 20:26:09');
INSERT INTO `car_year` (`id`, `car_year`, `model_id`, `created_at`, `updated_at`) VALUES (86, '1981', 86, '2020-02-15 10:08:20', '2020-01-02 05:06:54');
INSERT INTO `car_year` (`id`, `car_year`, `model_id`, `created_at`, `updated_at`) VALUES (87, '1927', 87, '2020-03-06 17:50:37', '2020-04-26 11:35:43');
INSERT INTO `car_year` (`id`, `car_year`, `model_id`, `created_at`, `updated_at`) VALUES (88, '1926', 88, '2020-07-24 01:04:12', '2019-11-01 13:44:59');
INSERT INTO `car_year` (`id`, `car_year`, `model_id`, `created_at`, `updated_at`) VALUES (89, '1948', 89, '2019-11-08 05:25:41', '2019-10-12 05:58:22');
INSERT INTO `car_year` (`id`, `car_year`, `model_id`, `created_at`, `updated_at`) VALUES (90, '1974', 90, '2020-06-03 23:19:57', '2020-06-22 13:15:03');
INSERT INTO `car_year` (`id`, `car_year`, `model_id`, `created_at`, `updated_at`) VALUES (91, '2014', 91, '2020-01-14 02:09:51', '2020-05-27 00:44:45');
INSERT INTO `car_year` (`id`, `car_year`, `model_id`, `created_at`, `updated_at`) VALUES (92, '1955', 92, '2020-03-15 18:58:30', '2020-06-14 07:45:35');
INSERT INTO `car_year` (`id`, `car_year`, `model_id`, `created_at`, `updated_at`) VALUES (93, '2012', 93, '2020-04-28 23:21:59', '2019-11-25 20:26:35');
INSERT INTO `car_year` (`id`, `car_year`, `model_id`, `created_at`, `updated_at`) VALUES (94, '1969', 94, '2019-11-25 16:45:41', '2020-06-25 19:53:26');
INSERT INTO `car_year` (`id`, `car_year`, `model_id`, `created_at`, `updated_at`) VALUES (95, '1937', 95, '2019-09-28 09:43:31', '2019-12-29 07:20:44');
INSERT INTO `car_year` (`id`, `car_year`, `model_id`, `created_at`, `updated_at`) VALUES (96, '1961', 96, '2020-01-02 08:33:02', '2020-03-23 13:15:39');
INSERT INTO `car_year` (`id`, `car_year`, `model_id`, `created_at`, `updated_at`) VALUES (97, '1946', 97, '2020-01-25 05:21:33', '2020-08-06 14:14:53');
INSERT INTO `car_year` (`id`, `car_year`, `model_id`, `created_at`, `updated_at`) VALUES (98, '1937', 98, '2019-10-16 14:07:47', '2020-03-31 08:05:32');
INSERT INTO `car_year` (`id`, `car_year`, `model_id`, `created_at`, `updated_at`) VALUES (99, '2010', 99, '2020-02-22 05:11:07', '2019-12-01 21:38:44');
INSERT INTO `car_year` (`id`, `car_year`, `model_id`, `created_at`, `updated_at`) VALUES (100, '1945', 100, '2019-12-26 19:50:00', '2019-11-26 00:42:17');


#
# TABLE STRUCTURE FOR: car_сategory
#

DROP TABLE IF EXISTS `car_сategory`;

CREATE TABLE `car_сategory` (
  `id` int(10) unsigned NOT NULL AUTO_INCREMENT COMMENT 'Идентификатор сроки',
  `car_сategory` varchar(150) COLLATE utf8_unicode_ci NOT NULL COMMENT 'Название категории',
  `created_at` datetime DEFAULT current_timestamp() COMMENT 'Время создания строки',
  `updated_at` datetime DEFAULT current_timestamp() ON UPDATE current_timestamp() COMMENT 'Время обновления строки',
  PRIMARY KEY (`id`),
  UNIQUE KEY `car_сategory` (`car_сategory`)
) ENGINE=InnoDB DEFAULT CHARSET=utf8 COLLATE=utf8_unicode_ci COMMENT='Категории автомобилей';

#
# TABLE STRUCTURE FOR: manufacturer
#

DROP TABLE IF EXISTS `manufacturer`;

CREATE TABLE `manufacturer` (
  `id` int(10) unsigned NOT NULL AUTO_INCREMENT COMMENT 'Идентификатор сроки',
  `manufacturer` varchar(150) COLLATE utf8_unicode_ci NOT NULL COMMENT 'Название производителя',
  `about_of` text COLLATE utf8_unicode_ci NOT NULL COMMENT 'Информация о производителе',
  `adress` varchar(150) COLLATE utf8_unicode_ci NOT NULL COMMENT 'Адрес производителя',
  `created_at` datetime DEFAULT current_timestamp() COMMENT 'Время создания строки',
  `updated_at` datetime DEFAULT current_timestamp() ON UPDATE current_timestamp() COMMENT 'Время обновления строки',
  PRIMARY KEY (`id`)
) ENGINE=InnoDB AUTO_INCREMENT=101 DEFAULT CHARSET=utf8 COLLATE=utf8_unicode_ci COMMENT='Производители';

INSERT INTO `manufacturer` (`id`, `manufacturer`, `about_of`, `adress`, `created_at`, `updated_at`) VALUES (1, 'Senger-Vandervort', 'Et aliquam amet aut similique dolore et quia. Minima est explicabo consequatur quibusdam harum. Eum et molestias velit accusantium.', '1509 Vincenzo Burg Apt. 820\nOsinskishire, IN 60979', '2020-03-13 21:46:23', '2020-08-18 21:56:22');
INSERT INTO `manufacturer` (`id`, `manufacturer`, `about_of`, `adress`, `created_at`, `updated_at`) VALUES (2, 'Larson-Koch', 'Suscipit libero dolore voluptas temporibus aliquam. Sit necessitatibus id velit velit. Amet necessitatibus et voluptatem doloremque unde.', '8845 Nikolaus Mountain\nBeckerton, AK 33158', '2020-04-24 01:26:21', '2020-03-26 16:15:13');
INSERT INTO `manufacturer` (`id`, `manufacturer`, `about_of`, `adress`, `created_at`, `updated_at`) VALUES (3, 'Little LLC', 'Aliquid aut voluptas commodi. Error accusantium sit distinctio consequatur. Ut ut voluptas inventore vitae odio. Placeat quo et repudiandae.', '27342 Ottis Glen Suite 248\nLake Lela, WI 97071', '2020-06-02 07:31:35', '2020-08-16 00:16:59');
INSERT INTO `manufacturer` (`id`, `manufacturer`, `about_of`, `adress`, `created_at`, `updated_at`) VALUES (4, 'Schmitt-Bode', 'Qui libero autem vitae suscipit aspernatur quo necessitatibus. Cumque numquam dolore ab. Animi ipsa occaecati maxime aliquam. Et quam et totam harum dignissimos magni.', '793 Keebler Parkways\nLednermouth, KS 44125-9410', '2019-09-11 20:58:22', '2020-01-17 09:51:10');
INSERT INTO `manufacturer` (`id`, `manufacturer`, `about_of`, `adress`, `created_at`, `updated_at`) VALUES (5, 'Hackett, Cremin and Adams', 'Deserunt consequatur voluptatum cumque maxime. Voluptate vel ipsum suscipit non non voluptatem. Assumenda explicabo eaque qui.', '3849 Kimberly Falls\nMarceloland, TX 01657', '2020-08-19 02:14:57', '2020-01-28 00:00:18');
INSERT INTO `manufacturer` (`id`, `manufacturer`, `about_of`, `adress`, `created_at`, `updated_at`) VALUES (6, 'Hodkiewicz, Olson and Lindgren', 'Molestiae non magnam assumenda eius architecto autem. Rerum iusto sed incidunt in pariatur. Et totam quia maiores molestiae rerum neque illo.', '2757 Pouros Prairie Apt. 834\nEast Melissafort, MO 91027-9425', '2020-02-27 11:14:28', '2020-04-25 01:47:15');
INSERT INTO `manufacturer` (`id`, `manufacturer`, `about_of`, `adress`, `created_at`, `updated_at`) VALUES (7, 'Gislason-Price', 'Aliquid quibusdam totam labore magnam. Quam occaecati necessitatibus voluptates reprehenderit aliquid reiciendis enim consectetur. Aspernatur ea nemo possimus commodi sit quis et id.', '180 Otha Isle\nSouth Eloisa, MA 77152', '2020-07-22 06:43:38', '2020-08-01 07:27:09');
INSERT INTO `manufacturer` (`id`, `manufacturer`, `about_of`, `adress`, `created_at`, `updated_at`) VALUES (8, 'Marquardt-Hickle', 'Voluptatem nulla provident recusandae debitis. Iure aspernatur assumenda et nostrum. Autem debitis cum ut voluptates nemo.', '6158 Lemke Cove\nNorth Carychester, AL 00033-0180', '2020-08-28 16:41:43', '2020-02-26 18:45:15');
INSERT INTO `manufacturer` (`id`, `manufacturer`, `about_of`, `adress`, `created_at`, `updated_at`) VALUES (9, 'Waters and Sons', 'Facere quidem velit fugit velit nobis et qui. Est temporibus labore odit ut dolores. Aperiam quia quia similique sit doloremque blanditiis.', '3440 Rodger Mountain\nSouth Cathrynchester, OK 64665-7153', '2019-12-12 19:38:12', '2019-12-22 14:21:22');
INSERT INTO `manufacturer` (`id`, `manufacturer`, `about_of`, `adress`, `created_at`, `updated_at`) VALUES (10, 'Howell, Balistreri and Lind', 'Amet sed similique sunt rerum sequi. Quia est illum soluta saepe. Natus eos porro accusamus sit. Laboriosam architecto quaerat eos.', '365 Schneider Divide\nNew Olgatown, UT 74422-2941', '2020-02-07 04:18:42', '2020-08-10 10:43:02');
INSERT INTO `manufacturer` (`id`, `manufacturer`, `about_of`, `adress`, `created_at`, `updated_at`) VALUES (11, 'Eichmann Ltd', 'Dignissimos iure tenetur perspiciatis labore. Voluptas autem sed rem sint. Consequatur rerum voluptas ratione voluptatibus nihil. Et veniam quod est velit dignissimos ut magnam.', '88439 Darrell Extension Suite 170\nEast Dante, NV 69236-9205', '2020-04-19 20:25:30', '2020-05-23 22:15:32');
INSERT INTO `manufacturer` (`id`, `manufacturer`, `about_of`, `adress`, `created_at`, `updated_at`) VALUES (12, 'Haley-Gottlieb', 'Explicabo quasi porro ad explicabo. Dicta nihil ea maxime consequatur vitae praesentium. Officiis cumque magni quisquam cupiditate. Sint praesentium reiciendis est sint praesentium.', '36557 Neoma Flats\nMisaelville, IN 46430', '2020-07-28 06:06:07', '2019-12-01 04:17:39');
INSERT INTO `manufacturer` (`id`, `manufacturer`, `about_of`, `adress`, `created_at`, `updated_at`) VALUES (13, 'Carroll Ltd', 'Veritatis maiores rerum officiis possimus. Aliquid mollitia eveniet minima.', '9711 Larue Trafficway\nGeorgianatown, MO 01475', '2020-07-31 11:14:19', '2020-03-02 15:33:55');
INSERT INTO `manufacturer` (`id`, `manufacturer`, `about_of`, `adress`, `created_at`, `updated_at`) VALUES (14, 'Parisian, McLaughlin and Roob', 'Voluptatum dolore dicta pariatur nihil excepturi itaque voluptate. Earum iste asperiores sit odit autem. Et est tenetur vel veritatis tempore corrupti.', '34170 Cruickshank Lights\nElsaburgh, MS 64610', '2019-10-31 09:05:34', '2020-02-08 21:24:47');
INSERT INTO `manufacturer` (`id`, `manufacturer`, `about_of`, `adress`, `created_at`, `updated_at`) VALUES (15, 'Donnelly Inc', 'Hic inventore ratione ea omnis sed. Veritatis quidem nisi praesentium laborum qui voluptate repudiandae aperiam. Quia incidunt laborum amet quo delectus error ipsa. Quasi eum tempora placeat.', '546 Marian Shoal\nKatherineview, NY 36606-1892', '2020-02-18 20:33:28', '2020-02-29 02:40:59');
INSERT INTO `manufacturer` (`id`, `manufacturer`, `about_of`, `adress`, `created_at`, `updated_at`) VALUES (16, 'Johnston, Stoltenberg and Dickens', 'Eligendi et qui rerum ut ut porro. Explicabo eius autem dolores repellendus alias eos. Reiciendis nesciunt dolor velit. Eos voluptates dolores optio placeat sint ut quidem.', '211 Letitia Plain Apt. 486\nGregorioborough, AK 47183-3444', '2020-05-12 19:18:07', '2020-05-01 06:56:28');
INSERT INTO `manufacturer` (`id`, `manufacturer`, `about_of`, `adress`, `created_at`, `updated_at`) VALUES (17, 'Hodkiewicz and Sons', 'Qui explicabo sed cupiditate maxime ducimus rem sequi. Vitae est provident quidem quis. Nostrum voluptatem qui tempora.\nOdio cum et alias iste ab eos eius quo. Dolorem quas qui molestias laudantium.', '6801 Josiah Knoll\nDickifort, KY 61231', '2019-10-07 16:08:33', '2020-08-15 03:17:05');
INSERT INTO `manufacturer` (`id`, `manufacturer`, `about_of`, `adress`, `created_at`, `updated_at`) VALUES (18, 'Yundt PLC', 'Ex laudantium laudantium dicta et rerum quis. Perferendis ut ipsam ex et qui vero asperiores. Ut ut dolore eos enim aut. Doloribus sapiente in asperiores voluptates culpa sit.', '032 Lemke Islands\nYundtport, CA 39100', '2020-01-09 11:44:28', '2019-11-13 13:20:29');
INSERT INTO `manufacturer` (`id`, `manufacturer`, `about_of`, `adress`, `created_at`, `updated_at`) VALUES (19, 'Bosco, Altenwerth and Denesik', 'Aut est delectus autem rerum cumque. Aut eum voluptate accusantium nemo. Est quos ipsa iure sequi qui porro numquam quia.', '03894 Gillian Keys Suite 783\nNorth Dennis, OR 68221-3643', '2019-11-16 03:07:08', '2020-06-26 15:45:13');
INSERT INTO `manufacturer` (`id`, `manufacturer`, `about_of`, `adress`, `created_at`, `updated_at`) VALUES (20, 'Bauch Group', 'Dolores illum sed rem voluptatibus magni. Perspiciatis ipsam vel ut perferendis quam. Aut omnis aut tenetur nulla quo voluptatem vel est.', '01332 Rosemarie Views Apt. 916\nBrakusmouth, MA 71867', '2020-01-08 05:39:12', '2019-10-28 17:26:06');
INSERT INTO `manufacturer` (`id`, `manufacturer`, `about_of`, `adress`, `created_at`, `updated_at`) VALUES (21, 'Wunsch-Renner', 'In aliquid rerum commodi vel. Totam minima aliquam adipisci sint sit est unde. Earum eos quis dolore. Consequuntur omnis ex animi qui animi. Incidunt sequi id error quia molestiae quaerat.', '71506 Auer Village Suite 177\nWest Garret, IL 46427-5788', '2020-02-23 02:55:49', '2020-04-12 22:34:38');
INSERT INTO `manufacturer` (`id`, `manufacturer`, `about_of`, `adress`, `created_at`, `updated_at`) VALUES (22, 'Littel-Yost', 'Ut dolores aut tempore consequatur esse. Atque maiores recusandae fugiat error omnis qui rem. Error hic minima illum possimus illo inventore cumque. Et et et aut pariatur.', '8034 Jena Ports Apt. 911\nAmaraport, OK 84379', '2020-01-11 23:29:53', '2019-11-29 18:21:35');
INSERT INTO `manufacturer` (`id`, `manufacturer`, `about_of`, `adress`, `created_at`, `updated_at`) VALUES (23, 'Dickens Inc', 'Culpa sunt occaecati ad. Eos vitae nihil sit ullam. In cupiditate enim eos commodi omnis. Iure sit officia quis aut id.', '414 Schinner Flats\nLake Leopoldmouth, AR 45270-1794', '2019-12-16 18:12:30', '2020-04-01 03:48:09');
INSERT INTO `manufacturer` (`id`, `manufacturer`, `about_of`, `adress`, `created_at`, `updated_at`) VALUES (24, 'Fritsch-Torp', 'Impedit voluptas a autem. Qui nulla dolorem ullam aut quis eveniet sit.', '19574 Addie Shores\nBergnaumfurt, AK 42611', '2020-01-08 20:22:29', '2020-03-16 07:10:05');
INSERT INTO `manufacturer` (`id`, `manufacturer`, `about_of`, `adress`, `created_at`, `updated_at`) VALUES (25, 'Rutherford, Vandervort and Heidenreich', 'Sit quis esse dolorum repellendus magni numquam eveniet error. Recusandae maxime dolor voluptas molestias rem praesentium aut. Eligendi sit impedit autem consequatur aperiam id quas ut.', '015 D\'Amore Estates Apt. 022\nEast Burley, IL 78696-1815', '2020-01-18 08:44:09', '2020-03-06 10:20:16');
INSERT INTO `manufacturer` (`id`, `manufacturer`, `about_of`, `adress`, `created_at`, `updated_at`) VALUES (26, 'Walter, Kuvalis and Schroeder', 'Sed rerum vitae exercitationem eveniet. Repudiandae iste a fugiat. Velit omnis sequi rerum et mollitia fuga. Rerum porro quo non quae error eius earum.', '3693 Jacey Rue\nSouth Geovanny, IN 59670', '2020-07-08 04:57:36', '2019-11-14 07:29:39');
INSERT INTO `manufacturer` (`id`, `manufacturer`, `about_of`, `adress`, `created_at`, `updated_at`) VALUES (27, 'Baumbach-Kuhic', 'Ea ut neque dolor rerum. A eaque voluptatem aut eum.', '192 Katelin Keys Apt. 217\nNew Berenice, RI 41526', '2020-04-13 15:39:47', '2020-08-06 07:16:23');
INSERT INTO `manufacturer` (`id`, `manufacturer`, `about_of`, `adress`, `created_at`, `updated_at`) VALUES (28, 'Cruickshank, Medhurst and Weber', 'Quia numquam vitae enim sit. Fugit enim voluptatibus et hic sint aut. Adipisci reprehenderit debitis tenetur enim sit ea sunt.', '802 Jodie Shore\nFaymouth, OK 41682', '2020-05-02 14:32:06', '2020-05-17 15:33:21');
INSERT INTO `manufacturer` (`id`, `manufacturer`, `about_of`, `adress`, `created_at`, `updated_at`) VALUES (29, 'Doyle-Rogahn', 'Mollitia sunt provident nihil recusandae sed molestiae. Sunt ipsam officiis est perspiciatis aut.', '1446 Mosciski Village\nLittleville, CO 92820', '2019-11-28 20:46:22', '2020-02-22 01:24:58');
INSERT INTO `manufacturer` (`id`, `manufacturer`, `about_of`, `adress`, `created_at`, `updated_at`) VALUES (30, 'Block, Kovacek and Glover', 'Ea rerum unde libero qui deleniti. Mollitia amet at amet unde deserunt. Consequatur impedit tenetur consequuntur neque. Corrupti et sed enim maiores architecto molestias dolorum.', '6329 Kiehn Inlet Apt. 898\nElisamouth, ID 34030', '2020-02-14 16:14:00', '2019-12-16 17:31:17');
INSERT INTO `manufacturer` (`id`, `manufacturer`, `about_of`, `adress`, `created_at`, `updated_at`) VALUES (31, 'Veum Group', 'Porro rerum officiis necessitatibus mollitia rerum ut. Tempore et debitis aut molestiae illo dolorum cupiditate pariatur.', '6576 Hugh Path Apt. 450\nNorth Alvis, KY 55005', '2020-02-24 03:42:30', '2019-09-16 18:42:23');
INSERT INTO `manufacturer` (`id`, `manufacturer`, `about_of`, `adress`, `created_at`, `updated_at`) VALUES (32, 'Wolff Group', 'Nisi repellendus sunt molestiae sed ducimus tenetur qui. Neque at excepturi ut et. Et autem architecto eligendi omnis et.', '565 Stephen Road Suite 145\nKalebside, PA 21878', '2019-11-21 00:56:11', '2020-01-04 22:40:09');
INSERT INTO `manufacturer` (`id`, `manufacturer`, `about_of`, `adress`, `created_at`, `updated_at`) VALUES (33, 'Veum Group', 'Aut nihil fuga dolorem et nam ut praesentium. Saepe quia saepe qui culpa deleniti quas perferendis omnis. Ut quisquam natus qui necessitatibus.', '62819 Ciara Row\nRueckerton, WA 18337-8770', '2019-12-08 18:16:07', '2020-04-26 06:12:44');
INSERT INTO `manufacturer` (`id`, `manufacturer`, `about_of`, `adress`, `created_at`, `updated_at`) VALUES (34, 'Abernathy-Grant', 'Fugiat sunt voluptas vel laboriosam nostrum consectetur hic dolores. Sapiente ut et alias est ut.', '370 Kessler Lock\nEast Kris, SD 88531', '2019-11-23 22:02:23', '2020-08-09 17:15:27');
INSERT INTO `manufacturer` (`id`, `manufacturer`, `about_of`, `adress`, `created_at`, `updated_at`) VALUES (35, 'West LLC', 'Saepe est et eum voluptatibus. Vel dolores aut corrupti delectus assumenda omnis aut. Sed maxime quidem libero molestias quisquam dolorem sit.', '4984 Rodriguez Turnpike\nSouth Jazmynmouth, WY 51342', '2020-05-08 14:54:17', '2020-06-07 23:25:12');
INSERT INTO `manufacturer` (`id`, `manufacturer`, `about_of`, `adress`, `created_at`, `updated_at`) VALUES (36, 'Thompson and Sons', 'Provident aut ducimus quos architecto. Voluptatum laboriosam repudiandae non sunt veritatis. Et voluptates aspernatur vitae velit quidem ut. Sint facilis et maiores error autem.', '64425 Donna Overpass Suite 014\nEast Julietmouth, SC 22502-8251', '2020-01-27 21:34:03', '2020-08-10 11:25:01');
INSERT INTO `manufacturer` (`id`, `manufacturer`, `about_of`, `adress`, `created_at`, `updated_at`) VALUES (37, 'Bosco Ltd', 'Nisi dignissimos ipsam omnis et quo molestiae. Quaerat deleniti ipsam voluptate aut non. Est veritatis eos distinctio voluptates et odit.', '10717 Weissnat Pines Apt. 057\nWest Elinore, KS 81400-5310', '2020-04-20 16:11:01', '2020-04-30 05:20:26');
INSERT INTO `manufacturer` (`id`, `manufacturer`, `about_of`, `adress`, `created_at`, `updated_at`) VALUES (38, 'Champlin, Hermiston and Roberts', 'Modi libero ex omnis velit est. Quae consequatur occaecati molestiae id harum. Occaecati hic voluptatem nesciunt. Id est nemo dolor nisi. Consequuntur a quasi aliquid sunt.', '44242 Aryanna Dam\nEast Kacie, MD 60746', '2019-12-24 13:41:32', '2020-05-05 03:46:13');
INSERT INTO `manufacturer` (`id`, `manufacturer`, `about_of`, `adress`, `created_at`, `updated_at`) VALUES (39, 'Weissnat-Collins', 'Ea nemo saepe culpa enim. A quidem qui a et et fuga rem. Aspernatur non labore in ut aut quod reprehenderit sit. Earum perspiciatis necessitatibus cumque.', '301 Sawayn Avenue\nNorth Lester, VT 37473-3865', '2019-10-29 14:55:48', '2019-09-05 21:09:27');
INSERT INTO `manufacturer` (`id`, `manufacturer`, `about_of`, `adress`, `created_at`, `updated_at`) VALUES (40, 'Dickens-Bergstrom', 'Adipisci consequatur aut libero quis. Eum totam recusandae cum iusto. Non aperiam ut distinctio. Hic vel vel reiciendis amet inventore dolores.', '74019 Kevin Mall\nEast Clair, MS 53432-6932', '2020-05-22 19:33:47', '2019-11-29 23:43:26');
INSERT INTO `manufacturer` (`id`, `manufacturer`, `about_of`, `adress`, `created_at`, `updated_at`) VALUES (41, 'Morar Group', 'Ut autem nostrum quis sint harum. Sunt voluptatem voluptatem magni tempora. Eveniet est qui est minus doloremque molestias. Ab vel est voluptas non officia quis.', '384 Will River Apt. 871\nNorth Fernando, NH 07131-3434', '2020-05-30 13:42:09', '2020-08-11 21:05:10');
INSERT INTO `manufacturer` (`id`, `manufacturer`, `about_of`, `adress`, `created_at`, `updated_at`) VALUES (42, 'McGlynn, Labadie and Yost', 'Et adipisci nisi laudantium ratione quo velit ducimus. Ut accusamus temporibus harum voluptas quidem dolore. Iste reiciendis omnis neque. Aut ipsa blanditiis tempore beatae ea sit nihil rerum.', '9330 Sauer Common Apt. 341\nNorth Colton, ND 90780', '2019-10-07 19:33:02', '2019-10-12 00:11:26');
INSERT INTO `manufacturer` (`id`, `manufacturer`, `about_of`, `adress`, `created_at`, `updated_at`) VALUES (43, 'Connelly LLC', 'Alias optio dolores et minima autem. Libero dolorem eos consequatur rerum similique dolores. Optio blanditiis id ut laudantium porro.', '7338 Dibbert Park\nNorth Nannie, NV 43854-8609', '2019-11-12 07:00:58', '2019-12-24 09:20:06');
INSERT INTO `manufacturer` (`id`, `manufacturer`, `about_of`, `adress`, `created_at`, `updated_at`) VALUES (44, 'Moore-Murazik', 'Qui similique unde consequatur dolores consequatur quaerat et. Mollitia enim deleniti ut quia minima asperiores. Deleniti enim provident ea architecto sed in consequatur.', '66408 Elta River Suite 125\nCletusport, IN 20068-4306', '2020-08-09 15:33:01', '2020-03-13 14:21:18');
INSERT INTO `manufacturer` (`id`, `manufacturer`, `about_of`, `adress`, `created_at`, `updated_at`) VALUES (45, 'Hegmann PLC', 'Qui voluptatum id ea suscipit beatae dolore eos. Ad et animi aut vel voluptatem dignissimos architecto. Vero rerum sequi ea eaque voluptatum. Optio molestias eligendi hic vero impedit.', '0874 Cara Highway\nEmmaleemouth, DC 02209', '2019-09-16 15:09:09', '2020-01-02 00:21:02');
INSERT INTO `manufacturer` (`id`, `manufacturer`, `about_of`, `adress`, `created_at`, `updated_at`) VALUES (46, 'Schaefer PLC', 'Et voluptatem sint placeat quo. Et qui omnis ab molestias provident vel. Id repudiandae tempora dolor voluptates rem nostrum omnis. Sit perferendis quidem quis ex voluptatem.', '289 Dixie Corners Apt. 057\nDarebury, NJ 07962-4413', '2019-10-14 06:21:32', '2020-01-03 19:46:02');
INSERT INTO `manufacturer` (`id`, `manufacturer`, `about_of`, `adress`, `created_at`, `updated_at`) VALUES (47, 'Abernathy PLC', 'Facilis magni expedita quia nesciunt molestiae et est. Amet quis voluptatum cumque esse eos voluptatem et. Ad suscipit qui placeat quidem ut.', '2567 Nakia Village\nNorth Olaf, MO 96006', '2019-11-10 21:09:41', '2020-03-18 02:38:41');
INSERT INTO `manufacturer` (`id`, `manufacturer`, `about_of`, `adress`, `created_at`, `updated_at`) VALUES (48, 'Mertz PLC', 'Et et beatae maxime ut quidem architecto aut. Omnis est recusandae modi nihil quis aut. Aut eligendi maxime ut dolores autem explicabo. In odio voluptatem blanditiis voluptates.', '73392 Lockman Knoll\nPort Reba, FL 30508-9527', '2020-03-11 14:17:35', '2020-08-17 09:36:09');
INSERT INTO `manufacturer` (`id`, `manufacturer`, `about_of`, `adress`, `created_at`, `updated_at`) VALUES (49, 'Lockman Ltd', 'Accusantium nostrum nostrum aperiam beatae. Reiciendis ad eveniet consequuntur minima quas laudantium aut quis.', '700 Sylvan Tunnel Apt. 385\nSouth Daynaborough, TX 82371-4924', '2020-07-01 07:07:17', '2019-09-26 16:02:25');
INSERT INTO `manufacturer` (`id`, `manufacturer`, `about_of`, `adress`, `created_at`, `updated_at`) VALUES (50, 'Deckow, Nienow and Daugherty', 'Et earum tempora quo recusandae provident. Esse placeat aliquam nam quis reiciendis. Architecto ea et et libero atque.', '8963 Lind Place Apt. 903\nNorth Flavioberg, MI 49945', '2020-04-05 20:50:19', '2019-12-31 21:05:41');
INSERT INTO `manufacturer` (`id`, `manufacturer`, `about_of`, `adress`, `created_at`, `updated_at`) VALUES (51, 'Carter Inc', 'Asperiores fugit quis distinctio cupiditate non suscipit. Molestiae quisquam iure maxime nisi. Delectus perferendis quia quia quasi in consequatur esse. Quis architecto aut in explicabo iure.', '190 Barry Glens Apt. 645\nLednerfurt, AK 37538-4757', '2020-06-08 20:38:57', '2020-08-01 04:59:51');
INSERT INTO `manufacturer` (`id`, `manufacturer`, `about_of`, `adress`, `created_at`, `updated_at`) VALUES (52, 'Zboncak-McGlynn', 'Quos et sit esse iusto delectus. Dignissimos omnis numquam quia sequi iure. Nihil id et et suscipit. Illum fugiat ut veniam atque ut.', '32897 Braulio Isle\nWest Austyn, MN 52974-6598', '2019-09-22 07:49:51', '2020-06-29 23:32:17');
INSERT INTO `manufacturer` (`id`, `manufacturer`, `about_of`, `adress`, `created_at`, `updated_at`) VALUES (53, 'Hudson-Mills', 'Ut repudiandae numquam est alias illum reprehenderit magnam. Sint et nostrum aut consequuntur aut facilis expedita.', '0553 Lehner Brook\nSouth Aiyana, PA 08730-0346', '2020-01-14 11:15:11', '2019-11-12 03:39:33');
INSERT INTO `manufacturer` (`id`, `manufacturer`, `about_of`, `adress`, `created_at`, `updated_at`) VALUES (54, 'Boehm Group', 'Ab quis eius harum nam. Ut delectus aliquam amet dolorem. Voluptas voluptas culpa laborum. Et qui a laboriosam sed eos delectus voluptates.', '717 Boyer Lodge Suite 029\nNayelibury, VA 14795-2123', '2020-04-21 01:08:24', '2020-04-17 20:42:35');
INSERT INTO `manufacturer` (`id`, `manufacturer`, `about_of`, `adress`, `created_at`, `updated_at`) VALUES (55, 'Franecki, Cole and Rosenbaum', 'Qui quisquam earum nobis voluptas nihil molestias et possimus. Laboriosam incidunt asperiores enim consequatur quas doloribus sed. Ut qui adipisci rerum velit.', '520 Ortiz Land Apt. 249\nWest Samanthafort, DC 62252-5279', '2020-04-16 17:22:17', '2020-08-07 02:59:20');
INSERT INTO `manufacturer` (`id`, `manufacturer`, `about_of`, `adress`, `created_at`, `updated_at`) VALUES (56, 'Funk Inc', 'Ut vero consequatur vel voluptatem illo omnis. Dolores est sunt excepturi aut quo. Voluptas enim iure laudantium soluta magnam in. Eius rerum impedit voluptate labore atque qui eveniet.', '52330 Leon Rest\nNorth Julien, KY 62161', '2020-04-19 19:25:29', '2019-12-09 19:21:02');
INSERT INTO `manufacturer` (`id`, `manufacturer`, `about_of`, `adress`, `created_at`, `updated_at`) VALUES (57, 'O\'Conner, Miller and Schuster', 'Dolorem voluptatibus expedita aliquam quisquam qui. Quidem eius qui aut non veritatis et incidunt. Magnam placeat eveniet ab.', '497 Liliane Forest\nSipesside, KY 95920', '2019-09-13 07:21:50', '2019-11-19 20:42:27');
INSERT INTO `manufacturer` (`id`, `manufacturer`, `about_of`, `adress`, `created_at`, `updated_at`) VALUES (58, 'Parisian-Fay', 'Vitae amet laborum molestias odit quisquam blanditiis velit. Nesciunt in culpa atque. Quisquam soluta amet dolor eum labore voluptate quia. Omnis id totam nesciunt.', '71789 Jacinto Inlet\nPort Coleton, OK 56909', '2020-06-11 20:32:58', '2019-09-02 21:00:50');
INSERT INTO `manufacturer` (`id`, `manufacturer`, `about_of`, `adress`, `created_at`, `updated_at`) VALUES (59, 'Volkman, Bahringer and O\'Keefe', 'Eaque officia delectus et non quod. Quos ea neque deleniti consequuntur quam nobis. Eos et ad rem vel eligendi cum. Quo illo vero vel eveniet laborum culpa enim.', '8915 Chester Ports Suite 654\nLaurafort, IN 74986-4858', '2020-07-01 11:02:25', '2020-04-19 02:32:17');
INSERT INTO `manufacturer` (`id`, `manufacturer`, `about_of`, `adress`, `created_at`, `updated_at`) VALUES (60, 'Kulas-Kreiger', 'Perferendis expedita itaque aperiam minima. Minus corrupti quia ipsum rerum. Placeat optio culpa neque accusantium quia sequi eum.', '4087 Jast Shoals\nWest Colin, AL 06211', '2020-03-23 01:04:39', '2020-03-26 09:16:11');
INSERT INTO `manufacturer` (`id`, `manufacturer`, `about_of`, `adress`, `created_at`, `updated_at`) VALUES (61, 'Keebler, Raynor and Howell', 'Quia quisquam architecto fugit et quos qui et voluptatem. Reiciendis sed temporibus porro voluptas incidunt. Natus repellat iste qui eum.', '4955 Lindsay Place\nPort Carrie, MN 05022', '2020-03-27 18:56:03', '2020-07-28 06:33:20');
INSERT INTO `manufacturer` (`id`, `manufacturer`, `about_of`, `adress`, `created_at`, `updated_at`) VALUES (62, 'Jenkins, Friesen and Sawayn', 'Nulla quas mollitia laborum voluptatem explicabo et nobis. Eos voluptas ea voluptate sunt. Soluta dolorem eligendi voluptatem corporis fuga.', '904 Javon Squares Apt. 318\nAshleeville, PA 40468-9689', '2020-08-01 06:42:49', '2019-11-01 12:51:25');
INSERT INTO `manufacturer` (`id`, `manufacturer`, `about_of`, `adress`, `created_at`, `updated_at`) VALUES (63, 'Krajcik-Jacobs', 'Tempore consectetur illo consequatur rem repellat doloribus. In in eius optio velit est et. Praesentium dolore aut aperiam omnis nemo.', '502 Hudson Courts\nNorth Elaina, DC 02360-4936', '2020-05-20 22:59:46', '2019-09-19 20:16:27');
INSERT INTO `manufacturer` (`id`, `manufacturer`, `about_of`, `adress`, `created_at`, `updated_at`) VALUES (64, 'Kozey Group', 'Eum qui sit rerum esse. Sit commodi sapiente sit ex distinctio tempora maiores facere. Enim qui officia rem nemo aliquam.', '091 Easton Points\nNew Kevonside, KY 40160', '2020-08-08 03:57:37', '2020-05-11 00:54:49');
INSERT INTO `manufacturer` (`id`, `manufacturer`, `about_of`, `adress`, `created_at`, `updated_at`) VALUES (65, 'Halvorson, Langosh and Stracke', 'Accusantium ducimus dolore et vitae aliquam eum. Nihil maiores quo consectetur voluptas minima. Nemo nostrum aut minus. Similique et vitae et.', '269 Hyatt Drives\nRyleyland, MO 84046-4164', '2019-09-12 23:59:37', '2020-06-21 22:53:03');
INSERT INTO `manufacturer` (`id`, `manufacturer`, `about_of`, `adress`, `created_at`, `updated_at`) VALUES (66, 'Reynolds-Mante', 'Est iure autem quo facilis sit. Aliquid recusandae alias rem nisi cupiditate quo recusandae eum. Inventore quasi qui optio perspiciatis harum et quisquam.', '9723 Frami Springs Suite 320\nSouth Leannaton, NY 68307', '2019-09-08 17:38:27', '2019-09-04 23:32:16');
INSERT INTO `manufacturer` (`id`, `manufacturer`, `about_of`, `adress`, `created_at`, `updated_at`) VALUES (67, 'Hermann, Feeney and Haley', 'Adipisci eos nemo quasi rerum esse. Alias at impedit aut. Labore laudantium provident vero.', '05007 Lia Cape\nPort Isobelfort, KS 55292-8376', '2019-09-22 02:12:49', '2020-05-06 19:18:33');
INSERT INTO `manufacturer` (`id`, `manufacturer`, `about_of`, `adress`, `created_at`, `updated_at`) VALUES (68, 'Hayes, Runte and Daugherty', 'Corporis et beatae facilis sequi consequatur. Dolor explicabo esse et quod quia. Ut inventore at rerum iure ut cupiditate soluta.', '638 Kirlin Trafficway Apt. 852\nKleinchester, AK 74805', '2020-02-22 14:24:24', '2020-06-07 13:20:42');
INSERT INTO `manufacturer` (`id`, `manufacturer`, `about_of`, `adress`, `created_at`, `updated_at`) VALUES (69, 'Hilll, Smitham and Cassin', 'Sapiente laborum voluptas est quibusdam distinctio totam qui. Accusamus saepe quam ut aut sit et ullam. Quas qui dignissimos qui quibusdam ipsam. Magni ut quisquam numquam rerum eaque.', '068 Lockman Fort Apt. 338\nMarcelview, NV 17316-0475', '2019-11-18 13:00:30', '2020-03-09 18:23:56');
INSERT INTO `manufacturer` (`id`, `manufacturer`, `about_of`, `adress`, `created_at`, `updated_at`) VALUES (70, 'Mayert Inc', 'Veritatis vel sint minima voluptatem rem dolorem. Tenetur sit tempora placeat qui. Et aut est delectus.', '529 Anderson Station\nBoehmland, LA 65579-3279', '2020-05-23 14:47:57', '2020-01-07 06:09:51');
INSERT INTO `manufacturer` (`id`, `manufacturer`, `about_of`, `adress`, `created_at`, `updated_at`) VALUES (71, 'Beier-Spinka', 'Velit et illo laudantium. Et doloremque commodi praesentium qui. Fugit quasi omnis consequatur non.', '76824 O\'Hara Rest Apt. 875\nNorth Jasmin, ME 09989', '2020-08-14 01:51:06', '2020-06-17 14:38:40');
INSERT INTO `manufacturer` (`id`, `manufacturer`, `about_of`, `adress`, `created_at`, `updated_at`) VALUES (72, 'Macejkovic, Wehner and Conn', 'Voluptatem et cupiditate optio sed dolorem. Qui qui omnis omnis qui unde officiis. Libero consequuntur adipisci doloremque voluptas.', '9903 Karolann Flat\nEast Lavinia, VA 33594-0974', '2020-04-20 21:54:30', '2019-09-18 01:20:09');
INSERT INTO `manufacturer` (`id`, `manufacturer`, `about_of`, `adress`, `created_at`, `updated_at`) VALUES (73, 'Swaniawski-Herman', 'Aspernatur accusantium commodi nemo unde. Fugit possimus hic voluptas at. Vitae cum sapiente nesciunt atque numquam libero. Cumque placeat animi minus molestias voluptate voluptate atque laborum.', '55000 Sienna Streets\nAmiyahaven, AZ 82328', '2019-11-17 18:51:10', '2019-10-14 05:19:27');
INSERT INTO `manufacturer` (`id`, `manufacturer`, `about_of`, `adress`, `created_at`, `updated_at`) VALUES (74, 'Moore, Rolfson and Stamm', 'Est sed et quam laudantium nobis et. Vitae perferendis non minima ipsum totam. Odit ab id praesentium laborum nemo expedita sit. A et minus aut et necessitatibus.', '3301 Okuneva Ridge Apt. 398\nLake Laurettaview, SD 27789', '2020-05-08 00:23:59', '2019-11-09 15:23:36');
INSERT INTO `manufacturer` (`id`, `manufacturer`, `about_of`, `adress`, `created_at`, `updated_at`) VALUES (75, 'Spencer-Stroman', 'Aut voluptas et in sunt. Ea architecto nam suscipit in harum. Est suscipit omnis dolor molestias excepturi molestias totam reprehenderit. Dolores a error et in minima provident iure.', '208 Heidenreich Mount\nNew Estellaland, KS 54363-3106', '2020-07-16 00:07:00', '2020-01-17 07:04:05');
INSERT INTO `manufacturer` (`id`, `manufacturer`, `about_of`, `adress`, `created_at`, `updated_at`) VALUES (76, 'Goldner-Dibbert', 'Sed ipsam nemo nemo velit. Voluptatum iusto dolorem ipsa porro ex. Error at delectus harum voluptas et modi libero et. Esse est hic amet similique est.', '784 Vernice Bridge Suite 667\nLake Raymond, LA 22082-2089', '2020-06-26 11:19:44', '2020-04-19 16:11:28');
INSERT INTO `manufacturer` (`id`, `manufacturer`, `about_of`, `adress`, `created_at`, `updated_at`) VALUES (77, 'Pouros PLC', 'Dignissimos quia dolorem quia voluptatum. Suscipit eligendi ducimus eos ut deserunt. Enim dolor ut ullam iste.', '9288 Alivia Extensions Suite 409\nMcCulloughton, ID 71745', '2020-04-04 16:56:25', '2020-05-04 06:26:17');
INSERT INTO `manufacturer` (`id`, `manufacturer`, `about_of`, `adress`, `created_at`, `updated_at`) VALUES (78, 'Weissnat, Abbott and Douglas', 'Rerum omnis eos minima dicta nemo delectus nobis. Natus similique architecto quaerat tenetur laboriosam. Explicabo sunt nemo aliquam et. Optio ad aut nam qui blanditiis temporibus error dolore.', '401 Bradtke Rue Apt. 093\nKiannaland, PA 37271', '2020-08-16 11:08:47', '2020-02-04 05:16:01');
INSERT INTO `manufacturer` (`id`, `manufacturer`, `about_of`, `adress`, `created_at`, `updated_at`) VALUES (79, 'Welch Group', 'Aut non consequatur repellat consectetur tenetur vero vel. Ut id iure corporis consequatur libero omnis nemo. Consequatur quae a mollitia autem sed. Et et dolorum similique sint.', '31593 Kenny Gardens Suite 723\nPort Armandbury, KY 87884', '2019-09-16 18:41:19', '2020-07-30 22:08:47');
INSERT INTO `manufacturer` (`id`, `manufacturer`, `about_of`, `adress`, `created_at`, `updated_at`) VALUES (80, 'Kessler Group', 'Ut et aliquam ut et non saepe. At aut sunt dolor et ex. Aut cum officiis ut.', '254 Gisselle Isle Apt. 695\nDorcasstad, MI 16148', '2020-06-06 10:54:35', '2020-05-01 13:15:35');
INSERT INTO `manufacturer` (`id`, `manufacturer`, `about_of`, `adress`, `created_at`, `updated_at`) VALUES (81, 'Senger, Grant and Yundt', 'Vero ut quia aut quidem. Ut et quod iusto iure numquam enim cumque. Fugit unde itaque rerum doloremque aliquam temporibus error. Nam fugit non sunt deleniti quos vel et.', '27058 Lionel Courts\nBeahantown, NE 23377', '2020-05-24 09:17:34', '2019-12-01 23:22:23');
INSERT INTO `manufacturer` (`id`, `manufacturer`, `about_of`, `adress`, `created_at`, `updated_at`) VALUES (82, 'Weissnat, Brekke and Robel', 'Sint qui eligendi modi reprehenderit. Sed maiores itaque unde iusto. Laudantium suscipit omnis dicta ut. Voluptate facere facilis laudantium culpa aliquam autem aut dolor.', '490 Olson Mount Apt. 269\nWest Josefa, MT 63516', '2020-07-29 17:44:43', '2020-01-08 20:55:57');
INSERT INTO `manufacturer` (`id`, `manufacturer`, `about_of`, `adress`, `created_at`, `updated_at`) VALUES (83, 'Turner-Stamm', 'Nesciunt quam vitae nihil ducimus suscipit voluptate ea. Fugit quibusdam natus quia eaque amet. In autem minima ipsa maxime cum dolorem. Blanditiis reprehenderit veritatis dolor totam eaque modi.', '553 Kiera Vista\nKubstad, WI 93119-9146', '2020-04-22 21:51:28', '2020-08-07 08:13:32');
INSERT INTO `manufacturer` (`id`, `manufacturer`, `about_of`, `adress`, `created_at`, `updated_at`) VALUES (84, 'Kuhlman Inc', 'Ut vitae in enim doloremque sunt repellat. Aspernatur unde aut repellendus fuga incidunt. Eos sit voluptatem est numquam repellat. Hic error quia sint necessitatibus maxime enim.', '753 Alan Manor\nParisianview, CA 48809-7098', '2019-09-22 13:58:37', '2019-09-23 15:40:14');
INSERT INTO `manufacturer` (`id`, `manufacturer`, `about_of`, `adress`, `created_at`, `updated_at`) VALUES (85, 'Sawayn-Hayes', 'Eos et voluptatem minima dignissimos. Et est dolorum voluptatem ipsa. Sint quisquam iure enim. Architecto voluptatibus quod tempora itaque qui numquam itaque.', '2633 Samanta Rest\nRunolfssonside, MD 46001-8620', '2020-03-15 03:32:16', '2019-10-14 01:46:47');
INSERT INTO `manufacturer` (`id`, `manufacturer`, `about_of`, `adress`, `created_at`, `updated_at`) VALUES (86, 'Shields-Considine', 'Autem voluptas minus rerum ut laborum et et. Quis corrupti qui nemo dicta quos assumenda.\nId minus in id quia illum exercitationem. Rem at libero quod eius officiis quia.', '8612 Keshaun Tunnel Suite 271\nFritzburgh, IN 54689', '2019-12-27 09:55:38', '2020-06-11 17:00:56');
INSERT INTO `manufacturer` (`id`, `manufacturer`, `about_of`, `adress`, `created_at`, `updated_at`) VALUES (87, 'Rippin-Lebsack', 'Qui similique iusto qui illo est. Fugiat assumenda ipsum voluptatem vel illo voluptatibus. Perspiciatis aut soluta reprehenderit quas laborum cumque.', '618 Schuppe Corners\nBarrettview, NM 76761', '2020-02-09 02:49:38', '2019-11-02 16:16:06');
INSERT INTO `manufacturer` (`id`, `manufacturer`, `about_of`, `adress`, `created_at`, `updated_at`) VALUES (88, 'Pouros LLC', 'At voluptatem ut ea laborum dolorem impedit ea. Fugit ducimus ut aut sint dolore voluptatibus. Impedit laboriosam fugiat voluptatibus. Est officia quam ut similique voluptatem ut et.', '623 Sandra Cape\nHilpertfort, PA 45048', '2020-01-18 11:20:09', '2019-12-11 07:53:28');
INSERT INTO `manufacturer` (`id`, `manufacturer`, `about_of`, `adress`, `created_at`, `updated_at`) VALUES (89, 'Cruickshank Ltd', 'Commodi sit enim ab tenetur et omnis ducimus. Expedita autem qui magnam quisquam totam. Temporibus modi quod sed suscipit architecto corporis. Placeat est deserunt impedit nobis dolore sed quam.', '8591 Kay Plaza\nNorth Cruzborough, IN 54128-5179', '2020-06-25 08:42:06', '2020-03-30 00:17:53');
INSERT INTO `manufacturer` (`id`, `manufacturer`, `about_of`, `adress`, `created_at`, `updated_at`) VALUES (90, 'Hagenes, Schowalter and Conroy', 'Suscipit iste non quaerat voluptas dicta qui illum. Quo enim temporibus quia maiores quis. Nobis veritatis itaque doloremque perspiciatis.', '7168 Predovic Ramp\nNorth Christopchester, WY 23362-2638', '2020-02-29 13:07:27', '2019-11-15 17:34:15');
INSERT INTO `manufacturer` (`id`, `manufacturer`, `about_of`, `adress`, `created_at`, `updated_at`) VALUES (91, 'Schinner Inc', 'Enim est iure facilis nobis quam occaecati. Doloribus dolor qui et omnis aut similique. Commodi fuga excepturi modi autem. Et et eos quos commodi atque placeat mollitia.', '136 Grant Lake\nPurdyport, MI 55499-9714', '2020-01-24 01:33:48', '2019-09-23 10:10:31');
INSERT INTO `manufacturer` (`id`, `manufacturer`, `about_of`, `adress`, `created_at`, `updated_at`) VALUES (92, 'Okuneva, Gleason and Kshlerin', 'Earum facere fugit magni tempora odit. Dolores ad ad molestias eveniet dignissimos. Deleniti unde dolores quo dolorem porro dolorum. Inventore veniam recusandae hic alias.', '39951 Erin Meadows\nMaetown, OK 85613-2419', '2019-11-20 00:32:06', '2020-02-19 05:11:07');
INSERT INTO `manufacturer` (`id`, `manufacturer`, `about_of`, `adress`, `created_at`, `updated_at`) VALUES (93, 'Stoltenberg-Greenfelder', 'Dolores et vel id recusandae asperiores totam. Ut dignissimos dolores et aspernatur. Vero omnis aspernatur exercitationem ad necessitatibus quia.', '555 Orn Mountain Apt. 291\nSouth Ciarachester, CT 39757', '2019-10-03 20:19:30', '2019-11-14 11:25:21');
INSERT INTO `manufacturer` (`id`, `manufacturer`, `about_of`, `adress`, `created_at`, `updated_at`) VALUES (94, 'Bins PLC', 'Iure fugit repellat assumenda voluptas et nemo. Est est omnis omnis consequatur laborum. Officiis et magni ut est. Eum nobis asperiores beatae.', '647 Hegmann Throughway Apt. 055\nJeromyburgh, VA 32619', '2019-09-23 11:05:28', '2020-03-10 04:16:07');
INSERT INTO `manufacturer` (`id`, `manufacturer`, `about_of`, `adress`, `created_at`, `updated_at`) VALUES (95, 'Bins Ltd', 'Sed voluptatem aut aut et sit. Culpa veniam unde voluptatem dolor. Nesciunt voluptatem quo similique ullam non placeat.', '3854 Lewis Isle\nNew Brockmouth, CO 63822', '2020-02-27 09:16:51', '2020-08-21 10:09:27');
INSERT INTO `manufacturer` (`id`, `manufacturer`, `about_of`, `adress`, `created_at`, `updated_at`) VALUES (96, 'Kilback-Rutherford', 'Ut molestias in voluptatibus fugiat. Deserunt et voluptatem incidunt. Et error tempore ad quae voluptatum.', '642 Raina Union\nLake Pearlineville, MA 82902-9303', '2020-01-20 09:22:57', '2020-06-22 15:19:41');
INSERT INTO `manufacturer` (`id`, `manufacturer`, `about_of`, `adress`, `created_at`, `updated_at`) VALUES (97, 'Torp-Rippin', 'Eligendi labore vel minus et voluptas. Vel sed minus vitae dolor. Dolorem aut consequatur id et eaque quidem sint amet. Dignissimos veniam est aut eius quis.', '39093 Abshire Extension\nGrantview, WI 46405-1741', '2020-08-20 02:49:52', '2020-04-11 15:14:32');
INSERT INTO `manufacturer` (`id`, `manufacturer`, `about_of`, `adress`, `created_at`, `updated_at`) VALUES (98, 'Gutmann Group', 'Placeat consequuntur ut mollitia sed omnis corrupti corrupti est. Vitae reprehenderit nulla sed non ab. Iusto voluptas iure voluptatibus nam blanditiis molestiae.', '108 Brisa Fords Apt. 820\nCartermouth, DC 69506-4879', '2019-12-10 07:09:11', '2019-09-08 15:44:43');
INSERT INTO `manufacturer` (`id`, `manufacturer`, `about_of`, `adress`, `created_at`, `updated_at`) VALUES (99, 'Runolfsdottir-Gleason', 'Totam minus sed voluptatem fugit. Ab cum voluptate deleniti. Perspiciatis illo veritatis dolorem incidunt beatae cupiditate natus.', '661 Williamson Prairie Apt. 018\nJoeyville, FL 86246', '2020-02-25 11:24:29', '2019-10-23 09:48:25');
INSERT INTO `manufacturer` (`id`, `manufacturer`, `about_of`, `adress`, `created_at`, `updated_at`) VALUES (100, 'Haley PLC', 'Eveniet aliquid sunt quidem iusto molestiae. Iste aut illum non non illum occaecati voluptas. Omnis quidem recusandae est perspiciatis numquam iusto esse veniam.', '902 Anderson Lodge Suite 283\nDarrenhaven, PA 09635-5104', '2020-04-06 04:10:58', '2020-07-28 06:00:41');


#
# TABLE STRUCTURE FOR: orders
#

DROP TABLE IF EXISTS `orders`;

CREATE TABLE `orders` (
  `id` int(10) unsigned NOT NULL AUTO_INCREMENT COMMENT 'Идентификатор строки',
  `buyer_id` int(10) unsigned NOT NULL COMMENT 'Ссылка на покупателя',
  `order_sum` float unsigned NOT NULL COMMENT 'Сумма заказа',
  `created_at` datetime DEFAULT current_timestamp() COMMENT 'Время создания строки',
  `updated_at` datetime DEFAULT current_timestamp() ON UPDATE current_timestamp() COMMENT 'Время обновления строки',
  PRIMARY KEY (`id`)
) ENGINE=InnoDB AUTO_INCREMENT=101 DEFAULT CHARSET=utf8 COLLATE=utf8_unicode_ci COMMENT='Заказы';

INSERT INTO `orders` (`id`, `buyer_id`, `order_sum`, `created_at`, `updated_at`) VALUES (1, 1, '3.8', '2019-09-18 23:05:21', '2019-11-04 05:16:20');
INSERT INTO `orders` (`id`, `buyer_id`, `order_sum`, `created_at`, `updated_at`) VALUES (2, 2, '14.2708', '2019-10-26 01:00:12', '2019-11-27 02:50:18');
INSERT INTO `orders` (`id`, `buyer_id`, `order_sum`, `created_at`, `updated_at`) VALUES (3, 3, '5947.67', '2019-12-28 22:47:16', '2020-03-08 15:58:39');
INSERT INTO `orders` (`id`, `buyer_id`, `order_sum`, `created_at`, `updated_at`) VALUES (4, 4, '6170.61', '2020-01-01 07:11:27', '2020-02-02 05:42:02');
INSERT INTO `orders` (`id`, `buyer_id`, `order_sum`, `created_at`, `updated_at`) VALUES (5, 5, '41284200', '2020-07-08 21:49:15', '2019-10-18 22:23:44');
INSERT INTO `orders` (`id`, `buyer_id`, `order_sum`, `created_at`, `updated_at`) VALUES (6, 6, '46823.9', '2020-02-12 07:13:49', '2020-07-07 08:27:53');
INSERT INTO `orders` (`id`, `buyer_id`, `order_sum`, `created_at`, `updated_at`) VALUES (7, 7, '182321000', '2020-03-22 08:17:28', '2019-09-04 21:02:54');
INSERT INTO `orders` (`id`, `buyer_id`, `order_sum`, `created_at`, `updated_at`) VALUES (8, 8, '148.214', '2020-07-20 17:15:22', '2020-07-02 15:41:10');
INSERT INTO `orders` (`id`, `buyer_id`, `order_sum`, `created_at`, `updated_at`) VALUES (9, 9, '0', '2020-02-06 02:40:15', '2020-08-15 22:32:21');
INSERT INTO `orders` (`id`, `buyer_id`, `order_sum`, `created_at`, `updated_at`) VALUES (10, 10, '3037.88', '2019-10-17 22:15:40', '2020-01-19 20:32:02');
INSERT INTO `orders` (`id`, `buyer_id`, `order_sum`, `created_at`, `updated_at`) VALUES (11, 11, '17974', '2019-10-25 07:48:32', '2020-03-05 09:00:51');
INSERT INTO `orders` (`id`, `buyer_id`, `order_sum`, `created_at`, `updated_at`) VALUES (12, 12, '286779000', '2020-06-28 10:53:39', '2020-07-01 13:00:21');
INSERT INTO `orders` (`id`, `buyer_id`, `order_sum`, `created_at`, `updated_at`) VALUES (13, 13, '1497.11', '2020-02-22 08:16:32', '2020-08-25 17:30:43');
INSERT INTO `orders` (`id`, `buyer_id`, `order_sum`, `created_at`, `updated_at`) VALUES (14, 14, '10.7', '2020-06-18 08:11:54', '2020-06-05 22:39:01');
INSERT INTO `orders` (`id`, `buyer_id`, `order_sum`, `created_at`, `updated_at`) VALUES (15, 15, '39.84', '2020-03-11 04:32:16', '2019-11-03 20:24:55');
INSERT INTO `orders` (`id`, `buyer_id`, `order_sum`, `created_at`, `updated_at`) VALUES (16, 16, '328.06', '2019-10-04 23:53:59', '2019-10-30 00:53:35');
INSERT INTO `orders` (`id`, `buyer_id`, `order_sum`, `created_at`, `updated_at`) VALUES (17, 17, '59172200', '2020-05-11 04:47:29', '2020-05-22 18:45:06');
INSERT INTO `orders` (`id`, `buyer_id`, `order_sum`, `created_at`, `updated_at`) VALUES (18, 18, '0', '2019-12-12 04:55:36', '2020-04-17 01:53:56');
INSERT INTO `orders` (`id`, `buyer_id`, `order_sum`, `created_at`, `updated_at`) VALUES (19, 19, '0.115375', '2020-05-25 17:53:37', '2020-06-05 22:24:30');
INSERT INTO `orders` (`id`, `buyer_id`, `order_sum`, `created_at`, `updated_at`) VALUES (20, 20, '572027', '2020-02-27 06:08:24', '2020-07-26 12:45:24');
INSERT INTO `orders` (`id`, `buyer_id`, `order_sum`, `created_at`, `updated_at`) VALUES (21, 21, '0', '2020-01-17 21:04:32', '2019-09-14 15:58:49');
INSERT INTO `orders` (`id`, `buyer_id`, `order_sum`, `created_at`, `updated_at`) VALUES (22, 22, '0', '2020-01-25 01:58:11', '2019-10-01 08:33:38');
INSERT INTO `orders` (`id`, `buyer_id`, `order_sum`, `created_at`, `updated_at`) VALUES (23, 23, '558535', '2020-01-25 07:19:47', '2020-07-11 07:35:26');
INSERT INTO `orders` (`id`, `buyer_id`, `order_sum`, `created_at`, `updated_at`) VALUES (24, 24, '1.44', '2019-09-02 21:22:06', '2020-03-04 11:14:02');
INSERT INTO `orders` (`id`, `buyer_id`, `order_sum`, `created_at`, `updated_at`) VALUES (25, 25, '20909.1', '2019-11-10 08:32:35', '2020-04-22 16:28:05');
INSERT INTO `orders` (`id`, `buyer_id`, `order_sum`, `created_at`, `updated_at`) VALUES (26, 26, '765520000', '2019-11-23 06:47:28', '2019-09-08 21:04:26');
INSERT INTO `orders` (`id`, `buyer_id`, `order_sum`, `created_at`, `updated_at`) VALUES (27, 27, '3896210', '2020-03-05 20:50:55', '2020-05-31 13:34:42');
INSERT INTO `orders` (`id`, `buyer_id`, `order_sum`, `created_at`, `updated_at`) VALUES (28, 28, '784.776', '2019-10-21 06:57:51', '2019-11-24 01:28:12');
INSERT INTO `orders` (`id`, `buyer_id`, `order_sum`, `created_at`, `updated_at`) VALUES (29, 29, '174539', '2020-08-17 16:25:26', '2019-10-17 07:36:21');
INSERT INTO `orders` (`id`, `buyer_id`, `order_sum`, `created_at`, `updated_at`) VALUES (30, 30, '64151', '2020-06-03 05:29:51', '2020-08-02 14:29:48');
INSERT INTO `orders` (`id`, `buyer_id`, `order_sum`, `created_at`, `updated_at`) VALUES (31, 31, '3442910', '2020-02-05 23:47:01', '2020-02-13 23:12:14');
INSERT INTO `orders` (`id`, `buyer_id`, `order_sum`, `created_at`, `updated_at`) VALUES (32, 32, '1173420', '2020-03-30 04:10:34', '2020-02-29 17:02:04');
INSERT INTO `orders` (`id`, `buyer_id`, `order_sum`, `created_at`, `updated_at`) VALUES (33, 33, '17.2', '2020-05-24 20:44:41', '2019-10-08 00:10:35');
INSERT INTO `orders` (`id`, `buyer_id`, `order_sum`, `created_at`, `updated_at`) VALUES (34, 34, '107.558', '2019-12-20 05:21:44', '2020-08-27 16:33:54');
INSERT INTO `orders` (`id`, `buyer_id`, `order_sum`, `created_at`, `updated_at`) VALUES (35, 35, '65261200', '2020-01-19 02:26:37', '2019-10-11 02:01:59');
INSERT INTO `orders` (`id`, `buyer_id`, `order_sum`, `created_at`, `updated_at`) VALUES (36, 36, '190.9', '2019-12-15 16:31:15', '2020-02-10 18:07:14');
INSERT INTO `orders` (`id`, `buyer_id`, `order_sum`, `created_at`, `updated_at`) VALUES (37, 37, '6.103', '2020-04-27 04:32:13', '2020-05-31 14:29:03');
INSERT INTO `orders` (`id`, `buyer_id`, `order_sum`, `created_at`, `updated_at`) VALUES (38, 38, '3.067', '2020-04-23 13:40:39', '2020-06-12 08:10:33');
INSERT INTO `orders` (`id`, `buyer_id`, `order_sum`, `created_at`, `updated_at`) VALUES (39, 39, '0', '2020-08-16 23:40:37', '2019-10-26 14:15:30');
INSERT INTO `orders` (`id`, `buyer_id`, `order_sum`, `created_at`, `updated_at`) VALUES (40, 40, '17652', '2020-05-08 23:42:52', '2020-06-03 20:57:29');
INSERT INTO `orders` (`id`, `buyer_id`, `order_sum`, `created_at`, `updated_at`) VALUES (41, 41, '8409.07', '2019-11-02 22:32:02', '2020-08-17 05:03:01');
INSERT INTO `orders` (`id`, `buyer_id`, `order_sum`, `created_at`, `updated_at`) VALUES (42, 42, '1.56468', '2020-02-08 11:35:47', '2020-01-26 14:11:19');
INSERT INTO `orders` (`id`, `buyer_id`, `order_sum`, `created_at`, `updated_at`) VALUES (43, 43, '453490', '2019-12-15 00:37:54', '2020-02-06 14:50:59');
INSERT INTO `orders` (`id`, `buyer_id`, `order_sum`, `created_at`, `updated_at`) VALUES (44, 44, '130801', '2020-03-20 19:17:13', '2019-12-27 22:18:56');
INSERT INTO `orders` (`id`, `buyer_id`, `order_sum`, `created_at`, `updated_at`) VALUES (45, 45, '0', '2020-01-31 17:12:18', '2020-08-20 13:08:38');
INSERT INTO `orders` (`id`, `buyer_id`, `order_sum`, `created_at`, `updated_at`) VALUES (46, 46, '5.7107', '2020-06-06 18:04:14', '2020-03-07 12:42:42');
INSERT INTO `orders` (`id`, `buyer_id`, `order_sum`, `created_at`, `updated_at`) VALUES (47, 47, '767712', '2020-06-14 11:01:29', '2020-06-26 17:24:55');
INSERT INTO `orders` (`id`, `buyer_id`, `order_sum`, `created_at`, `updated_at`) VALUES (48, 48, '3887.34', '2020-05-30 19:23:43', '2020-02-11 09:00:23');
INSERT INTO `orders` (`id`, `buyer_id`, `order_sum`, `created_at`, `updated_at`) VALUES (49, 49, '23049.8', '2019-12-21 07:43:17', '2020-05-28 19:15:18');
INSERT INTO `orders` (`id`, `buyer_id`, `order_sum`, `created_at`, `updated_at`) VALUES (50, 50, '3475.81', '2020-06-14 14:24:20', '2020-05-11 09:36:54');
INSERT INTO `orders` (`id`, `buyer_id`, `order_sum`, `created_at`, `updated_at`) VALUES (51, 51, '59846.8', '2020-05-30 12:03:34', '2020-08-30 13:15:45');
INSERT INTO `orders` (`id`, `buyer_id`, `order_sum`, `created_at`, `updated_at`) VALUES (52, 52, '0', '2019-09-01 05:45:34', '2019-11-10 01:27:58');
INSERT INTO `orders` (`id`, `buyer_id`, `order_sum`, `created_at`, `updated_at`) VALUES (53, 53, '4254.58', '2020-03-22 08:29:50', '2020-06-07 12:07:25');
INSERT INTO `orders` (`id`, `buyer_id`, `order_sum`, `created_at`, `updated_at`) VALUES (54, 54, '0', '2019-10-26 00:44:32', '2019-12-09 05:10:11');
INSERT INTO `orders` (`id`, `buyer_id`, `order_sum`, `created_at`, `updated_at`) VALUES (55, 55, '76990700', '2020-07-28 15:15:49', '2020-02-21 19:05:44');
INSERT INTO `orders` (`id`, `buyer_id`, `order_sum`, `created_at`, `updated_at`) VALUES (56, 56, '1388920', '2020-08-26 23:25:13', '2020-01-31 19:57:29');
INSERT INTO `orders` (`id`, `buyer_id`, `order_sum`, `created_at`, `updated_at`) VALUES (57, 57, '1173', '2020-02-23 23:24:39', '2020-01-19 08:02:46');
INSERT INTO `orders` (`id`, `buyer_id`, `order_sum`, `created_at`, `updated_at`) VALUES (58, 58, '55190', '2020-06-09 19:39:40', '2019-09-22 23:06:07');
INSERT INTO `orders` (`id`, `buyer_id`, `order_sum`, `created_at`, `updated_at`) VALUES (59, 59, '4675430', '2019-10-10 06:04:30', '2020-08-28 06:29:27');
INSERT INTO `orders` (`id`, `buyer_id`, `order_sum`, `created_at`, `updated_at`) VALUES (60, 60, '9708.87', '2020-08-17 23:29:40', '2020-08-08 10:53:31');
INSERT INTO `orders` (`id`, `buyer_id`, `order_sum`, `created_at`, `updated_at`) VALUES (61, 61, '4.37605', '2020-07-05 17:12:29', '2020-06-08 06:43:16');
INSERT INTO `orders` (`id`, `buyer_id`, `order_sum`, `created_at`, `updated_at`) VALUES (62, 62, '0', '2020-05-11 22:28:24', '2019-12-04 08:37:58');
INSERT INTO `orders` (`id`, `buyer_id`, `order_sum`, `created_at`, `updated_at`) VALUES (63, 63, '40', '2019-12-04 19:52:42', '2019-11-17 18:45:02');
INSERT INTO `orders` (`id`, `buyer_id`, `order_sum`, `created_at`, `updated_at`) VALUES (64, 64, '0', '2019-09-04 05:32:48', '2020-02-11 18:49:27');
INSERT INTO `orders` (`id`, `buyer_id`, `order_sum`, `created_at`, `updated_at`) VALUES (65, 65, '262.249', '2019-11-10 05:27:29', '2020-03-14 13:01:07');
INSERT INTO `orders` (`id`, `buyer_id`, `order_sum`, `created_at`, `updated_at`) VALUES (66, 66, '1500.63', '2020-01-12 05:45:38', '2019-09-20 02:53:48');
INSERT INTO `orders` (`id`, `buyer_id`, `order_sum`, `created_at`, `updated_at`) VALUES (67, 67, '44446600', '2019-11-24 22:04:29', '2020-01-03 21:57:42');
INSERT INTO `orders` (`id`, `buyer_id`, `order_sum`, `created_at`, `updated_at`) VALUES (68, 68, '33.7552', '2020-01-07 23:35:48', '2020-05-18 14:03:08');
INSERT INTO `orders` (`id`, `buyer_id`, `order_sum`, `created_at`, `updated_at`) VALUES (69, 69, '2484860', '2020-08-06 08:56:19', '2020-01-20 19:31:13');
INSERT INTO `orders` (`id`, `buyer_id`, `order_sum`, `created_at`, `updated_at`) VALUES (70, 70, '281.188', '2019-10-02 05:58:04', '2020-01-09 15:30:38');
INSERT INTO `orders` (`id`, `buyer_id`, `order_sum`, `created_at`, `updated_at`) VALUES (71, 71, '66193.1', '2019-12-10 22:11:15', '2019-10-21 00:35:10');
INSERT INTO `orders` (`id`, `buyer_id`, `order_sum`, `created_at`, `updated_at`) VALUES (72, 72, '5502.75', '2020-01-14 09:04:59', '2020-08-14 21:46:23');
INSERT INTO `orders` (`id`, `buyer_id`, `order_sum`, `created_at`, `updated_at`) VALUES (73, 73, '7.29852', '2019-09-03 10:37:45', '2020-08-07 15:18:29');
INSERT INTO `orders` (`id`, `buyer_id`, `order_sum`, `created_at`, `updated_at`) VALUES (74, 74, '1.52884', '2020-06-11 23:23:32', '2020-03-08 17:31:38');
INSERT INTO `orders` (`id`, `buyer_id`, `order_sum`, `created_at`, `updated_at`) VALUES (75, 75, '1194', '2020-02-10 20:51:01', '2019-09-07 19:37:40');
INSERT INTO `orders` (`id`, `buyer_id`, `order_sum`, `created_at`, `updated_at`) VALUES (76, 76, '12250700', '2020-03-12 11:54:07', '2020-05-26 01:11:00');
INSERT INTO `orders` (`id`, `buyer_id`, `order_sum`, `created_at`, `updated_at`) VALUES (77, 77, '0', '2020-04-18 18:01:10', '2020-05-27 01:46:18');
INSERT INTO `orders` (`id`, `buyer_id`, `order_sum`, `created_at`, `updated_at`) VALUES (78, 78, '5839070', '2019-09-01 02:49:49', '2019-11-04 19:58:03');
INSERT INTO `orders` (`id`, `buyer_id`, `order_sum`, `created_at`, `updated_at`) VALUES (79, 79, '308830', '2020-06-22 09:24:34', '2020-01-08 20:55:58');
INSERT INTO `orders` (`id`, `buyer_id`, `order_sum`, `created_at`, `updated_at`) VALUES (80, 80, '389496', '2020-05-21 05:45:59', '2020-07-05 12:20:38');
INSERT INTO `orders` (`id`, `buyer_id`, `order_sum`, `created_at`, `updated_at`) VALUES (81, 81, '4340120', '2020-06-20 18:54:07', '2020-08-30 22:26:24');
INSERT INTO `orders` (`id`, `buyer_id`, `order_sum`, `created_at`, `updated_at`) VALUES (82, 82, '1183640', '2020-01-25 07:03:36', '2020-05-25 00:57:44');
INSERT INTO `orders` (`id`, `buyer_id`, `order_sum`, `created_at`, `updated_at`) VALUES (83, 83, '798.147', '2020-02-20 17:53:25', '2020-03-17 16:25:10');
INSERT INTO `orders` (`id`, `buyer_id`, `order_sum`, `created_at`, `updated_at`) VALUES (84, 84, '361708', '2020-08-17 00:24:08', '2020-03-19 06:07:12');
INSERT INTO `orders` (`id`, `buyer_id`, `order_sum`, `created_at`, `updated_at`) VALUES (85, 85, '0', '2020-06-12 13:45:25', '2020-07-10 17:54:02');
INSERT INTO `orders` (`id`, `buyer_id`, `order_sum`, `created_at`, `updated_at`) VALUES (86, 86, '5.4', '2019-11-18 15:09:40', '2019-11-25 00:13:20');
INSERT INTO `orders` (`id`, `buyer_id`, `order_sum`, `created_at`, `updated_at`) VALUES (87, 87, '734186', '2020-01-08 21:09:36', '2020-08-22 14:40:33');
INSERT INTO `orders` (`id`, `buyer_id`, `order_sum`, `created_at`, `updated_at`) VALUES (88, 88, '1.9096', '2020-03-29 11:35:58', '2019-10-26 18:14:40');
INSERT INTO `orders` (`id`, `buyer_id`, `order_sum`, `created_at`, `updated_at`) VALUES (89, 89, '5531420', '2019-09-29 02:44:29', '2020-08-28 12:23:29');
INSERT INTO `orders` (`id`, `buyer_id`, `order_sum`, `created_at`, `updated_at`) VALUES (90, 90, '45341500', '2019-11-27 10:20:23', '2020-04-03 07:34:07');
INSERT INTO `orders` (`id`, `buyer_id`, `order_sum`, `created_at`, `updated_at`) VALUES (91, 91, '29068.8', '2020-04-14 05:55:03', '2020-07-12 20:14:15');
INSERT INTO `orders` (`id`, `buyer_id`, `order_sum`, `created_at`, `updated_at`) VALUES (92, 92, '8.89731', '2020-04-23 10:22:51', '2019-09-19 17:08:55');
INSERT INTO `orders` (`id`, `buyer_id`, `order_sum`, `created_at`, `updated_at`) VALUES (93, 93, '187375', '2020-06-12 12:10:58', '2020-01-29 05:17:52');
INSERT INTO `orders` (`id`, `buyer_id`, `order_sum`, `created_at`, `updated_at`) VALUES (94, 94, '1354.04', '2020-05-28 14:49:06', '2019-11-12 05:54:51');
INSERT INTO `orders` (`id`, `buyer_id`, `order_sum`, `created_at`, `updated_at`) VALUES (95, 95, '339186', '2019-12-18 14:54:31', '2020-08-19 23:05:20');
INSERT INTO `orders` (`id`, `buyer_id`, `order_sum`, `created_at`, `updated_at`) VALUES (96, 96, '349645000', '2019-12-19 06:47:41', '2020-08-31 08:38:41');
INSERT INTO `orders` (`id`, `buyer_id`, `order_sum`, `created_at`, `updated_at`) VALUES (97, 97, '4.42269', '2020-07-30 01:08:52', '2019-10-19 20:02:07');
INSERT INTO `orders` (`id`, `buyer_id`, `order_sum`, `created_at`, `updated_at`) VALUES (98, 98, '0', '2020-01-13 20:33:03', '2020-03-12 15:01:24');
INSERT INTO `orders` (`id`, `buyer_id`, `order_sum`, `created_at`, `updated_at`) VALUES (99, 99, '30654.5', '2020-03-21 05:54:22', '2020-06-15 11:50:51');
INSERT INTO `orders` (`id`, `buyer_id`, `order_sum`, `created_at`, `updated_at`) VALUES (100, 100, '48670900', '2020-02-24 18:40:34', '2019-12-08 06:54:51');


#
# TABLE STRUCTURE FOR: orders_autopart
#

DROP TABLE IF EXISTS `orders_autopart`;

CREATE TABLE `orders_autopart` (
  `order_id` int(10) unsigned NOT NULL COMMENT 'Ссылка на заказ',
  `autopart_id` int(10) unsigned NOT NULL COMMENT 'Ссылка на автозапчасть',
  `count_autopart` int(10) unsigned NOT NULL COMMENT 'Кол-во автозапчастей',
  `created_at` datetime DEFAULT current_timestamp() COMMENT 'Время создания строки',
  PRIMARY KEY (`order_id`,`autopart_id`) COMMENT 'Составной первичный ключ'
) ENGINE=InnoDB DEFAULT CHARSET=utf8 COLLATE=utf8_unicode_ci COMMENT='Автозапчасти, вошедшие в заказ. Связь между заказом и автозапчастями';

INSERT INTO `orders_autopart` (`order_id`, `autopart_id`, `count_autopart`, `created_at`) VALUES (1, 1, 4, '2020-07-17 20:44:09');
INSERT INTO `orders_autopart` (`order_id`, `autopart_id`, `count_autopart`, `created_at`) VALUES (1, 101, 719255578, '2019-09-25 09:50:27');
INSERT INTO `orders_autopart` (`order_id`, `autopart_id`, `count_autopart`, `created_at`) VALUES (2, 2, 53164459, '2020-02-24 00:50:00');
INSERT INTO `orders_autopart` (`order_id`, `autopart_id`, `count_autopart`, `created_at`) VALUES (2, 102, 0, '2020-07-16 04:55:56');
INSERT INTO `orders_autopart` (`order_id`, `autopart_id`, `count_autopart`, `created_at`) VALUES (3, 3, 756616, '2020-08-18 09:00:42');
INSERT INTO `orders_autopart` (`order_id`, `autopart_id`, `count_autopart`, `created_at`) VALUES (3, 103, 1, '2020-08-13 10:51:55');
INSERT INTO `orders_autopart` (`order_id`, `autopart_id`, `count_autopart`, `created_at`) VALUES (4, 4, 71, '2020-03-26 11:26:00');
INSERT INTO `orders_autopart` (`order_id`, `autopart_id`, `count_autopart`, `created_at`) VALUES (4, 104, 14910780, '2020-08-08 18:11:25');
INSERT INTO `orders_autopart` (`order_id`, `autopart_id`, `count_autopart`, `created_at`) VALUES (5, 5, 6, '2019-12-29 14:21:11');
INSERT INTO `orders_autopart` (`order_id`, `autopart_id`, `count_autopart`, `created_at`) VALUES (5, 105, 7874, '2020-08-08 05:58:56');
INSERT INTO `orders_autopart` (`order_id`, `autopart_id`, `count_autopart`, `created_at`) VALUES (6, 6, 5, '2019-11-01 18:12:59');
INSERT INTO `orders_autopart` (`order_id`, `autopart_id`, `count_autopart`, `created_at`) VALUES (6, 106, 87, '2020-06-16 18:38:02');
INSERT INTO `orders_autopart` (`order_id`, `autopart_id`, `count_autopart`, `created_at`) VALUES (7, 7, 969188, '2020-02-17 02:04:11');
INSERT INTO `orders_autopart` (`order_id`, `autopart_id`, `count_autopart`, `created_at`) VALUES (7, 107, 899, '2020-05-01 01:13:09');
INSERT INTO `orders_autopart` (`order_id`, `autopart_id`, `count_autopart`, `created_at`) VALUES (8, 8, 5806076, '2019-12-12 17:01:43');
INSERT INTO `orders_autopart` (`order_id`, `autopart_id`, `count_autopart`, `created_at`) VALUES (8, 108, 3418, '2019-11-08 08:28:00');
INSERT INTO `orders_autopart` (`order_id`, `autopart_id`, `count_autopart`, `created_at`) VALUES (9, 9, 815509398, '2020-08-15 03:51:52');
INSERT INTO `orders_autopart` (`order_id`, `autopart_id`, `count_autopart`, `created_at`) VALUES (9, 109, 6, '2019-11-20 18:05:07');
INSERT INTO `orders_autopart` (`order_id`, `autopart_id`, `count_autopart`, `created_at`) VALUES (10, 10, 598457052, '2020-08-29 23:29:45');
INSERT INTO `orders_autopart` (`order_id`, `autopart_id`, `count_autopart`, `created_at`) VALUES (10, 110, 5, '2020-03-19 04:17:26');
INSERT INTO `orders_autopart` (`order_id`, `autopart_id`, `count_autopart`, `created_at`) VALUES (11, 11, 2, '2020-01-20 09:32:34');
INSERT INTO `orders_autopart` (`order_id`, `autopart_id`, `count_autopart`, `created_at`) VALUES (11, 111, 88, '2020-04-24 16:41:58');
INSERT INTO `orders_autopart` (`order_id`, `autopart_id`, `count_autopart`, `created_at`) VALUES (12, 12, 6862, '2020-02-11 00:02:40');
INSERT INTO `orders_autopart` (`order_id`, `autopart_id`, `count_autopart`, `created_at`) VALUES (12, 112, 140687447, '2020-01-20 12:26:49');
INSERT INTO `orders_autopart` (`order_id`, `autopart_id`, `count_autopart`, `created_at`) VALUES (13, 13, 0, '2020-08-24 10:28:32');
INSERT INTO `orders_autopart` (`order_id`, `autopart_id`, `count_autopart`, `created_at`) VALUES (13, 113, 91075035, '2020-07-13 20:56:39');
INSERT INTO `orders_autopart` (`order_id`, `autopart_id`, `count_autopart`, `created_at`) VALUES (14, 14, 8685, '2019-10-28 20:26:15');
INSERT INTO `orders_autopart` (`order_id`, `autopart_id`, `count_autopart`, `created_at`) VALUES (14, 114, 933, '2019-11-08 05:06:57');
INSERT INTO `orders_autopart` (`order_id`, `autopart_id`, `count_autopart`, `created_at`) VALUES (15, 15, 9, '2020-04-15 08:06:40');
INSERT INTO `orders_autopart` (`order_id`, `autopart_id`, `count_autopart`, `created_at`) VALUES (15, 115, 707917, '2020-04-21 13:28:46');
INSERT INTO `orders_autopart` (`order_id`, `autopart_id`, `count_autopart`, `created_at`) VALUES (16, 16, 998146, '2020-03-23 13:02:49');
INSERT INTO `orders_autopart` (`order_id`, `autopart_id`, `count_autopart`, `created_at`) VALUES (16, 116, 57853597, '2020-07-04 10:52:41');
INSERT INTO `orders_autopart` (`order_id`, `autopart_id`, `count_autopart`, `created_at`) VALUES (17, 17, 1, '2020-08-03 06:04:45');
INSERT INTO `orders_autopart` (`order_id`, `autopart_id`, `count_autopart`, `created_at`) VALUES (17, 117, 6499283, '2020-01-05 08:57:16');
INSERT INTO `orders_autopart` (`order_id`, `autopart_id`, `count_autopart`, `created_at`) VALUES (18, 18, 886757627, '2020-05-08 19:58:24');
INSERT INTO `orders_autopart` (`order_id`, `autopart_id`, `count_autopart`, `created_at`) VALUES (18, 118, 23794, '2019-12-26 10:13:37');
INSERT INTO `orders_autopart` (`order_id`, `autopart_id`, `count_autopart`, `created_at`) VALUES (19, 19, 0, '2020-07-29 11:51:23');
INSERT INTO `orders_autopart` (`order_id`, `autopart_id`, `count_autopart`, `created_at`) VALUES (19, 119, 525, '2020-04-18 12:27:09');
INSERT INTO `orders_autopart` (`order_id`, `autopart_id`, `count_autopart`, `created_at`) VALUES (20, 20, 73386, '2020-03-30 19:23:19');
INSERT INTO `orders_autopart` (`order_id`, `autopart_id`, `count_autopart`, `created_at`) VALUES (20, 120, 966526858, '2020-07-10 22:34:55');
INSERT INTO `orders_autopart` (`order_id`, `autopart_id`, `count_autopart`, `created_at`) VALUES (21, 21, 78, '2020-07-27 15:27:49');
INSERT INTO `orders_autopart` (`order_id`, `autopart_id`, `count_autopart`, `created_at`) VALUES (21, 121, 465, '2020-03-02 00:22:16');
INSERT INTO `orders_autopart` (`order_id`, `autopart_id`, `count_autopart`, `created_at`) VALUES (22, 22, 96225, '2019-10-21 21:19:33');
INSERT INTO `orders_autopart` (`order_id`, `autopart_id`, `count_autopart`, `created_at`) VALUES (22, 122, 0, '2019-10-19 16:03:41');
INSERT INTO `orders_autopart` (`order_id`, `autopart_id`, `count_autopart`, `created_at`) VALUES (23, 23, 8, '2020-02-16 16:22:33');
INSERT INTO `orders_autopart` (`order_id`, `autopart_id`, `count_autopart`, `created_at`) VALUES (23, 123, 33, '2020-07-26 04:09:13');
INSERT INTO `orders_autopart` (`order_id`, `autopart_id`, `count_autopart`, `created_at`) VALUES (24, 24, 0, '2020-05-23 00:04:16');
INSERT INTO `orders_autopart` (`order_id`, `autopart_id`, `count_autopart`, `created_at`) VALUES (24, 124, 219, '2020-06-11 14:44:25');
INSERT INTO `orders_autopart` (`order_id`, `autopart_id`, `count_autopart`, `created_at`) VALUES (25, 25, 74118052, '2020-04-25 05:04:10');
INSERT INTO `orders_autopart` (`order_id`, `autopart_id`, `count_autopart`, `created_at`) VALUES (25, 125, 6, '2019-09-03 18:30:49');
INSERT INTO `orders_autopart` (`order_id`, `autopart_id`, `count_autopart`, `created_at`) VALUES (26, 26, 7641, '2019-12-29 19:03:15');
INSERT INTO `orders_autopart` (`order_id`, `autopart_id`, `count_autopart`, `created_at`) VALUES (26, 126, 791, '2020-05-28 17:06:28');
INSERT INTO `orders_autopart` (`order_id`, `autopart_id`, `count_autopart`, `created_at`) VALUES (27, 27, 741880, '2019-09-13 05:34:02');
INSERT INTO `orders_autopart` (`order_id`, `autopart_id`, `count_autopart`, `created_at`) VALUES (27, 127, 227, '2020-01-04 16:14:27');
INSERT INTO `orders_autopart` (`order_id`, `autopart_id`, `count_autopart`, `created_at`) VALUES (28, 28, 60543, '2020-04-11 15:58:15');
INSERT INTO `orders_autopart` (`order_id`, `autopart_id`, `count_autopart`, `created_at`) VALUES (28, 128, 220, '2020-05-02 23:01:13');
INSERT INTO `orders_autopart` (`order_id`, `autopart_id`, `count_autopart`, `created_at`) VALUES (29, 29, 6228005, '2020-07-20 15:40:53');
INSERT INTO `orders_autopart` (`order_id`, `autopart_id`, `count_autopart`, `created_at`) VALUES (29, 129, 1, '2020-04-07 13:29:25');
INSERT INTO `orders_autopart` (`order_id`, `autopart_id`, `count_autopart`, `created_at`) VALUES (30, 30, 0, '2020-08-08 10:54:38');
INSERT INTO `orders_autopart` (`order_id`, `autopart_id`, `count_autopart`, `created_at`) VALUES (30, 130, 3, '2019-11-22 19:22:09');
INSERT INTO `orders_autopart` (`order_id`, `autopart_id`, `count_autopart`, `created_at`) VALUES (31, 31, 2, '2019-10-25 20:09:07');
INSERT INTO `orders_autopart` (`order_id`, `autopart_id`, `count_autopart`, `created_at`) VALUES (31, 131, 65, '2019-10-31 17:19:00');
INSERT INTO `orders_autopart` (`order_id`, `autopart_id`, `count_autopart`, `created_at`) VALUES (32, 32, 1602, '2020-07-08 11:25:37');
INSERT INTO `orders_autopart` (`order_id`, `autopart_id`, `count_autopart`, `created_at`) VALUES (32, 132, 409554778, '2019-12-21 12:57:05');
INSERT INTO `orders_autopart` (`order_id`, `autopart_id`, `count_autopart`, `created_at`) VALUES (33, 33, 201648, '2020-01-22 16:34:48');
INSERT INTO `orders_autopart` (`order_id`, `autopart_id`, `count_autopart`, `created_at`) VALUES (33, 133, 1341, '2019-10-04 16:45:19');
INSERT INTO `orders_autopart` (`order_id`, `autopart_id`, `count_autopart`, `created_at`) VALUES (34, 34, 98084, '2020-03-01 03:10:59');
INSERT INTO `orders_autopart` (`order_id`, `autopart_id`, `count_autopart`, `created_at`) VALUES (34, 134, 489255566, '2020-06-15 18:59:42');
INSERT INTO `orders_autopart` (`order_id`, `autopart_id`, `count_autopart`, `created_at`) VALUES (35, 35, 79, '2020-06-07 11:30:27');
INSERT INTO `orders_autopart` (`order_id`, `autopart_id`, `count_autopart`, `created_at`) VALUES (35, 135, 53, '2019-11-23 19:10:39');
INSERT INTO `orders_autopart` (`order_id`, `autopart_id`, `count_autopart`, `created_at`) VALUES (36, 36, 1707450, '2020-04-20 13:23:45');
INSERT INTO `orders_autopart` (`order_id`, `autopart_id`, `count_autopart`, `created_at`) VALUES (36, 136, 0, '2020-01-14 05:08:56');
INSERT INTO `orders_autopart` (`order_id`, `autopart_id`, `count_autopart`, `created_at`) VALUES (37, 37, 454818618, '2020-01-09 20:07:46');
INSERT INTO `orders_autopart` (`order_id`, `autopart_id`, `count_autopart`, `created_at`) VALUES (37, 137, 360, '2020-04-23 11:46:23');
INSERT INTO `orders_autopart` (`order_id`, `autopart_id`, `count_autopart`, `created_at`) VALUES (38, 38, 585802, '2020-02-03 07:51:12');
INSERT INTO `orders_autopart` (`order_id`, `autopart_id`, `count_autopart`, `created_at`) VALUES (38, 138, 0, '2020-05-03 05:22:22');
INSERT INTO `orders_autopart` (`order_id`, `autopart_id`, `count_autopart`, `created_at`) VALUES (39, 39, 423, '2019-10-30 10:01:12');
INSERT INTO `orders_autopart` (`order_id`, `autopart_id`, `count_autopart`, `created_at`) VALUES (39, 139, 4812143, '2019-09-28 05:59:35');
INSERT INTO `orders_autopart` (`order_id`, `autopart_id`, `count_autopart`, `created_at`) VALUES (40, 40, 31, '2019-09-18 06:36:19');
INSERT INTO `orders_autopart` (`order_id`, `autopart_id`, `count_autopart`, `created_at`) VALUES (40, 140, 71989, '2020-08-29 12:01:03');
INSERT INTO `orders_autopart` (`order_id`, `autopart_id`, `count_autopart`, `created_at`) VALUES (41, 41, 926670, '2020-02-11 20:26:24');
INSERT INTO `orders_autopart` (`order_id`, `autopart_id`, `count_autopart`, `created_at`) VALUES (41, 141, 53123375, '2019-12-31 23:51:39');
INSERT INTO `orders_autopart` (`order_id`, `autopart_id`, `count_autopart`, `created_at`) VALUES (42, 42, 21924, '2020-06-04 11:37:51');
INSERT INTO `orders_autopart` (`order_id`, `autopart_id`, `count_autopart`, `created_at`) VALUES (42, 142, 0, '2020-06-16 18:03:54');
INSERT INTO `orders_autopart` (`order_id`, `autopart_id`, `count_autopart`, `created_at`) VALUES (43, 43, 429559427, '2020-03-08 22:08:17');
INSERT INTO `orders_autopart` (`order_id`, `autopart_id`, `count_autopart`, `created_at`) VALUES (43, 143, 0, '2020-02-18 08:17:22');
INSERT INTO `orders_autopart` (`order_id`, `autopart_id`, `count_autopart`, `created_at`) VALUES (44, 44, 0, '2020-04-14 00:36:36');
INSERT INTO `orders_autopart` (`order_id`, `autopart_id`, `count_autopart`, `created_at`) VALUES (44, 144, 48, '2019-09-25 05:08:45');
INSERT INTO `orders_autopart` (`order_id`, `autopart_id`, `count_autopart`, `created_at`) VALUES (45, 45, 464976, '2019-12-17 10:20:52');
INSERT INTO `orders_autopart` (`order_id`, `autopart_id`, `count_autopart`, `created_at`) VALUES (45, 145, 30384708, '2020-03-21 09:52:56');
INSERT INTO `orders_autopart` (`order_id`, `autopart_id`, `count_autopart`, `created_at`) VALUES (46, 46, 52607, '2019-11-15 06:43:06');
INSERT INTO `orders_autopart` (`order_id`, `autopart_id`, `count_autopart`, `created_at`) VALUES (46, 146, 39150216, '2019-09-26 03:29:00');
INSERT INTO `orders_autopart` (`order_id`, `autopart_id`, `count_autopart`, `created_at`) VALUES (47, 47, 68480936, '2019-10-18 21:05:05');
INSERT INTO `orders_autopart` (`order_id`, `autopart_id`, `count_autopart`, `created_at`) VALUES (47, 147, 387968479, '2020-06-15 14:02:30');
INSERT INTO `orders_autopart` (`order_id`, `autopart_id`, `count_autopart`, `created_at`) VALUES (48, 48, 1316348, '2020-03-27 09:29:51');
INSERT INTO `orders_autopart` (`order_id`, `autopart_id`, `count_autopart`, `created_at`) VALUES (48, 148, 842317743, '2019-11-15 09:44:32');
INSERT INTO `orders_autopart` (`order_id`, `autopart_id`, `count_autopart`, `created_at`) VALUES (49, 49, 9834, '2020-07-25 02:56:20');
INSERT INTO `orders_autopart` (`order_id`, `autopart_id`, `count_autopart`, `created_at`) VALUES (49, 149, 0, '2020-05-12 17:55:39');
INSERT INTO `orders_autopart` (`order_id`, `autopart_id`, `count_autopart`, `created_at`) VALUES (50, 50, 3651183, '2019-12-18 16:55:15');
INSERT INTO `orders_autopart` (`order_id`, `autopart_id`, `count_autopart`, `created_at`) VALUES (50, 150, 7621, '2020-07-10 17:35:04');
INSERT INTO `orders_autopart` (`order_id`, `autopart_id`, `count_autopart`, `created_at`) VALUES (51, 51, 830752, '2020-08-17 16:17:27');
INSERT INTO `orders_autopart` (`order_id`, `autopart_id`, `count_autopart`, `created_at`) VALUES (51, 151, 89171937, '2019-12-23 03:27:28');
INSERT INTO `orders_autopart` (`order_id`, `autopart_id`, `count_autopart`, `created_at`) VALUES (52, 52, 1630, '2019-12-03 20:52:18');
INSERT INTO `orders_autopart` (`order_id`, `autopart_id`, `count_autopart`, `created_at`) VALUES (52, 152, 550542, '2019-10-07 06:59:30');
INSERT INTO `orders_autopart` (`order_id`, `autopart_id`, `count_autopart`, `created_at`) VALUES (53, 53, 7, '2019-09-19 20:26:58');
INSERT INTO `orders_autopart` (`order_id`, `autopart_id`, `count_autopart`, `created_at`) VALUES (53, 153, 340863702, '2020-03-22 07:10:35');
INSERT INTO `orders_autopart` (`order_id`, `autopart_id`, `count_autopart`, `created_at`) VALUES (54, 54, 93, '2020-04-23 01:52:04');
INSERT INTO `orders_autopart` (`order_id`, `autopart_id`, `count_autopart`, `created_at`) VALUES (54, 154, 57445, '2020-02-20 13:44:46');
INSERT INTO `orders_autopart` (`order_id`, `autopart_id`, `count_autopart`, `created_at`) VALUES (55, 55, 0, '2019-10-13 09:16:33');
INSERT INTO `orders_autopart` (`order_id`, `autopart_id`, `count_autopart`, `created_at`) VALUES (55, 155, 7216, '2020-06-27 08:00:15');
INSERT INTO `orders_autopart` (`order_id`, `autopart_id`, `count_autopart`, `created_at`) VALUES (56, 56, 245614050, '2019-12-30 00:29:39');
INSERT INTO `orders_autopart` (`order_id`, `autopart_id`, `count_autopart`, `created_at`) VALUES (56, 156, 8905587, '2020-03-09 04:26:31');
INSERT INTO `orders_autopart` (`order_id`, `autopart_id`, `count_autopart`, `created_at`) VALUES (57, 57, 32, '2019-08-31 13:04:05');
INSERT INTO `orders_autopart` (`order_id`, `autopart_id`, `count_autopart`, `created_at`) VALUES (57, 157, 469578, '2020-01-29 16:03:43');
INSERT INTO `orders_autopart` (`order_id`, `autopart_id`, `count_autopart`, `created_at`) VALUES (58, 58, 1, '2020-08-29 12:13:36');
INSERT INTO `orders_autopart` (`order_id`, `autopart_id`, `count_autopart`, `created_at`) VALUES (58, 158, 525, '2019-09-04 19:49:38');
INSERT INTO `orders_autopart` (`order_id`, `autopart_id`, `count_autopart`, `created_at`) VALUES (59, 59, 42, '2019-10-11 08:51:48');
INSERT INTO `orders_autopart` (`order_id`, `autopart_id`, `count_autopart`, `created_at`) VALUES (59, 159, 90, '2020-06-29 02:15:49');
INSERT INTO `orders_autopart` (`order_id`, `autopart_id`, `count_autopart`, `created_at`) VALUES (60, 60, 55, '2019-11-08 16:53:20');
INSERT INTO `orders_autopart` (`order_id`, `autopart_id`, `count_autopart`, `created_at`) VALUES (60, 160, 37025, '2019-12-29 23:40:38');
INSERT INTO `orders_autopart` (`order_id`, `autopart_id`, `count_autopart`, `created_at`) VALUES (61, 61, 2641, '2019-12-30 18:18:01');
INSERT INTO `orders_autopart` (`order_id`, `autopart_id`, `count_autopart`, `created_at`) VALUES (61, 161, 69627178, '2020-03-26 06:46:19');
INSERT INTO `orders_autopart` (`order_id`, `autopart_id`, `count_autopart`, `created_at`) VALUES (62, 62, 7, '2020-05-27 08:33:53');
INSERT INTO `orders_autopart` (`order_id`, `autopart_id`, `count_autopart`, `created_at`) VALUES (62, 162, 236581, '2019-12-19 16:49:11');
INSERT INTO `orders_autopart` (`order_id`, `autopart_id`, `count_autopart`, `created_at`) VALUES (63, 63, 9, '2020-02-10 09:52:08');
INSERT INTO `orders_autopart` (`order_id`, `autopart_id`, `count_autopart`, `created_at`) VALUES (63, 163, 107, '2020-08-29 07:26:53');
INSERT INTO `orders_autopart` (`order_id`, `autopart_id`, `count_autopart`, `created_at`) VALUES (64, 64, 20003, '2019-11-12 20:55:45');
INSERT INTO `orders_autopart` (`order_id`, `autopart_id`, `count_autopart`, `created_at`) VALUES (64, 164, 4027171, '2020-06-25 12:44:02');
INSERT INTO `orders_autopart` (`order_id`, `autopart_id`, `count_autopart`, `created_at`) VALUES (65, 65, 58323, '2019-09-16 16:13:30');
INSERT INTO `orders_autopart` (`order_id`, `autopart_id`, `count_autopart`, `created_at`) VALUES (65, 165, 17122, '2020-04-19 10:01:44');
INSERT INTO `orders_autopart` (`order_id`, `autopart_id`, `count_autopart`, `created_at`) VALUES (66, 66, 67, '2020-07-03 09:42:17');
INSERT INTO `orders_autopart` (`order_id`, `autopart_id`, `count_autopart`, `created_at`) VALUES (66, 166, 76, '2020-03-25 21:58:36');
INSERT INTO `orders_autopart` (`order_id`, `autopart_id`, `count_autopart`, `created_at`) VALUES (67, 67, 0, '2020-06-02 07:28:36');
INSERT INTO `orders_autopart` (`order_id`, `autopart_id`, `count_autopart`, `created_at`) VALUES (67, 167, 8766, '2020-05-26 00:43:40');
INSERT INTO `orders_autopart` (`order_id`, `autopart_id`, `count_autopart`, `created_at`) VALUES (68, 68, 0, '2020-01-02 10:57:19');
INSERT INTO `orders_autopart` (`order_id`, `autopart_id`, `count_autopart`, `created_at`) VALUES (68, 168, 1, '2020-02-03 12:30:27');
INSERT INTO `orders_autopart` (`order_id`, `autopart_id`, `count_autopart`, `created_at`) VALUES (69, 69, 0, '2020-08-19 07:45:57');
INSERT INTO `orders_autopart` (`order_id`, `autopart_id`, `count_autopart`, `created_at`) VALUES (69, 169, 4003757, '2020-03-12 06:41:30');
INSERT INTO `orders_autopart` (`order_id`, `autopart_id`, `count_autopart`, `created_at`) VALUES (70, 70, 0, '2019-11-15 23:43:57');
INSERT INTO `orders_autopart` (`order_id`, `autopart_id`, `count_autopart`, `created_at`) VALUES (70, 170, 43641, '2020-02-15 05:29:46');
INSERT INTO `orders_autopart` (`order_id`, `autopart_id`, `count_autopart`, `created_at`) VALUES (71, 71, 5819125, '2020-03-29 14:15:02');
INSERT INTO `orders_autopart` (`order_id`, `autopart_id`, `count_autopart`, `created_at`) VALUES (71, 171, 4, '2020-05-27 14:40:26');
INSERT INTO `orders_autopart` (`order_id`, `autopart_id`, `count_autopart`, `created_at`) VALUES (72, 72, 572, '2020-02-09 03:48:14');
INSERT INTO `orders_autopart` (`order_id`, `autopart_id`, `count_autopart`, `created_at`) VALUES (72, 172, 0, '2020-04-20 06:56:00');
INSERT INTO `orders_autopart` (`order_id`, `autopart_id`, `count_autopart`, `created_at`) VALUES (73, 73, 43785, '2019-09-16 02:39:10');
INSERT INTO `orders_autopart` (`order_id`, `autopart_id`, `count_autopart`, `created_at`) VALUES (73, 173, 3, '2020-08-10 04:55:22');
INSERT INTO `orders_autopart` (`order_id`, `autopart_id`, `count_autopart`, `created_at`) VALUES (74, 74, 993141106, '2020-03-23 01:50:22');
INSERT INTO `orders_autopart` (`order_id`, `autopart_id`, `count_autopart`, `created_at`) VALUES (74, 174, 7, '2020-02-14 04:05:51');
INSERT INTO `orders_autopart` (`order_id`, `autopart_id`, `count_autopart`, `created_at`) VALUES (75, 75, 415063, '2019-11-30 16:20:36');
INSERT INTO `orders_autopart` (`order_id`, `autopart_id`, `count_autopart`, `created_at`) VALUES (75, 175, 0, '2020-08-25 03:42:10');
INSERT INTO `orders_autopart` (`order_id`, `autopart_id`, `count_autopart`, `created_at`) VALUES (76, 76, 6382, '2020-04-13 16:20:48');
INSERT INTO `orders_autopart` (`order_id`, `autopart_id`, `count_autopart`, `created_at`) VALUES (76, 176, 76, '2019-11-25 12:58:11');
INSERT INTO `orders_autopart` (`order_id`, `autopart_id`, `count_autopart`, `created_at`) VALUES (77, 77, 403921, '2020-02-03 23:00:40');
INSERT INTO `orders_autopart` (`order_id`, `autopart_id`, `count_autopart`, `created_at`) VALUES (77, 177, 2991299, '2020-03-01 14:33:31');
INSERT INTO `orders_autopart` (`order_id`, `autopart_id`, `count_autopart`, `created_at`) VALUES (78, 78, 15775065, '2020-05-01 19:11:28');
INSERT INTO `orders_autopart` (`order_id`, `autopart_id`, `count_autopart`, `created_at`) VALUES (78, 178, 4, '2020-03-14 15:37:31');
INSERT INTO `orders_autopart` (`order_id`, `autopart_id`, `count_autopart`, `created_at`) VALUES (79, 79, 837, '2020-07-30 12:17:32');
INSERT INTO `orders_autopart` (`order_id`, `autopart_id`, `count_autopart`, `created_at`) VALUES (79, 179, 136281687, '2020-02-24 15:07:42');
INSERT INTO `orders_autopart` (`order_id`, `autopart_id`, `count_autopart`, `created_at`) VALUES (80, 80, 46131650, '2020-06-27 05:20:37');
INSERT INTO `orders_autopart` (`order_id`, `autopart_id`, `count_autopart`, `created_at`) VALUES (80, 180, 51131, '2019-12-06 10:56:27');
INSERT INTO `orders_autopart` (`order_id`, `autopart_id`, `count_autopart`, `created_at`) VALUES (81, 81, 8, '2020-05-08 14:21:59');
INSERT INTO `orders_autopart` (`order_id`, `autopart_id`, `count_autopart`, `created_at`) VALUES (81, 181, 3901, '2020-02-22 08:06:57');
INSERT INTO `orders_autopart` (`order_id`, `autopart_id`, `count_autopart`, `created_at`) VALUES (82, 82, 0, '2019-10-16 07:57:20');
INSERT INTO `orders_autopart` (`order_id`, `autopart_id`, `count_autopart`, `created_at`) VALUES (82, 182, 775466312, '2020-06-16 14:29:24');
INSERT INTO `orders_autopart` (`order_id`, `autopart_id`, `count_autopart`, `created_at`) VALUES (83, 83, 698, '2020-02-18 00:48:46');
INSERT INTO `orders_autopart` (`order_id`, `autopart_id`, `count_autopart`, `created_at`) VALUES (83, 183, 77239197, '2020-05-03 21:17:58');
INSERT INTO `orders_autopart` (`order_id`, `autopart_id`, `count_autopart`, `created_at`) VALUES (84, 84, 447141897, '2019-12-15 20:03:42');
INSERT INTO `orders_autopart` (`order_id`, `autopart_id`, `count_autopart`, `created_at`) VALUES (84, 184, 69123, '2020-06-30 19:36:14');
INSERT INTO `orders_autopart` (`order_id`, `autopart_id`, `count_autopart`, `created_at`) VALUES (85, 85, 675, '2020-07-05 10:24:39');
INSERT INTO `orders_autopart` (`order_id`, `autopart_id`, `count_autopart`, `created_at`) VALUES (85, 185, 20330167, '2020-05-04 12:14:28');
INSERT INTO `orders_autopart` (`order_id`, `autopart_id`, `count_autopart`, `created_at`) VALUES (86, 86, 44616341, '2019-11-04 22:33:44');
INSERT INTO `orders_autopart` (`order_id`, `autopart_id`, `count_autopart`, `created_at`) VALUES (86, 186, 474792, '2020-04-10 07:48:32');
INSERT INTO `orders_autopart` (`order_id`, `autopart_id`, `count_autopart`, `created_at`) VALUES (87, 87, 92, '2020-01-14 04:37:38');
INSERT INTO `orders_autopart` (`order_id`, `autopart_id`, `count_autopart`, `created_at`) VALUES (87, 187, 0, '2019-10-11 08:53:28');
INSERT INTO `orders_autopart` (`order_id`, `autopart_id`, `count_autopart`, `created_at`) VALUES (88, 88, 693, '2019-11-04 17:18:58');
INSERT INTO `orders_autopart` (`order_id`, `autopart_id`, `count_autopart`, `created_at`) VALUES (88, 188, 7403, '2020-07-13 20:18:02');
INSERT INTO `orders_autopart` (`order_id`, `autopart_id`, `count_autopart`, `created_at`) VALUES (89, 89, 903554, '2020-02-02 06:01:57');
INSERT INTO `orders_autopart` (`order_id`, `autopart_id`, `count_autopart`, `created_at`) VALUES (89, 189, 305656888, '2019-11-25 18:15:24');
INSERT INTO `orders_autopart` (`order_id`, `autopart_id`, `count_autopart`, `created_at`) VALUES (90, 90, 597939, '2019-11-23 21:01:24');
INSERT INTO `orders_autopart` (`order_id`, `autopart_id`, `count_autopart`, `created_at`) VALUES (90, 190, 85, '2020-08-26 11:42:36');
INSERT INTO `orders_autopart` (`order_id`, `autopart_id`, `count_autopart`, `created_at`) VALUES (91, 91, 140438785, '2019-10-20 04:58:08');
INSERT INTO `orders_autopart` (`order_id`, `autopart_id`, `count_autopart`, `created_at`) VALUES (91, 191, 11020, '2019-12-10 11:23:56');
INSERT INTO `orders_autopart` (`order_id`, `autopart_id`, `count_autopart`, `created_at`) VALUES (92, 92, 8183, '2020-05-15 16:54:42');
INSERT INTO `orders_autopart` (`order_id`, `autopart_id`, `count_autopart`, `created_at`) VALUES (92, 192, 19154648, '2020-05-26 17:42:34');
INSERT INTO `orders_autopart` (`order_id`, `autopart_id`, `count_autopart`, `created_at`) VALUES (93, 93, 236, '2020-08-02 13:54:34');
INSERT INTO `orders_autopart` (`order_id`, `autopart_id`, `count_autopart`, `created_at`) VALUES (93, 193, 62403364, '2019-12-11 23:41:01');
INSERT INTO `orders_autopart` (`order_id`, `autopart_id`, `count_autopart`, `created_at`) VALUES (94, 94, 999062, '2020-06-05 17:36:18');
INSERT INTO `orders_autopart` (`order_id`, `autopart_id`, `count_autopart`, `created_at`) VALUES (94, 194, 50393, '2020-05-26 03:52:00');
INSERT INTO `orders_autopart` (`order_id`, `autopart_id`, `count_autopart`, `created_at`) VALUES (95, 95, 4, '2020-08-21 04:03:54');
INSERT INTO `orders_autopart` (`order_id`, `autopart_id`, `count_autopart`, `created_at`) VALUES (95, 195, 8438, '2020-03-18 06:23:32');
INSERT INTO `orders_autopart` (`order_id`, `autopart_id`, `count_autopart`, `created_at`) VALUES (96, 96, 28770, '2020-05-31 10:41:00');
INSERT INTO `orders_autopart` (`order_id`, `autopart_id`, `count_autopart`, `created_at`) VALUES (96, 196, 82329, '2020-08-07 22:25:34');
INSERT INTO `orders_autopart` (`order_id`, `autopart_id`, `count_autopart`, `created_at`) VALUES (97, 97, 645, '2020-03-07 18:30:28');
INSERT INTO `orders_autopart` (`order_id`, `autopart_id`, `count_autopart`, `created_at`) VALUES (97, 197, 353, '2020-04-02 13:19:41');
INSERT INTO `orders_autopart` (`order_id`, `autopart_id`, `count_autopart`, `created_at`) VALUES (98, 98, 0, '2020-02-23 01:31:50');
INSERT INTO `orders_autopart` (`order_id`, `autopart_id`, `count_autopart`, `created_at`) VALUES (98, 198, 400685, '2020-04-17 20:48:14');
INSERT INTO `orders_autopart` (`order_id`, `autopart_id`, `count_autopart`, `created_at`) VALUES (99, 99, 54, '2019-10-15 18:38:43');
INSERT INTO `orders_autopart` (`order_id`, `autopart_id`, `count_autopart`, `created_at`) VALUES (99, 199, 2, '2020-02-25 23:38:13');
INSERT INTO `orders_autopart` (`order_id`, `autopart_id`, `count_autopart`, `created_at`) VALUES (100, 100, 363, '2019-08-31 13:18:48');
INSERT INTO `orders_autopart` (`order_id`, `autopart_id`, `count_autopart`, `created_at`) VALUES (100, 200, 1, '2020-05-20 00:31:24');


#
# TABLE STRUCTURE FOR: provider
#

DROP TABLE IF EXISTS `provider`;

CREATE TABLE `provider` (
  `id` int(10) unsigned NOT NULL AUTO_INCREMENT COMMENT 'Идентификатор сроки',
  `provider` varchar(150) COLLATE utf8_unicode_ci NOT NULL COMMENT 'Название поставщика',
  `city` varchar(100) COLLATE utf8_unicode_ci NOT NULL COMMENT 'Город',
  `about_of` text COLLATE utf8_unicode_ci NOT NULL COMMENT 'Информация о поставщике',
  `website` varchar(100) COLLATE utf8_unicode_ci NOT NULL COMMENT 'Вебсайт поставщика',
  `created_at` datetime DEFAULT current_timestamp() COMMENT 'Время создания строки',
  `updated_at` datetime DEFAULT current_timestamp() ON UPDATE current_timestamp() COMMENT 'Время обновления строки',
  PRIMARY KEY (`id`)
) ENGINE=InnoDB AUTO_INCREMENT=6 DEFAULT CHARSET=utf8 COLLATE=utf8_unicode_ci COMMENT='Поставщики';

INSERT INTO `provider` (`id`, `provider`, `city`, `about_of`, `website`, `created_at`, `updated_at`) VALUES (1, 'Sporer Group', 'Terrytown', 'Sint aut fugit qui necessitatibus maxime nam. Maxime qui quidem accusantium impedit. Accusantium et consequuntur inventore nam quo ipsum non. Rerum iure mollitia quasi voluptatibus et eius debitis.', 'http://jaskolski.net/', '2020-02-26 17:54:59', '2019-11-22 19:04:37');
INSERT INTO `provider` (`id`, `provider`, `city`, `about_of`, `website`, `created_at`, `updated_at`) VALUES (2, 'Pacocha, Jenkins and Casper', 'Alizeland', 'Alias veniam aspernatur reiciendis nihil. Mollitia numquam aut et. Qui odio qui vitae. Aperiam ea ut placeat nihil perspiciatis.', 'http://www.daugherty.com/', '2020-02-08 06:18:14', '2020-08-08 18:03:33');
INSERT INTO `provider` (`id`, `provider`, `city`, `about_of`, `website`, `created_at`, `updated_at`) VALUES (3, 'Runolfsdottir Inc', 'North Tessmouth', 'Voluptatum dolores quo omnis qui dolore. Ullam sequi iste minima accusamus. Ut rerum aut omnis ea sed consectetur. Itaque est est et sunt.', 'http://www.hane.biz/', '2019-12-18 12:38:48', '2019-09-22 14:08:07');
INSERT INTO `provider` (`id`, `provider`, `city`, `about_of`, `website`, `created_at`, `updated_at`) VALUES (4, 'Jacobson-Prosacco', 'Yostborough', 'Tenetur eum provident voluptatum rerum laudantium quidem. Est totam vitae fugiat. Eum quod mollitia et deserunt.', 'http://welchfeil.com/', '2020-07-04 09:34:25', '2020-06-09 15:52:08');
INSERT INTO `provider` (`id`, `provider`, `city`, `about_of`, `website`, `created_at`, `updated_at`) VALUES (5, 'Zulauf, Morar and Hartmann', 'Borerton', 'Enim ratione aliquam fugit error ipsum sapiente ut. Aut perferendis quod quo ea facere in et. Id dolor illo non. Sed facere doloremque nisi quis hic est porro est.', 'http://oreilly.org/', '2020-07-13 08:37:17', '2020-05-08 15:38:01');


